sector_name,dataset_id,row_id,dataset_name,publisher,dataset_type,information_requirements_satisfied,related_gpc_sector,geographic_coverage,geographic_granularity,granularity_class,temporal_coverage,update_frequency,data_format,open_restricted,license,api_available,download_url,documentation_url,short_description,limitations,confidence_level,authoritative_tier
Residential buildings,AUS-001,AUS-001-I.1,Australia's National Greenhouse Accounts / National Inventory Report (NIR),"Department of Climate Change, Energy, the Environment and Water (DCCEEW)",Emissions,National GHG by IPCC sector/gas; methods and factors; quarterly updates; economic-sector inventory,I.1,Australia,National,national,1990–2023/24 (NGA 2024 cycle); quarterly updates,Annual NIR + quarterly updates,Interactive web / tables / PDF NIR,Open,Creative Commons (as stated on ANGA / DCCEEW),No,https://greenhouseaccounts.climatechange.gov.au/,https://www.dcceew.gov.au/climate-change/emissions-reporting/tracking-reporting-emissions,Official UNFCCC NIR and National Greenhouse Accounts portal (successor to AGEIS).,"Not LGA/city boundary; use state inventories, Snapshot, or local activity data for cities.",High,Primary official
Residential buildings,AUS-002,AUS-002-I.1,State and Territory Greenhouse Gas Inventories,DCCEEW,Emissions,State/territory disaggregation of the national inventory by sector,I.1,Australia,State / territory,state_or_province,Aligned with National Greenhouse Accounts annual series,Annual,Tables / ANGA portal / PDF,Open,Creative Commons (as stated),No,https://greenhouseaccounts.climatechange.gov.au/,https://www.dcceew.gov.au/climate-change/emissions-reporting/tracking-reporting-emissions,Official state/territory GHG inventories — primary subnational official emissions layer.,Not municipal; city inventories need further downscaling or local data.,High,Primary official
Residential buildings,AUS-004,AUS-004-I.1,National Greenhouse Accounts Factors,DCCEEW,Hybrid,"Emission factors for fuels, electricity (state), waste, refrigerants and related activity-to-emissions conversion",I.1,Australia,National; state electricity factors,state_or_province,Annual workbook editions,Annual,PDF / workbook,Open,Creative Commons (as stated),No,https://www.dcceew.gov.au/climate-change/publications/national-greenhouse-accounts-factors,https://www.dcceew.gov.au/climate-change/emissions-reporting/tracking-reporting-emissions,Standard Australian emission factors widely used in city and organisational inventories.,Not activity data; electricity factors are state/grid averages.,High,Primary official
Residential buildings,AUS-005,AUS-005-I.1,Australian Energy Statistics / Australian Energy Update,DCCEEW (energy.gov.au),Activity,"Energy supply/demand by fuel, industry and state/territory; electricity generation and gas consumption",I.1,Australia,National; state/territory,state_or_province,Long FY series (latest AES includes 2023–24),Annual,XLSX tables / PDF,Open,Creative Commons (as stated),No,https://www.energy.gov.au/energy-data/australian-energy-statistics,https://www.energy.gov.au/publications/australian-energy-update-2025,Authoritative Australian energy balance and state fuel/industry consumption tables.,Not LGA meter extracts; city inventories need DNSP/retailer or modelled LGA products.,High,Primary official
Residential buildings,AUS-006,AUS-006-I.1,"Energy Account, Australia (ABS)",Australian Bureau of Statistics (ABS),Hybrid,Physical energy supply/use by industry and households; monetary energy accounts,I.1,Australia,National; industry,national,Annual FY series (latest 2023–24),Annual,Tables / CSV / data explorer,Open,Creative Commons Attribution 4.0,Yes (ABS API),https://www.abs.gov.au/statistics/industry/energy/energy-account-australia/latest-release,https://www.abs.gov.au/statistics/industry/energy/energy-account-australia/latest-release,Official SEEA-style energy accounts complementary to AES and the NIR.,Not GPC city inventory; industry classification differs from IPCC/GPC.,High,Primary official
Residential buildings,AUS-015,AUS-015-I.1,Snapshot Climate — municipal community GHG profiles,Ironbark Sustainability / Beyond Zero Emissions (Snapshot),Emissions,"GPC BASIC+ style municipality emissions profiles for all Australian LGAs (stationary, transport, waste, IPPU, AFOLU, fugitives)",I.1,Australia,Local government area; federal electorate; state,other_or_mixed,Annual profiles (multi-year series on portal),Annual,Web profiles / downloadable reports,Open (free profiles),As stated by Snapshot,No,https://snapshotclimate.com.au/,https://snapshotclimate.com.au/user-guide/,Nationwide LGA GHG profiles (GPC-oriented) filling the absence of an official LA inventory like UK DESNZ.,Hybrid Tier1/Tier2 modelled product — not a government National Statistic; calibrate to NIR/NGER/local utility data.,Medium,NGO / compiled municipal product
Residential buildings,AUS-016,AUS-016-I.1,City of Melbourne Municipal Greenhouse Gas Emissions (open data),City of Melbourne,Emissions,"GPC municipal inventory open dataset for Melbourne (stationary energy, transport, waste scopes)",I.1,City of Melbourne LGA,City / LGA,city_or_municipality,2013–2020 open series (ongoing CDP/GCoM reporting),Periodic open releases / annual reporting,CSV / XLS / JSON,Open,As stated on Data Vic / Melbourne open data,Partial,https://discover.data.vic.gov.au/dataset/city-of-melbourne-municipal-greenhouse-gas-emissions-2013-2020,https://www.melbourne.vic.gov.au/,Example open GPC city inventory dataset for a major Australian city.,Single-city; other capitals often publish PDFs/CDP without full open tables.,High,City official
Residential buildings,AUS-018,AUS-018-I.1,DNSP / gas distributor open LGA energy consumption extracts (selected networks),Distribution networks (e.g. Jemena and other DNSPs/gas distributors) + state open data portals,Activity,Electricity/gas consumption by LGA or zone where networks publish open extracts — residential/commercial proxies,I.1,Selected network territories (coverage incomplete nationally),LGA / zone substation / postcode (varies),neighborhood_or_small_area,Network-dependent series,Varies,CSV / dashboards / PDF,Partial Open,Varies by network,Partial,https://near.csiro.au/,https://www.aemo.com.au/,Network-level open consumption products (patchy) — best local activity layer when available.,Not nationally standardised; many LGAs require data requests; privacy aggregation rules apply.,Medium,Utility / network
Residential buildings,AUS-021,AUS-021-I.1,Household energy surveys / ABS household consumption modules,Australian Bureau of Statistics,Activity,Household energy use patterns and expenditures — residential supporting & Scope 3 proxies,I.1,Australia,National/state (sample surveys),state_or_province,Periodic survey cycles,Periodic,Tables / microdata (access varies),Open (aggregates),Creative Commons Attribution 4.0,Partial,https://www.abs.gov.au/statistics/industry/energy,https://www.abs.gov.au/,Household survey products supporting residential energy characterisation.,Not billed utility meters; sample-based.,High,Primary official
Residential buildings,AUS-022,AUS-022-I.1,EDGAR GHG gridded & cities emissions,European Commission JRC,Emissions,Modeled sectoral GHG grids and city products for cross-check,I.1,Global including Australia,0.1° / 1 km city products,modeled_grid,1970–2024,Periodic,NetCDF/CSV,Open,As stated by JRC,No,https://edgar.jrc.ec.europa.eu/emissions_data_and_maps,https://edgar.jrc.ec.europa.eu/,Modeled gap-fill/cross-check versus NGA/NGER/Snapshot/city inventories.,Prefer official Australian sources when available.,High,International modeled
Commercial & institutional buildings,AUS-001,AUS-001-I.2,Australia's National Greenhouse Accounts / National Inventory Report (NIR),"Department of Climate Change, Energy, the Environment and Water (DCCEEW)",Emissions,National GHG by IPCC sector/gas; methods and factors; quarterly updates; economic-sector inventory,I.2,Australia,National,national,1990–2023/24 (NGA 2024 cycle); quarterly updates,Annual NIR + quarterly updates,Interactive web / tables / PDF NIR,Open,Creative Commons (as stated on ANGA / DCCEEW),No,https://greenhouseaccounts.climatechange.gov.au/,https://www.dcceew.gov.au/climate-change/emissions-reporting/tracking-reporting-emissions,Official UNFCCC NIR and National Greenhouse Accounts portal (successor to AGEIS).,"Not LGA/city boundary; use state inventories, Snapshot, or local activity data for cities.",High,Primary official
Commercial & institutional buildings,AUS-002,AUS-002-I.2,State and Territory Greenhouse Gas Inventories,DCCEEW,Emissions,State/territory disaggregation of the national inventory by sector,I.2,Australia,State / territory,state_or_province,Aligned with National Greenhouse Accounts annual series,Annual,Tables / ANGA portal / PDF,Open,Creative Commons (as stated),No,https://greenhouseaccounts.climatechange.gov.au/,https://www.dcceew.gov.au/climate-change/emissions-reporting/tracking-reporting-emissions,Official state/territory GHG inventories — primary subnational official emissions layer.,Not municipal; city inventories need further downscaling or local data.,High,Primary official
Commercial & institutional buildings,AUS-004,AUS-004-I.2,National Greenhouse Accounts Factors,DCCEEW,Hybrid,"Emission factors for fuels, electricity (state), waste, refrigerants and related activity-to-emissions conversion",I.2,Australia,National; state electricity factors,state_or_province,Annual workbook editions,Annual,PDF / workbook,Open,Creative Commons (as stated),No,https://www.dcceew.gov.au/climate-change/publications/national-greenhouse-accounts-factors,https://www.dcceew.gov.au/climate-change/emissions-reporting/tracking-reporting-emissions,Standard Australian emission factors widely used in city and organisational inventories.,Not activity data; electricity factors are state/grid averages.,High,Primary official
Commercial & institutional buildings,AUS-005,AUS-005-I.2,Australian Energy Statistics / Australian Energy Update,DCCEEW (energy.gov.au),Activity,"Energy supply/demand by fuel, industry and state/territory; electricity generation and gas consumption",I.2,Australia,National; state/territory,state_or_province,Long FY series (latest AES includes 2023–24),Annual,XLSX tables / PDF,Open,Creative Commons (as stated),No,https://www.energy.gov.au/energy-data/australian-energy-statistics,https://www.energy.gov.au/publications/australian-energy-update-2025,Authoritative Australian energy balance and state fuel/industry consumption tables.,Not LGA meter extracts; city inventories need DNSP/retailer or modelled LGA products.,High,Primary official
Commercial & institutional buildings,AUS-006,AUS-006-I.2,"Energy Account, Australia (ABS)",Australian Bureau of Statistics (ABS),Hybrid,Physical energy supply/use by industry and households; monetary energy accounts,I.2,Australia,National; industry,national,Annual FY series (latest 2023–24),Annual,Tables / CSV / data explorer,Open,Creative Commons Attribution 4.0,Yes (ABS API),https://www.abs.gov.au/statistics/industry/energy/energy-account-australia/latest-release,https://www.abs.gov.au/statistics/industry/energy/energy-account-australia/latest-release,Official SEEA-style energy accounts complementary to AES and the NIR.,Not GPC city inventory; industry classification differs from IPCC/GPC.,High,Primary official
Commercial & institutional buildings,AUS-015,AUS-015-I.2,Snapshot Climate — municipal community GHG profiles,Ironbark Sustainability / Beyond Zero Emissions (Snapshot),Emissions,"GPC BASIC+ style municipality emissions profiles for all Australian LGAs (stationary, transport, waste, IPPU, AFOLU, fugitives)",I.2,Australia,Local government area; federal electorate; state,other_or_mixed,Annual profiles (multi-year series on portal),Annual,Web profiles / downloadable reports,Open (free profiles),As stated by Snapshot,No,https://snapshotclimate.com.au/,https://snapshotclimate.com.au/user-guide/,Nationwide LGA GHG profiles (GPC-oriented) filling the absence of an official LA inventory like UK DESNZ.,Hybrid Tier1/Tier2 modelled product — not a government National Statistic; calibrate to NIR/NGER/local utility data.,Medium,NGO / compiled municipal product
Commercial & institutional buildings,AUS-016,AUS-016-I.2,City of Melbourne Municipal Greenhouse Gas Emissions (open data),City of Melbourne,Emissions,"GPC municipal inventory open dataset for Melbourne (stationary energy, transport, waste scopes)",I.2,City of Melbourne LGA,City / LGA,city_or_municipality,2013–2020 open series (ongoing CDP/GCoM reporting),Periodic open releases / annual reporting,CSV / XLS / JSON,Open,As stated on Data Vic / Melbourne open data,Partial,https://discover.data.vic.gov.au/dataset/city-of-melbourne-municipal-greenhouse-gas-emissions-2013-2020,https://www.melbourne.vic.gov.au/,Example open GPC city inventory dataset for a major Australian city.,Single-city; other capitals often publish PDFs/CDP without full open tables.,High,City official
Commercial & institutional buildings,AUS-018,AUS-018-I.2,DNSP / gas distributor open LGA energy consumption extracts (selected networks),Distribution networks (e.g. Jemena and other DNSPs/gas distributors) + state open data portals,Activity,Electricity/gas consumption by LGA or zone where networks publish open extracts — residential/commercial proxies,I.2,Selected network territories (coverage incomplete nationally),LGA / zone substation / postcode (varies),neighborhood_or_small_area,Network-dependent series,Varies,CSV / dashboards / PDF,Partial Open,Varies by network,Partial,https://near.csiro.au/,https://www.aemo.com.au/,Network-level open consumption products (patchy) — best local activity layer when available.,Not nationally standardised; many LGAs require data requests; privacy aggregation rules apply.,Medium,Utility / network
Commercial & institutional buildings,AUS-022,AUS-022-I.2,EDGAR GHG gridded & cities emissions,European Commission JRC,Emissions,Modeled sectoral GHG grids and city products for cross-check,I.2,Global including Australia,0.1° / 1 km city products,modeled_grid,1970–2024,Periodic,NetCDF/CSV,Open,As stated by JRC,No,https://edgar.jrc.ec.europa.eu/emissions_data_and_maps,https://edgar.jrc.ec.europa.eu/,Modeled gap-fill/cross-check versus NGA/NGER/Snapshot/city inventories.,Prefer official Australian sources when available.,High,International modeled
Manufacturing industries & construction,AUS-001,AUS-001-I.3,Australia's National Greenhouse Accounts / National Inventory Report (NIR),"Department of Climate Change, Energy, the Environment and Water (DCCEEW)",Emissions,National GHG by IPCC sector/gas; methods and factors; quarterly updates; economic-sector inventory,I.3,Australia,National,national,1990–2023/24 (NGA 2024 cycle); quarterly updates,Annual NIR + quarterly updates,Interactive web / tables / PDF NIR,Open,Creative Commons (as stated on ANGA / DCCEEW),No,https://greenhouseaccounts.climatechange.gov.au/,https://www.dcceew.gov.au/climate-change/emissions-reporting/tracking-reporting-emissions,Official UNFCCC NIR and National Greenhouse Accounts portal (successor to AGEIS).,"Not LGA/city boundary; use state inventories, Snapshot, or local activity data for cities.",High,Primary official
Manufacturing industries & construction,AUS-002,AUS-002-I.3,State and Territory Greenhouse Gas Inventories,DCCEEW,Emissions,State/territory disaggregation of the national inventory by sector,I.3,Australia,State / territory,state_or_province,Aligned with National Greenhouse Accounts annual series,Annual,Tables / ANGA portal / PDF,Open,Creative Commons (as stated),No,https://greenhouseaccounts.climatechange.gov.au/,https://www.dcceew.gov.au/climate-change/emissions-reporting/tracking-reporting-emissions,Official state/territory GHG inventories — primary subnational official emissions layer.,Not municipal; city inventories need further downscaling or local data.,High,Primary official
Manufacturing industries & construction,AUS-003,AUS-003-I.3,National Greenhouse and Energy Reporting (NGER) — corporate & electricity facility data,Clean Energy Regulator (CER),Hybrid,Published Scope 1/2 emissions and energy for corporations above threshold; designated generation facility emissions/generation,I.3,Australia (reporting entities),Corporation; electricity generation facility (state/grid fields),facility_or_asset,Annual FY series (latest published 2024–25 extracts),Annual (by ~28 Feb),XLSX / CSV,Open (above publication threshold),As stated by CER,No,https://cer.gov.au/markets/reports-and-data/nger-reporting-data-and-registers,https://cer.gov.au/schemes/national-greenhouse-and-energy-reporting-scheme,Mandatory NGER publications — key facility/corporate layer for Australian city inventories.,Publication thresholds; corporate totals not always facility-geocoded except electricity generators; Safeguard facilities related but separate.,High,Primary official
Manufacturing industries & construction,AUS-004,AUS-004-I.3,National Greenhouse Accounts Factors,DCCEEW,Hybrid,"Emission factors for fuels, electricity (state), waste, refrigerants and related activity-to-emissions conversion",I.3,Australia,National; state electricity factors,state_or_province,Annual workbook editions,Annual,PDF / workbook,Open,Creative Commons (as stated),No,https://www.dcceew.gov.au/climate-change/publications/national-greenhouse-accounts-factors,https://www.dcceew.gov.au/climate-change/emissions-reporting/tracking-reporting-emissions,Standard Australian emission factors widely used in city and organisational inventories.,Not activity data; electricity factors are state/grid averages.,High,Primary official
Manufacturing industries & construction,AUS-005,AUS-005-I.3,Australian Energy Statistics / Australian Energy Update,DCCEEW (energy.gov.au),Activity,"Energy supply/demand by fuel, industry and state/territory; electricity generation and gas consumption",I.3,Australia,National; state/territory,state_or_province,Long FY series (latest AES includes 2023–24),Annual,XLSX tables / PDF,Open,Creative Commons (as stated),No,https://www.energy.gov.au/energy-data/australian-energy-statistics,https://www.energy.gov.au/publications/australian-energy-update-2025,Authoritative Australian energy balance and state fuel/industry consumption tables.,Not LGA meter extracts; city inventories need DNSP/retailer or modelled LGA products.,High,Primary official
Manufacturing industries & construction,AUS-006,AUS-006-I.3,"Energy Account, Australia (ABS)",Australian Bureau of Statistics (ABS),Hybrid,Physical energy supply/use by industry and households; monetary energy accounts,I.3,Australia,National; industry,national,Annual FY series (latest 2023–24),Annual,Tables / CSV / data explorer,Open,Creative Commons Attribution 4.0,Yes (ABS API),https://www.abs.gov.au/statistics/industry/energy/energy-account-australia/latest-release,https://www.abs.gov.au/statistics/industry/energy/energy-account-australia/latest-release,Official SEEA-style energy accounts complementary to AES and the NIR.,Not GPC city inventory; industry classification differs from IPCC/GPC.,High,Primary official
Manufacturing industries & construction,AUS-014,AUS-014-I.3,National Pollutant Inventory (NPI),DCCEEW,Hybrid,Facility pollutant releases/transfers — industrial process & combustion screening (not GHG-complete),I.3,Australia,Facility; LGA/postcode search tools,neighborhood_or_small_area,From ~1998; annual (latest 2024–25 cycle),Annual,CSV / XLSX / web database,Open,Creative Commons Attribution 4.0,Partial,https://data.gov.au/data/dataset/043f58e0-a188-4458-b61c-04e5b540aea4,https://www.dcceew.gov.au/environment/protection/npi/data,Facility environmental releases useful to locate industrial sources alongside NGER.,Explicitly not a GHG inventory (no CO2/CH4 as GHGs); substance list ≠ GPC gases.,High,Primary official
Manufacturing industries & construction,AUS-015,AUS-015-I.3,Snapshot Climate — municipal community GHG profiles,Ironbark Sustainability / Beyond Zero Emissions (Snapshot),Emissions,"GPC BASIC+ style municipality emissions profiles for all Australian LGAs (stationary, transport, waste, IPPU, AFOLU, fugitives)",I.3,Australia,Local government area; federal electorate; state,other_or_mixed,Annual profiles (multi-year series on portal),Annual,Web profiles / downloadable reports,Open (free profiles),As stated by Snapshot,No,https://snapshotclimate.com.au/,https://snapshotclimate.com.au/user-guide/,Nationwide LGA GHG profiles (GPC-oriented) filling the absence of an official LA inventory like UK DESNZ.,Hybrid Tier1/Tier2 modelled product — not a government National Statistic; calibrate to NIR/NGER/local utility data.,Medium,NGO / compiled municipal product
Manufacturing industries & construction,AUS-016,AUS-016-I.3,City of Melbourne Municipal Greenhouse Gas Emissions (open data),City of Melbourne,Emissions,"GPC municipal inventory open dataset for Melbourne (stationary energy, transport, waste scopes)",I.3,City of Melbourne LGA,City / LGA,city_or_municipality,2013–2020 open series (ongoing CDP/GCoM reporting),Periodic open releases / annual reporting,CSV / XLS / JSON,Open,As stated on Data Vic / Melbourne open data,Partial,https://discover.data.vic.gov.au/dataset/city-of-melbourne-municipal-greenhouse-gas-emissions-2013-2020,https://www.melbourne.vic.gov.au/,Example open GPC city inventory dataset for a major Australian city.,Single-city; other capitals often publish PDFs/CDP without full open tables.,High,City official
Manufacturing industries & construction,AUS-017,AUS-017-I.3,Safeguard Mechanism facility emissions (CER),Clean Energy Regulator,Emissions,Large facility covered emissions under Safeguard — industrial/energy point sources,I.3,Australia (covered facilities),Facility,facility_or_asset,Annual Safeguard reporting years,Annual,Tables / register extracts,Open (published register elements),As stated by CER,No,https://cer.gov.au/schemes/safeguard-mechanism,https://cer.gov.au/schemes/safeguard-mechanism,"Large-emitter facility emissions under Safeguard, complementary to NGER publications.",Covers high emitters only; not community Scope 2 accounting.,High,Primary official
Manufacturing industries & construction,AUS-018,AUS-018-I.3,DNSP / gas distributor open LGA energy consumption extracts (selected networks),Distribution networks (e.g. Jemena and other DNSPs/gas distributors) + state open data portals,Activity,Electricity/gas consumption by LGA or zone where networks publish open extracts — residential/commercial proxies,I.3,Selected network territories (coverage incomplete nationally),LGA / zone substation / postcode (varies),neighborhood_or_small_area,Network-dependent series,Varies,CSV / dashboards / PDF,Partial Open,Varies by network,Partial,https://near.csiro.au/,https://www.aemo.com.au/,Network-level open consumption products (patchy) — best local activity layer when available.,Not nationally standardised; many LGAs require data requests; privacy aggregation rules apply.,Medium,Utility / network
Manufacturing industries & construction,AUS-022,AUS-022-I.3,EDGAR GHG gridded & cities emissions,European Commission JRC,Emissions,Modeled sectoral GHG grids and city products for cross-check,I.3,Global including Australia,0.1° / 1 km city products,modeled_grid,1970–2024,Periodic,NetCDF/CSV,Open,As stated by JRC,No,https://edgar.jrc.ec.europa.eu/emissions_data_and_maps,https://edgar.jrc.ec.europa.eu/,Modeled gap-fill/cross-check versus NGA/NGER/Snapshot/city inventories.,Prefer official Australian sources when available.,High,International modeled
Manufacturing industries & construction,AUS-023,AUS-023-I.3,Climate TRACE inventory,Climate TRACE,Emissions,Asset and urban-area emissions estimates,I.3,Global including Australia,Asset / urban area,modeled_grid,Monthly recent years,Periodic,CSV/API,Open,As stated by Climate TRACE,Yes,https://climatetrace.org/,https://climatetrace.org/,Asset/urban emissions complementary to NGER for gap-fill.,Not official; calibrate to NIR/NGER.,Medium,International modeled
Energy industries,AUS-001,AUS-001-I.4,Australia's National Greenhouse Accounts / National Inventory Report (NIR),"Department of Climate Change, Energy, the Environment and Water (DCCEEW)",Emissions,National GHG by IPCC sector/gas; methods and factors; quarterly updates; economic-sector inventory,I.4,Australia,National,national,1990–2023/24 (NGA 2024 cycle); quarterly updates,Annual NIR + quarterly updates,Interactive web / tables / PDF NIR,Open,Creative Commons (as stated on ANGA / DCCEEW),No,https://greenhouseaccounts.climatechange.gov.au/,https://www.dcceew.gov.au/climate-change/emissions-reporting/tracking-reporting-emissions,Official UNFCCC NIR and National Greenhouse Accounts portal (successor to AGEIS).,"Not LGA/city boundary; use state inventories, Snapshot, or local activity data for cities.",High,Primary official
Energy industries,AUS-002,AUS-002-I.4,State and Territory Greenhouse Gas Inventories,DCCEEW,Emissions,State/territory disaggregation of the national inventory by sector,I.4,Australia,State / territory,state_or_province,Aligned with National Greenhouse Accounts annual series,Annual,Tables / ANGA portal / PDF,Open,Creative Commons (as stated),No,https://greenhouseaccounts.climatechange.gov.au/,https://www.dcceew.gov.au/climate-change/emissions-reporting/tracking-reporting-emissions,Official state/territory GHG inventories — primary subnational official emissions layer.,Not municipal; city inventories need further downscaling or local data.,High,Primary official
Energy industries,AUS-003,AUS-003-I.4,National Greenhouse and Energy Reporting (NGER) — corporate & electricity facility data,Clean Energy Regulator (CER),Hybrid,Published Scope 1/2 emissions and energy for corporations above threshold; designated generation facility emissions/generation,I.4,Australia (reporting entities),Corporation; electricity generation facility (state/grid fields),facility_or_asset,Annual FY series (latest published 2024–25 extracts),Annual (by ~28 Feb),XLSX / CSV,Open (above publication threshold),As stated by CER,No,https://cer.gov.au/markets/reports-and-data/nger-reporting-data-and-registers,https://cer.gov.au/schemes/national-greenhouse-and-energy-reporting-scheme,Mandatory NGER publications — key facility/corporate layer for Australian city inventories.,Publication thresholds; corporate totals not always facility-geocoded except electricity generators; Safeguard facilities related but separate.,High,Primary official
Energy industries,AUS-004,AUS-004-I.4,National Greenhouse Accounts Factors,DCCEEW,Hybrid,"Emission factors for fuels, electricity (state), waste, refrigerants and related activity-to-emissions conversion",I.4,Australia,National; state electricity factors,state_or_province,Annual workbook editions,Annual,PDF / workbook,Open,Creative Commons (as stated),No,https://www.dcceew.gov.au/climate-change/publications/national-greenhouse-accounts-factors,https://www.dcceew.gov.au/climate-change/emissions-reporting/tracking-reporting-emissions,Standard Australian emission factors widely used in city and organisational inventories.,Not activity data; electricity factors are state/grid averages.,High,Primary official
Energy industries,AUS-005,AUS-005-I.4,Australian Energy Statistics / Australian Energy Update,DCCEEW (energy.gov.au),Activity,"Energy supply/demand by fuel, industry and state/territory; electricity generation and gas consumption",I.4,Australia,National; state/territory,state_or_province,Long FY series (latest AES includes 2023–24),Annual,XLSX tables / PDF,Open,Creative Commons (as stated),No,https://www.energy.gov.au/energy-data/australian-energy-statistics,https://www.energy.gov.au/publications/australian-energy-update-2025,Authoritative Australian energy balance and state fuel/industry consumption tables.,Not LGA meter extracts; city inventories need DNSP/retailer or modelled LGA products.,High,Primary official
Energy industries,AUS-006,AUS-006-I.4,"Energy Account, Australia (ABS)",Australian Bureau of Statistics (ABS),Hybrid,Physical energy supply/use by industry and households; monetary energy accounts,I.4,Australia,National; industry,national,Annual FY series (latest 2023–24),Annual,Tables / CSV / data explorer,Open,Creative Commons Attribution 4.0,Yes (ABS API),https://www.abs.gov.au/statistics/industry/energy/energy-account-australia/latest-release,https://www.abs.gov.au/statistics/industry/energy/energy-account-australia/latest-release,Official SEEA-style energy accounts complementary to AES and the NIR.,Not GPC city inventory; industry classification differs from IPCC/GPC.,High,Primary official
Energy industries,AUS-007,AUS-007-I.4,"AEMO NEM / electricity market data (generation, demand, carbon intensity products)",Australian Energy Market Operator (AEMO),Hybrid,"NEM generation mix, demand and related intensity for electricity Scope 2 and energy industries",I.4,National Electricity Market (eastern/southern states); WEM separate for WA,Region / market; facility-level open data products vary,facility_or_asset,Near real-time + historic,Continuous / periodic publications,API / CSV / dashboards,Open (selected products),As stated by AEMO,Yes,https://www.aemo.com.au/energy-systems/electricity/national-electricity-market-nem/data-nem,https://www.aemo.com.au/,Operational electricity market data for NEM Scope 2 factors and I.4 context.,WA/NT markets separate; not a substitute for AES annual balances.,High,Primary official / system operator
Energy industries,AUS-015,AUS-015-I.4,Snapshot Climate — municipal community GHG profiles,Ironbark Sustainability / Beyond Zero Emissions (Snapshot),Emissions,"GPC BASIC+ style municipality emissions profiles for all Australian LGAs (stationary, transport, waste, IPPU, AFOLU, fugitives)",I.4,Australia,Local government area; federal electorate; state,other_or_mixed,Annual profiles (multi-year series on portal),Annual,Web profiles / downloadable reports,Open (free profiles),As stated by Snapshot,No,https://snapshotclimate.com.au/,https://snapshotclimate.com.au/user-guide/,Nationwide LGA GHG profiles (GPC-oriented) filling the absence of an official LA inventory like UK DESNZ.,Hybrid Tier1/Tier2 modelled product — not a government National Statistic; calibrate to NIR/NGER/local utility data.,Medium,NGO / compiled municipal product
Energy industries,AUS-016,AUS-016-I.4,City of Melbourne Municipal Greenhouse Gas Emissions (open data),City of Melbourne,Emissions,"GPC municipal inventory open dataset for Melbourne (stationary energy, transport, waste scopes)",I.4,City of Melbourne LGA,City / LGA,city_or_municipality,2013–2020 open series (ongoing CDP/GCoM reporting),Periodic open releases / annual reporting,CSV / XLS / JSON,Open,As stated on Data Vic / Melbourne open data,Partial,https://discover.data.vic.gov.au/dataset/city-of-melbourne-municipal-greenhouse-gas-emissions-2013-2020,https://www.melbourne.vic.gov.au/,Example open GPC city inventory dataset for a major Australian city.,Single-city; other capitals often publish PDFs/CDP without full open tables.,High,City official
Energy industries,AUS-017,AUS-017-I.4,Safeguard Mechanism facility emissions (CER),Clean Energy Regulator,Emissions,Large facility covered emissions under Safeguard — industrial/energy point sources,I.4,Australia (covered facilities),Facility,facility_or_asset,Annual Safeguard reporting years,Annual,Tables / register extracts,Open (published register elements),As stated by CER,No,https://cer.gov.au/schemes/safeguard-mechanism,https://cer.gov.au/schemes/safeguard-mechanism,"Large-emitter facility emissions under Safeguard, complementary to NGER publications.",Covers high emitters only; not community Scope 2 accounting.,High,Primary official
Energy industries,AUS-020,AUS-020-I.4,Australian Petroleum Statistics / upstream oil & gas production data,DCCEEW / geoscience & resources statistics,Activity,Petroleum/gas production and related energy statistics supporting fugitive and energy-industry estimation,I.4,Australia,National; state/basin products vary,state_or_province,Long monthly/annual series,Monthly / annual,Tables / Excel,Open,As stated,No,https://www.energy.gov.au/energy-data/australian-petroleum-statistics,https://www.energy.gov.au/energy-data/australian-energy-statistics,Official petroleum statistics supporting oil/gas fugitive and energy industry inventories.,City relevance mainly near terminals/refineries/LNG; pair with NGER/Safeguard for facility GHGs.,High,Primary official
Energy industries,AUS-022,AUS-022-I.4,EDGAR GHG gridded & cities emissions,European Commission JRC,Emissions,Modeled sectoral GHG grids and city products for cross-check,I.4,Global including Australia,0.1° / 1 km city products,modeled_grid,1970–2024,Periodic,NetCDF/CSV,Open,As stated by JRC,No,https://edgar.jrc.ec.europa.eu/emissions_data_and_maps,https://edgar.jrc.ec.europa.eu/,Modeled gap-fill/cross-check versus NGA/NGER/Snapshot/city inventories.,Prefer official Australian sources when available.,High,International modeled
Energy industries,AUS-023,AUS-023-I.4,Climate TRACE inventory,Climate TRACE,Emissions,Asset and urban-area emissions estimates,I.4,Global including Australia,Asset / urban area,modeled_grid,Monthly recent years,Periodic,CSV/API,Open,As stated by Climate TRACE,Yes,https://climatetrace.org/,https://climatetrace.org/,Asset/urban emissions complementary to NGER for gap-fill.,Not official; calibrate to NIR/NGER.,Medium,International modeled
Energy industries,AUS-024,AUS-024-I.4,Global Power Plant Database (Australia),WRI / Global Energy Monitor ecosystem (GPPD),Activity,"Power plant locations, fuels and capacities for energy industries mapping",I.4,Global including Australia,Facility,modeled_grid,Periodic database versions,Periodic,CSV,Open,CC BY / as stated,No,https://datasets.wri.org/dataset/globalpowerplantdatabase,https://www.wri.org/research/global-power-plant-database,Global plant database useful to locate Australian generators alongside CER electricity facility data.,Prefer CER designated generation facility data for official emissions.,Medium,International compiled
"Agriculture, forestry & fishing energy",AUS-001,AUS-001-I.5,Australia's National Greenhouse Accounts / National Inventory Report (NIR),"Department of Climate Change, Energy, the Environment and Water (DCCEEW)",Emissions,National GHG by IPCC sector/gas; methods and factors; quarterly updates; economic-sector inventory,I.5,Australia,National,national,1990–2023/24 (NGA 2024 cycle); quarterly updates,Annual NIR + quarterly updates,Interactive web / tables / PDF NIR,Open,Creative Commons (as stated on ANGA / DCCEEW),No,https://greenhouseaccounts.climatechange.gov.au/,https://www.dcceew.gov.au/climate-change/emissions-reporting/tracking-reporting-emissions,Official UNFCCC NIR and National Greenhouse Accounts portal (successor to AGEIS).,"Not LGA/city boundary; use state inventories, Snapshot, or local activity data for cities.",High,Primary official
"Agriculture, forestry & fishing energy",AUS-002,AUS-002-I.5,State and Territory Greenhouse Gas Inventories,DCCEEW,Emissions,State/territory disaggregation of the national inventory by sector,I.5,Australia,State / territory,state_or_province,Aligned with National Greenhouse Accounts annual series,Annual,Tables / ANGA portal / PDF,Open,Creative Commons (as stated),No,https://greenhouseaccounts.climatechange.gov.au/,https://www.dcceew.gov.au/climate-change/emissions-reporting/tracking-reporting-emissions,Official state/territory GHG inventories — primary subnational official emissions layer.,Not municipal; city inventories need further downscaling or local data.,High,Primary official
"Agriculture, forestry & fishing energy",AUS-005,AUS-005-I.5,Australian Energy Statistics / Australian Energy Update,DCCEEW (energy.gov.au),Activity,"Energy supply/demand by fuel, industry and state/territory; electricity generation and gas consumption",I.5,Australia,National; state/territory,state_or_province,Long FY series (latest AES includes 2023–24),Annual,XLSX tables / PDF,Open,Creative Commons (as stated),No,https://www.energy.gov.au/energy-data/australian-energy-statistics,https://www.energy.gov.au/publications/australian-energy-update-2025,Authoritative Australian energy balance and state fuel/industry consumption tables.,Not LGA meter extracts; city inventories need DNSP/retailer or modelled LGA products.,High,Primary official
"Agriculture, forestry & fishing energy",AUS-011,AUS-011-I.5,ABS Agricultural Census / ABARES agricultural statistics,ABS / ABARES (DAFF),Activity,"Livestock, crops and land use for AFOLU; agri energy context",I.5,Australia,National; state; SA2/NRM and related geographies (census products),state_or_province,Census cycles (e.g. 2020–21) + annual ABARES surveys,Periodic census / annual surveys,Tables / dashboards / CSV,Open (aggregates),Creative Commons Attribution 4.0 / as stated,Partial,https://www.abs.gov.au/statistics/industry/agriculture/agricultural-census-australia/latest-release,https://www.agriculture.gov.au/abares/data,Official agriculture structure statistics for livestock and land-related GPC sectors.,Confidentiality limits fine geography; agri energy use not fully metered in census.,High,Primary official
Non-specified sources,NO-COVERAGE,NO-COVERAGE-I.6,No suitable dataset identified (I.6),,,,I.6,,,unknown,,,,,,,,,No suitable dataset identified for this GPC subsector in the current research pass.,,,
"Fugitive emissions from mining, processing, storage & transport of coal",AUS-001,AUS-001-I.7,Australia's National Greenhouse Accounts / National Inventory Report (NIR),"Department of Climate Change, Energy, the Environment and Water (DCCEEW)",Emissions,National GHG by IPCC sector/gas; methods and factors; quarterly updates; economic-sector inventory,I.7,Australia,National,national,1990–2023/24 (NGA 2024 cycle); quarterly updates,Annual NIR + quarterly updates,Interactive web / tables / PDF NIR,Open,Creative Commons (as stated on ANGA / DCCEEW),No,https://greenhouseaccounts.climatechange.gov.au/,https://www.dcceew.gov.au/climate-change/emissions-reporting/tracking-reporting-emissions,Official UNFCCC NIR and National Greenhouse Accounts portal (successor to AGEIS).,"Not LGA/city boundary; use state inventories, Snapshot, or local activity data for cities.",High,Primary official
"Fugitive emissions from mining, processing, storage & transport of coal",AUS-002,AUS-002-I.7,State and Territory Greenhouse Gas Inventories,DCCEEW,Emissions,State/territory disaggregation of the national inventory by sector,I.7,Australia,State / territory,state_or_province,Aligned with National Greenhouse Accounts annual series,Annual,Tables / ANGA portal / PDF,Open,Creative Commons (as stated),No,https://greenhouseaccounts.climatechange.gov.au/,https://www.dcceew.gov.au/climate-change/emissions-reporting/tracking-reporting-emissions,Official state/territory GHG inventories — primary subnational official emissions layer.,Not municipal; city inventories need further downscaling or local data.,High,Primary official
Fugitive emissions from oil & natural gas systems,AUS-001,AUS-001-I.8,Australia's National Greenhouse Accounts / National Inventory Report (NIR),"Department of Climate Change, Energy, the Environment and Water (DCCEEW)",Emissions,National GHG by IPCC sector/gas; methods and factors; quarterly updates; economic-sector inventory,I.8,Australia,National,national,1990–2023/24 (NGA 2024 cycle); quarterly updates,Annual NIR + quarterly updates,Interactive web / tables / PDF NIR,Open,Creative Commons (as stated on ANGA / DCCEEW),No,https://greenhouseaccounts.climatechange.gov.au/,https://www.dcceew.gov.au/climate-change/emissions-reporting/tracking-reporting-emissions,Official UNFCCC NIR and National Greenhouse Accounts portal (successor to AGEIS).,"Not LGA/city boundary; use state inventories, Snapshot, or local activity data for cities.",High,Primary official
Fugitive emissions from oil & natural gas systems,AUS-002,AUS-002-I.8,State and Territory Greenhouse Gas Inventories,DCCEEW,Emissions,State/territory disaggregation of the national inventory by sector,I.8,Australia,State / territory,state_or_province,Aligned with National Greenhouse Accounts annual series,Annual,Tables / ANGA portal / PDF,Open,Creative Commons (as stated),No,https://greenhouseaccounts.climatechange.gov.au/,https://www.dcceew.gov.au/climate-change/emissions-reporting/tracking-reporting-emissions,Official state/territory GHG inventories — primary subnational official emissions layer.,Not municipal; city inventories need further downscaling or local data.,High,Primary official
Fugitive emissions from oil & natural gas systems,AUS-003,AUS-003-I.8,National Greenhouse and Energy Reporting (NGER) — corporate & electricity facility data,Clean Energy Regulator (CER),Hybrid,Published Scope 1/2 emissions and energy for corporations above threshold; designated generation facility emissions/generation,I.8,Australia (reporting entities),Corporation; electricity generation facility (state/grid fields),facility_or_asset,Annual FY series (latest published 2024–25 extracts),Annual (by ~28 Feb),XLSX / CSV,Open (above publication threshold),As stated by CER,No,https://cer.gov.au/markets/reports-and-data/nger-reporting-data-and-registers,https://cer.gov.au/schemes/national-greenhouse-and-energy-reporting-scheme,Mandatory NGER publications — key facility/corporate layer for Australian city inventories.,Publication thresholds; corporate totals not always facility-geocoded except electricity generators; Safeguard facilities related but separate.,High,Primary official
Fugitive emissions from oil & natural gas systems,AUS-015,AUS-015-I.8,Snapshot Climate — municipal community GHG profiles,Ironbark Sustainability / Beyond Zero Emissions (Snapshot),Emissions,"GPC BASIC+ style municipality emissions profiles for all Australian LGAs (stationary, transport, waste, IPPU, AFOLU, fugitives)",I.8,Australia,Local government area; federal electorate; state,other_or_mixed,Annual profiles (multi-year series on portal),Annual,Web profiles / downloadable reports,Open (free profiles),As stated by Snapshot,No,https://snapshotclimate.com.au/,https://snapshotclimate.com.au/user-guide/,Nationwide LGA GHG profiles (GPC-oriented) filling the absence of an official LA inventory like UK DESNZ.,Hybrid Tier1/Tier2 modelled product — not a government National Statistic; calibrate to NIR/NGER/local utility data.,Medium,NGO / compiled municipal product
Fugitive emissions from oil & natural gas systems,AUS-017,AUS-017-I.8,Safeguard Mechanism facility emissions (CER),Clean Energy Regulator,Emissions,Large facility covered emissions under Safeguard — industrial/energy point sources,I.8,Australia (covered facilities),Facility,facility_or_asset,Annual Safeguard reporting years,Annual,Tables / register extracts,Open (published register elements),As stated by CER,No,https://cer.gov.au/schemes/safeguard-mechanism,https://cer.gov.au/schemes/safeguard-mechanism,"Large-emitter facility emissions under Safeguard, complementary to NGER publications.",Covers high emitters only; not community Scope 2 accounting.,High,Primary official
Fugitive emissions from oil & natural gas systems,AUS-020,AUS-020-I.8,Australian Petroleum Statistics / upstream oil & gas production data,DCCEEW / geoscience & resources statistics,Activity,Petroleum/gas production and related energy statistics supporting fugitive and energy-industry estimation,I.8,Australia,National; state/basin products vary,state_or_province,Long monthly/annual series,Monthly / annual,Tables / Excel,Open,As stated,No,https://www.energy.gov.au/energy-data/australian-petroleum-statistics,https://www.energy.gov.au/energy-data/australian-energy-statistics,Official petroleum statistics supporting oil/gas fugitive and energy industry inventories.,City relevance mainly near terminals/refineries/LNG; pair with NGER/Safeguard for facility GHGs.,High,Primary official
Fugitive emissions from oil & natural gas systems,AUS-023,AUS-023-I.8,Climate TRACE inventory,Climate TRACE,Emissions,Asset and urban-area emissions estimates,I.8,Global including Australia,Asset / urban area,modeled_grid,Monthly recent years,Periodic,CSV/API,Open,As stated by Climate TRACE,Yes,https://climatetrace.org/,https://climatetrace.org/,Asset/urban emissions complementary to NGER for gap-fill.,Not official; calibrate to NIR/NGER.,Medium,International modeled
On-road transportation,AUS-001,AUS-001-II.1,Australia's National Greenhouse Accounts / National Inventory Report (NIR),"Department of Climate Change, Energy, the Environment and Water (DCCEEW)",Emissions,National GHG by IPCC sector/gas; methods and factors; quarterly updates; economic-sector inventory,II.1,Australia,National,national,1990–2023/24 (NGA 2024 cycle); quarterly updates,Annual NIR + quarterly updates,Interactive web / tables / PDF NIR,Open,Creative Commons (as stated on ANGA / DCCEEW),No,https://greenhouseaccounts.climatechange.gov.au/,https://www.dcceew.gov.au/climate-change/emissions-reporting/tracking-reporting-emissions,Official UNFCCC NIR and National Greenhouse Accounts portal (successor to AGEIS).,"Not LGA/city boundary; use state inventories, Snapshot, or local activity data for cities.",High,Primary official
On-road transportation,AUS-002,AUS-002-II.1,State and Territory Greenhouse Gas Inventories,DCCEEW,Emissions,State/territory disaggregation of the national inventory by sector,II.1,Australia,State / territory,state_or_province,Aligned with National Greenhouse Accounts annual series,Annual,Tables / ANGA portal / PDF,Open,Creative Commons (as stated),No,https://greenhouseaccounts.climatechange.gov.au/,https://www.dcceew.gov.au/climate-change/emissions-reporting/tracking-reporting-emissions,Official state/territory GHG inventories — primary subnational official emissions layer.,Not municipal; city inventories need further downscaling or local data.,High,Primary official
On-road transportation,AUS-004,AUS-004-II.1,National Greenhouse Accounts Factors,DCCEEW,Hybrid,"Emission factors for fuels, electricity (state), waste, refrigerants and related activity-to-emissions conversion",II.1,Australia,National; state electricity factors,state_or_province,Annual workbook editions,Annual,PDF / workbook,Open,Creative Commons (as stated),No,https://www.dcceew.gov.au/climate-change/publications/national-greenhouse-accounts-factors,https://www.dcceew.gov.au/climate-change/emissions-reporting/tracking-reporting-emissions,Standard Australian emission factors widely used in city and organisational inventories.,Not activity data; electricity factors are state/grid averages.,High,Primary official
On-road transportation,AUS-005,AUS-005-II.1,Australian Energy Statistics / Australian Energy Update,DCCEEW (energy.gov.au),Activity,"Energy supply/demand by fuel, industry and state/territory; electricity generation and gas consumption",II.1,Australia,National; state/territory,state_or_province,Long FY series (latest AES includes 2023–24),Annual,XLSX tables / PDF,Open,Creative Commons (as stated),No,https://www.energy.gov.au/energy-data/australian-energy-statistics,https://www.energy.gov.au/publications/australian-energy-update-2025,Authoritative Australian energy balance and state fuel/industry consumption tables.,Not LGA meter extracts; city inventories need DNSP/retailer or modelled LGA products.,High,Primary official
On-road transportation,AUS-006,AUS-006-II.1,"Energy Account, Australia (ABS)",Australian Bureau of Statistics (ABS),Hybrid,Physical energy supply/use by industry and households; monetary energy accounts,II.1,Australia,National; industry,national,Annual FY series (latest 2023–24),Annual,Tables / CSV / data explorer,Open,Creative Commons Attribution 4.0,Yes (ABS API),https://www.abs.gov.au/statistics/industry/energy/energy-account-australia/latest-release,https://www.abs.gov.au/statistics/industry/energy/energy-account-australia/latest-release,Official SEEA-style energy accounts complementary to AES and the NIR.,Not GPC city inventory; industry classification differs from IPCC/GPC.,High,Primary official
On-road transportation,AUS-008,AUS-008-II.1,BITRE Australian Infrastructure and Transport Statistics Yearbook (road/rail/aviation/maritime),Bureau of Infrastructure and Transport Research Economics (BITRE),Activity,VKT by vehicle type/state/capital city; vehicle fleet; rail/aviation/maritime activity series,II.1,Australia,National; state/territory; capital city (road VKT),state_or_province,Long annual series (Yearbook 2025),Annual,Excel / ZIP / PDF,Open,Creative Commons (as stated by BITRE),No,https://www.bitre.gov.au/publications/2025/australian-infrastructure-and-transport-statistics-yearbook-2025,https://www.bitre.gov.au/,Authoritative Australian transport activity yearbook including capital-city road VKT.,Capital city ≠ full LGA mosaic; fuel by LGA often needs modelling or state open data.,High,Primary official
On-road transportation,AUS-009,AUS-009-II.1,ABS Motor Vehicle Census / vehicle registrations,Australian Bureau of Statistics,Activity,Registered road vehicles by type/fuel/geography supporting on-road fleet characterisation,II.1,Australia,National; state; some SA2/LGA products historically/via data services,city_or_municipality,Annual census series,Annual,Tables / CSV,Open (aggregates),Creative Commons Attribution 4.0,Yes (ABS API),https://www.abs.gov.au/statistics/industry/tourism-and-transport/motor-vehicle-census-australia/latest-release,https://www.abs.gov.au/statistics/industry/tourism-and-transport/motor-vehicle-census-australia/latest-release,Official registered vehicle stock statistics for on-road GPC estimation.,Registration location ≠ where driven; pair with BITRE VKT.,High,Primary official
On-road transportation,AUS-015,AUS-015-II.1,Snapshot Climate — municipal community GHG profiles,Ironbark Sustainability / Beyond Zero Emissions (Snapshot),Emissions,"GPC BASIC+ style municipality emissions profiles for all Australian LGAs (stationary, transport, waste, IPPU, AFOLU, fugitives)",II.1,Australia,Local government area; federal electorate; state,other_or_mixed,Annual profiles (multi-year series on portal),Annual,Web profiles / downloadable reports,Open (free profiles),As stated by Snapshot,No,https://snapshotclimate.com.au/,https://snapshotclimate.com.au/user-guide/,Nationwide LGA GHG profiles (GPC-oriented) filling the absence of an official LA inventory like UK DESNZ.,Hybrid Tier1/Tier2 modelled product — not a government National Statistic; calibrate to NIR/NGER/local utility data.,Medium,NGO / compiled municipal product
On-road transportation,AUS-016,AUS-016-II.1,City of Melbourne Municipal Greenhouse Gas Emissions (open data),City of Melbourne,Emissions,"GPC municipal inventory open dataset for Melbourne (stationary energy, transport, waste scopes)",II.1,City of Melbourne LGA,City / LGA,city_or_municipality,2013–2020 open series (ongoing CDP/GCoM reporting),Periodic open releases / annual reporting,CSV / XLS / JSON,Open,As stated on Data Vic / Melbourne open data,Partial,https://discover.data.vic.gov.au/dataset/city-of-melbourne-municipal-greenhouse-gas-emissions-2013-2020,https://www.melbourne.vic.gov.au/,Example open GPC city inventory dataset for a major Australian city.,Single-city; other capitals often publish PDFs/CDP without full open tables.,High,City official
On-road transportation,AUS-022,AUS-022-II.1,EDGAR GHG gridded & cities emissions,European Commission JRC,Emissions,Modeled sectoral GHG grids and city products for cross-check,II.1,Global including Australia,0.1° / 1 km city products,modeled_grid,1970–2024,Periodic,NetCDF/CSV,Open,As stated by JRC,No,https://edgar.jrc.ec.europa.eu/emissions_data_and_maps,https://edgar.jrc.ec.europa.eu/,Modeled gap-fill/cross-check versus NGA/NGER/Snapshot/city inventories.,Prefer official Australian sources when available.,High,International modeled
On-road transportation,AUS-023,AUS-023-II.1,Climate TRACE inventory,Climate TRACE,Emissions,Asset and urban-area emissions estimates,II.1,Global including Australia,Asset / urban area,modeled_grid,Monthly recent years,Periodic,CSV/API,Open,As stated by Climate TRACE,Yes,https://climatetrace.org/,https://climatetrace.org/,Asset/urban emissions complementary to NGER for gap-fill.,Not official; calibrate to NIR/NGER.,Medium,International modeled
Railways,AUS-001,AUS-001-II.2,Australia's National Greenhouse Accounts / National Inventory Report (NIR),"Department of Climate Change, Energy, the Environment and Water (DCCEEW)",Emissions,National GHG by IPCC sector/gas; methods and factors; quarterly updates; economic-sector inventory,II.2,Australia,National,national,1990–2023/24 (NGA 2024 cycle); quarterly updates,Annual NIR + quarterly updates,Interactive web / tables / PDF NIR,Open,Creative Commons (as stated on ANGA / DCCEEW),No,https://greenhouseaccounts.climatechange.gov.au/,https://www.dcceew.gov.au/climate-change/emissions-reporting/tracking-reporting-emissions,Official UNFCCC NIR and National Greenhouse Accounts portal (successor to AGEIS).,"Not LGA/city boundary; use state inventories, Snapshot, or local activity data for cities.",High,Primary official
Railways,AUS-002,AUS-002-II.2,State and Territory Greenhouse Gas Inventories,DCCEEW,Emissions,State/territory disaggregation of the national inventory by sector,II.2,Australia,State / territory,state_or_province,Aligned with National Greenhouse Accounts annual series,Annual,Tables / ANGA portal / PDF,Open,Creative Commons (as stated),No,https://greenhouseaccounts.climatechange.gov.au/,https://www.dcceew.gov.au/climate-change/emissions-reporting/tracking-reporting-emissions,Official state/territory GHG inventories — primary subnational official emissions layer.,Not municipal; city inventories need further downscaling or local data.,High,Primary official
Railways,AUS-004,AUS-004-II.2,National Greenhouse Accounts Factors,DCCEEW,Hybrid,"Emission factors for fuels, electricity (state), waste, refrigerants and related activity-to-emissions conversion",II.2,Australia,National; state electricity factors,state_or_province,Annual workbook editions,Annual,PDF / workbook,Open,Creative Commons (as stated),No,https://www.dcceew.gov.au/climate-change/publications/national-greenhouse-accounts-factors,https://www.dcceew.gov.au/climate-change/emissions-reporting/tracking-reporting-emissions,Standard Australian emission factors widely used in city and organisational inventories.,Not activity data; electricity factors are state/grid averages.,High,Primary official
Railways,AUS-008,AUS-008-II.2,BITRE Australian Infrastructure and Transport Statistics Yearbook (road/rail/aviation/maritime),Bureau of Infrastructure and Transport Research Economics (BITRE),Activity,VKT by vehicle type/state/capital city; vehicle fleet; rail/aviation/maritime activity series,II.2,Australia,National; state/territory; capital city (road VKT),state_or_province,Long annual series (Yearbook 2025),Annual,Excel / ZIP / PDF,Open,Creative Commons (as stated by BITRE),No,https://www.bitre.gov.au/publications/2025/australian-infrastructure-and-transport-statistics-yearbook-2025,https://www.bitre.gov.au/,Authoritative Australian transport activity yearbook including capital-city road VKT.,Capital city ≠ full LGA mosaic; fuel by LGA often needs modelling or state open data.,High,Primary official
Railways,AUS-015,AUS-015-II.2,Snapshot Climate — municipal community GHG profiles,Ironbark Sustainability / Beyond Zero Emissions (Snapshot),Emissions,"GPC BASIC+ style municipality emissions profiles for all Australian LGAs (stationary, transport, waste, IPPU, AFOLU, fugitives)",II.2,Australia,Local government area; federal electorate; state,other_or_mixed,Annual profiles (multi-year series on portal),Annual,Web profiles / downloadable reports,Open (free profiles),As stated by Snapshot,No,https://snapshotclimate.com.au/,https://snapshotclimate.com.au/user-guide/,Nationwide LGA GHG profiles (GPC-oriented) filling the absence of an official LA inventory like UK DESNZ.,Hybrid Tier1/Tier2 modelled product — not a government National Statistic; calibrate to NIR/NGER/local utility data.,Medium,NGO / compiled municipal product
Railways,AUS-016,AUS-016-II.2,City of Melbourne Municipal Greenhouse Gas Emissions (open data),City of Melbourne,Emissions,"GPC municipal inventory open dataset for Melbourne (stationary energy, transport, waste scopes)",II.2,City of Melbourne LGA,City / LGA,city_or_municipality,2013–2020 open series (ongoing CDP/GCoM reporting),Periodic open releases / annual reporting,CSV / XLS / JSON,Open,As stated on Data Vic / Melbourne open data,Partial,https://discover.data.vic.gov.au/dataset/city-of-melbourne-municipal-greenhouse-gas-emissions-2013-2020,https://www.melbourne.vic.gov.au/,Example open GPC city inventory dataset for a major Australian city.,Single-city; other capitals often publish PDFs/CDP without full open tables.,High,City official
Waterborne navigation,AUS-001,AUS-001-II.3,Australia's National Greenhouse Accounts / National Inventory Report (NIR),"Department of Climate Change, Energy, the Environment and Water (DCCEEW)",Emissions,National GHG by IPCC sector/gas; methods and factors; quarterly updates; economic-sector inventory,II.3,Australia,National,national,1990–2023/24 (NGA 2024 cycle); quarterly updates,Annual NIR + quarterly updates,Interactive web / tables / PDF NIR,Open,Creative Commons (as stated on ANGA / DCCEEW),No,https://greenhouseaccounts.climatechange.gov.au/,https://www.dcceew.gov.au/climate-change/emissions-reporting/tracking-reporting-emissions,Official UNFCCC NIR and National Greenhouse Accounts portal (successor to AGEIS).,"Not LGA/city boundary; use state inventories, Snapshot, or local activity data for cities.",High,Primary official
Waterborne navigation,AUS-002,AUS-002-II.3,State and Territory Greenhouse Gas Inventories,DCCEEW,Emissions,State/territory disaggregation of the national inventory by sector,II.3,Australia,State / territory,state_or_province,Aligned with National Greenhouse Accounts annual series,Annual,Tables / ANGA portal / PDF,Open,Creative Commons (as stated),No,https://greenhouseaccounts.climatechange.gov.au/,https://www.dcceew.gov.au/climate-change/emissions-reporting/tracking-reporting-emissions,Official state/territory GHG inventories — primary subnational official emissions layer.,Not municipal; city inventories need further downscaling or local data.,High,Primary official
Waterborne navigation,AUS-004,AUS-004-II.3,National Greenhouse Accounts Factors,DCCEEW,Hybrid,"Emission factors for fuels, electricity (state), waste, refrigerants and related activity-to-emissions conversion",II.3,Australia,National; state electricity factors,state_or_province,Annual workbook editions,Annual,PDF / workbook,Open,Creative Commons (as stated),No,https://www.dcceew.gov.au/climate-change/publications/national-greenhouse-accounts-factors,https://www.dcceew.gov.au/climate-change/emissions-reporting/tracking-reporting-emissions,Standard Australian emission factors widely used in city and organisational inventories.,Not activity data; electricity factors are state/grid averages.,High,Primary official
Waterborne navigation,AUS-008,AUS-008-II.3,BITRE Australian Infrastructure and Transport Statistics Yearbook (road/rail/aviation/maritime),Bureau of Infrastructure and Transport Research Economics (BITRE),Activity,VKT by vehicle type/state/capital city; vehicle fleet; rail/aviation/maritime activity series,II.3,Australia,National; state/territory; capital city (road VKT),state_or_province,Long annual series (Yearbook 2025),Annual,Excel / ZIP / PDF,Open,Creative Commons (as stated by BITRE),No,https://www.bitre.gov.au/publications/2025/australian-infrastructure-and-transport-statistics-yearbook-2025,https://www.bitre.gov.au/,Authoritative Australian transport activity yearbook including capital-city road VKT.,Capital city ≠ full LGA mosaic; fuel by LGA often needs modelling or state open data.,High,Primary official
Waterborne navigation,AUS-022,AUS-022-II.3,EDGAR GHG gridded & cities emissions,European Commission JRC,Emissions,Modeled sectoral GHG grids and city products for cross-check,II.3,Global including Australia,0.1° / 1 km city products,modeled_grid,1970–2024,Periodic,NetCDF/CSV,Open,As stated by JRC,No,https://edgar.jrc.ec.europa.eu/emissions_data_and_maps,https://edgar.jrc.ec.europa.eu/,Modeled gap-fill/cross-check versus NGA/NGER/Snapshot/city inventories.,Prefer official Australian sources when available.,High,International modeled
Waterborne navigation,AUS-023,AUS-023-II.3,Climate TRACE inventory,Climate TRACE,Emissions,Asset and urban-area emissions estimates,II.3,Global including Australia,Asset / urban area,modeled_grid,Monthly recent years,Periodic,CSV/API,Open,As stated by Climate TRACE,Yes,https://climatetrace.org/,https://climatetrace.org/,Asset/urban emissions complementary to NGER for gap-fill.,Not official; calibrate to NIR/NGER.,Medium,International modeled
Aviation,AUS-001,AUS-001-II.4,Australia's National Greenhouse Accounts / National Inventory Report (NIR),"Department of Climate Change, Energy, the Environment and Water (DCCEEW)",Emissions,National GHG by IPCC sector/gas; methods and factors; quarterly updates; economic-sector inventory,II.4,Australia,National,national,1990–2023/24 (NGA 2024 cycle); quarterly updates,Annual NIR + quarterly updates,Interactive web / tables / PDF NIR,Open,Creative Commons (as stated on ANGA / DCCEEW),No,https://greenhouseaccounts.climatechange.gov.au/,https://www.dcceew.gov.au/climate-change/emissions-reporting/tracking-reporting-emissions,Official UNFCCC NIR and National Greenhouse Accounts portal (successor to AGEIS).,"Not LGA/city boundary; use state inventories, Snapshot, or local activity data for cities.",High,Primary official
Aviation,AUS-002,AUS-002-II.4,State and Territory Greenhouse Gas Inventories,DCCEEW,Emissions,State/territory disaggregation of the national inventory by sector,II.4,Australia,State / territory,state_or_province,Aligned with National Greenhouse Accounts annual series,Annual,Tables / ANGA portal / PDF,Open,Creative Commons (as stated),No,https://greenhouseaccounts.climatechange.gov.au/,https://www.dcceew.gov.au/climate-change/emissions-reporting/tracking-reporting-emissions,Official state/territory GHG inventories — primary subnational official emissions layer.,Not municipal; city inventories need further downscaling or local data.,High,Primary official
Aviation,AUS-004,AUS-004-II.4,National Greenhouse Accounts Factors,DCCEEW,Hybrid,"Emission factors for fuels, electricity (state), waste, refrigerants and related activity-to-emissions conversion",II.4,Australia,National; state electricity factors,state_or_province,Annual workbook editions,Annual,PDF / workbook,Open,Creative Commons (as stated),No,https://www.dcceew.gov.au/climate-change/publications/national-greenhouse-accounts-factors,https://www.dcceew.gov.au/climate-change/emissions-reporting/tracking-reporting-emissions,Standard Australian emission factors widely used in city and organisational inventories.,Not activity data; electricity factors are state/grid averages.,High,Primary official
Aviation,AUS-008,AUS-008-II.4,BITRE Australian Infrastructure and Transport Statistics Yearbook (road/rail/aviation/maritime),Bureau of Infrastructure and Transport Research Economics (BITRE),Activity,VKT by vehicle type/state/capital city; vehicle fleet; rail/aviation/maritime activity series,II.4,Australia,National; state/territory; capital city (road VKT),state_or_province,Long annual series (Yearbook 2025),Annual,Excel / ZIP / PDF,Open,Creative Commons (as stated by BITRE),No,https://www.bitre.gov.au/publications/2025/australian-infrastructure-and-transport-statistics-yearbook-2025,https://www.bitre.gov.au/,Authoritative Australian transport activity yearbook including capital-city road VKT.,Capital city ≠ full LGA mosaic; fuel by LGA often needs modelling or state open data.,High,Primary official
Aviation,AUS-022,AUS-022-II.4,EDGAR GHG gridded & cities emissions,European Commission JRC,Emissions,Modeled sectoral GHG grids and city products for cross-check,II.4,Global including Australia,0.1° / 1 km city products,modeled_grid,1970–2024,Periodic,NetCDF/CSV,Open,As stated by JRC,No,https://edgar.jrc.ec.europa.eu/emissions_data_and_maps,https://edgar.jrc.ec.europa.eu/,Modeled gap-fill/cross-check versus NGA/NGER/Snapshot/city inventories.,Prefer official Australian sources when available.,High,International modeled
Aviation,AUS-023,AUS-023-II.4,Climate TRACE inventory,Climate TRACE,Emissions,Asset and urban-area emissions estimates,II.4,Global including Australia,Asset / urban area,modeled_grid,Monthly recent years,Periodic,CSV/API,Open,As stated by Climate TRACE,Yes,https://climatetrace.org/,https://climatetrace.org/,Asset/urban emissions complementary to NGER for gap-fill.,Not official; calibrate to NIR/NGER.,Medium,International modeled
Off-road transportation,AUS-001,AUS-001-II.5,Australia's National Greenhouse Accounts / National Inventory Report (NIR),"Department of Climate Change, Energy, the Environment and Water (DCCEEW)",Emissions,National GHG by IPCC sector/gas; methods and factors; quarterly updates; economic-sector inventory,II.5,Australia,National,national,1990–2023/24 (NGA 2024 cycle); quarterly updates,Annual NIR + quarterly updates,Interactive web / tables / PDF NIR,Open,Creative Commons (as stated on ANGA / DCCEEW),No,https://greenhouseaccounts.climatechange.gov.au/,https://www.dcceew.gov.au/climate-change/emissions-reporting/tracking-reporting-emissions,Official UNFCCC NIR and National Greenhouse Accounts portal (successor to AGEIS).,"Not LGA/city boundary; use state inventories, Snapshot, or local activity data for cities.",High,Primary official
Off-road transportation,AUS-002,AUS-002-II.5,State and Territory Greenhouse Gas Inventories,DCCEEW,Emissions,State/territory disaggregation of the national inventory by sector,II.5,Australia,State / territory,state_or_province,Aligned with National Greenhouse Accounts annual series,Annual,Tables / ANGA portal / PDF,Open,Creative Commons (as stated),No,https://greenhouseaccounts.climatechange.gov.au/,https://www.dcceew.gov.au/climate-change/emissions-reporting/tracking-reporting-emissions,Official state/territory GHG inventories — primary subnational official emissions layer.,Not municipal; city inventories need further downscaling or local data.,High,Primary official
Off-road transportation,AUS-003,AUS-003-II.5,National Greenhouse and Energy Reporting (NGER) — corporate & electricity facility data,Clean Energy Regulator (CER),Hybrid,Published Scope 1/2 emissions and energy for corporations above threshold; designated generation facility emissions/generation,II.5,Australia (reporting entities),Corporation; electricity generation facility (state/grid fields),facility_or_asset,Annual FY series (latest published 2024–25 extracts),Annual (by ~28 Feb),XLSX / CSV,Open (above publication threshold),As stated by CER,No,https://cer.gov.au/markets/reports-and-data/nger-reporting-data-and-registers,https://cer.gov.au/schemes/national-greenhouse-and-energy-reporting-scheme,Mandatory NGER publications — key facility/corporate layer for Australian city inventories.,Publication thresholds; corporate totals not always facility-geocoded except electricity generators; Safeguard facilities related but separate.,High,Primary official
Off-road transportation,AUS-004,AUS-004-II.5,National Greenhouse Accounts Factors,DCCEEW,Hybrid,"Emission factors for fuels, electricity (state), waste, refrigerants and related activity-to-emissions conversion",II.5,Australia,National; state electricity factors,state_or_province,Annual workbook editions,Annual,PDF / workbook,Open,Creative Commons (as stated),No,https://www.dcceew.gov.au/climate-change/publications/national-greenhouse-accounts-factors,https://www.dcceew.gov.au/climate-change/emissions-reporting/tracking-reporting-emissions,Standard Australian emission factors widely used in city and organisational inventories.,Not activity data; electricity factors are state/grid averages.,High,Primary official
Solid waste disposal,AUS-001,AUS-001-III.1,Australia's National Greenhouse Accounts / National Inventory Report (NIR),"Department of Climate Change, Energy, the Environment and Water (DCCEEW)",Emissions,National GHG by IPCC sector/gas; methods and factors; quarterly updates; economic-sector inventory,III.1,Australia,National,national,1990–2023/24 (NGA 2024 cycle); quarterly updates,Annual NIR + quarterly updates,Interactive web / tables / PDF NIR,Open,Creative Commons (as stated on ANGA / DCCEEW),No,https://greenhouseaccounts.climatechange.gov.au/,https://www.dcceew.gov.au/climate-change/emissions-reporting/tracking-reporting-emissions,Official UNFCCC NIR and National Greenhouse Accounts portal (successor to AGEIS).,"Not LGA/city boundary; use state inventories, Snapshot, or local activity data for cities.",High,Primary official
Solid waste disposal,AUS-002,AUS-002-III.1,State and Territory Greenhouse Gas Inventories,DCCEEW,Emissions,State/territory disaggregation of the national inventory by sector,III.1,Australia,State / territory,state_or_province,Aligned with National Greenhouse Accounts annual series,Annual,Tables / ANGA portal / PDF,Open,Creative Commons (as stated),No,https://greenhouseaccounts.climatechange.gov.au/,https://www.dcceew.gov.au/climate-change/emissions-reporting/tracking-reporting-emissions,Official state/territory GHG inventories — primary subnational official emissions layer.,Not municipal; city inventories need further downscaling or local data.,High,Primary official
Solid waste disposal,AUS-003,AUS-003-III.1,National Greenhouse and Energy Reporting (NGER) — corporate & electricity facility data,Clean Energy Regulator (CER),Hybrid,Published Scope 1/2 emissions and energy for corporations above threshold; designated generation facility emissions/generation,III.1,Australia (reporting entities),Corporation; electricity generation facility (state/grid fields),facility_or_asset,Annual FY series (latest published 2024–25 extracts),Annual (by ~28 Feb),XLSX / CSV,Open (above publication threshold),As stated by CER,No,https://cer.gov.au/markets/reports-and-data/nger-reporting-data-and-registers,https://cer.gov.au/schemes/national-greenhouse-and-energy-reporting-scheme,Mandatory NGER publications — key facility/corporate layer for Australian city inventories.,Publication thresholds; corporate totals not always facility-geocoded except electricity generators; Safeguard facilities related but separate.,High,Primary official
Solid waste disposal,AUS-004,AUS-004-III.1,National Greenhouse Accounts Factors,DCCEEW,Hybrid,"Emission factors for fuels, electricity (state), waste, refrigerants and related activity-to-emissions conversion",III.1,Australia,National; state electricity factors,state_or_province,Annual workbook editions,Annual,PDF / workbook,Open,Creative Commons (as stated),No,https://www.dcceew.gov.au/climate-change/publications/national-greenhouse-accounts-factors,https://www.dcceew.gov.au/climate-change/emissions-reporting/tracking-reporting-emissions,Standard Australian emission factors widely used in city and organisational inventories.,Not activity data; electricity factors are state/grid averages.,High,Primary official
Solid waste disposal,AUS-010,AUS-010-III.1,National Waste and Resource Recovery Database / Report,DCCEEW,Activity,"Waste generation, recovery and fate by stream/material; landfill/energy-from-waste context; state breakdowns",III.1,Australia,National; state/territory (LGA incomplete),city_or_municipality,~2006–07 to 2022–23 (Database 2024),Periodic / ~biennial report cycle,XLSX / PDF,Open,Creative Commons Attribution 2.5 Australia,No,https://www.data.gov.au/data/dataset/nwd2024,https://www.dcceew.gov.au/environment/protection/waste/publications/2024,National waste database and report for solid waste and biological treatment fates.,LGA completeness varies; commercial/industrial and mining scopes differ by edition.,High,Primary official
Solid waste disposal,AUS-015,AUS-015-III.1,Snapshot Climate — municipal community GHG profiles,Ironbark Sustainability / Beyond Zero Emissions (Snapshot),Emissions,"GPC BASIC+ style municipality emissions profiles for all Australian LGAs (stationary, transport, waste, IPPU, AFOLU, fugitives)",III.1,Australia,Local government area; federal electorate; state,other_or_mixed,Annual profiles (multi-year series on portal),Annual,Web profiles / downloadable reports,Open (free profiles),As stated by Snapshot,No,https://snapshotclimate.com.au/,https://snapshotclimate.com.au/user-guide/,Nationwide LGA GHG profiles (GPC-oriented) filling the absence of an official LA inventory like UK DESNZ.,Hybrid Tier1/Tier2 modelled product — not a government National Statistic; calibrate to NIR/NGER/local utility data.,Medium,NGO / compiled municipal product
Solid waste disposal,AUS-016,AUS-016-III.1,City of Melbourne Municipal Greenhouse Gas Emissions (open data),City of Melbourne,Emissions,"GPC municipal inventory open dataset for Melbourne (stationary energy, transport, waste scopes)",III.1,City of Melbourne LGA,City / LGA,city_or_municipality,2013–2020 open series (ongoing CDP/GCoM reporting),Periodic open releases / annual reporting,CSV / XLS / JSON,Open,As stated on Data Vic / Melbourne open data,Partial,https://discover.data.vic.gov.au/dataset/city-of-melbourne-municipal-greenhouse-gas-emissions-2013-2020,https://www.melbourne.vic.gov.au/,Example open GPC city inventory dataset for a major Australian city.,Single-city; other capitals often publish PDFs/CDP without full open tables.,High,City official
Solid waste disposal,AUS-022,AUS-022-III.1,EDGAR GHG gridded & cities emissions,European Commission JRC,Emissions,Modeled sectoral GHG grids and city products for cross-check,III.1,Global including Australia,0.1° / 1 km city products,modeled_grid,1970–2024,Periodic,NetCDF/CSV,Open,As stated by JRC,No,https://edgar.jrc.ec.europa.eu/emissions_data_and_maps,https://edgar.jrc.ec.europa.eu/,Modeled gap-fill/cross-check versus NGA/NGER/Snapshot/city inventories.,Prefer official Australian sources when available.,High,International modeled
Solid waste disposal,AUS-023,AUS-023-III.1,Climate TRACE inventory,Climate TRACE,Emissions,Asset and urban-area emissions estimates,III.1,Global including Australia,Asset / urban area,modeled_grid,Monthly recent years,Periodic,CSV/API,Open,As stated by Climate TRACE,Yes,https://climatetrace.org/,https://climatetrace.org/,Asset/urban emissions complementary to NGER for gap-fill.,Not official; calibrate to NIR/NGER.,Medium,International modeled
Biological treatment of waste,AUS-001,AUS-001-III.2,Australia's National Greenhouse Accounts / National Inventory Report (NIR),"Department of Climate Change, Energy, the Environment and Water (DCCEEW)",Emissions,National GHG by IPCC sector/gas; methods and factors; quarterly updates; economic-sector inventory,III.2,Australia,National,national,1990–2023/24 (NGA 2024 cycle); quarterly updates,Annual NIR + quarterly updates,Interactive web / tables / PDF NIR,Open,Creative Commons (as stated on ANGA / DCCEEW),No,https://greenhouseaccounts.climatechange.gov.au/,https://www.dcceew.gov.au/climate-change/emissions-reporting/tracking-reporting-emissions,Official UNFCCC NIR and National Greenhouse Accounts portal (successor to AGEIS).,"Not LGA/city boundary; use state inventories, Snapshot, or local activity data for cities.",High,Primary official
Biological treatment of waste,AUS-002,AUS-002-III.2,State and Territory Greenhouse Gas Inventories,DCCEEW,Emissions,State/territory disaggregation of the national inventory by sector,III.2,Australia,State / territory,state_or_province,Aligned with National Greenhouse Accounts annual series,Annual,Tables / ANGA portal / PDF,Open,Creative Commons (as stated),No,https://greenhouseaccounts.climatechange.gov.au/,https://www.dcceew.gov.au/climate-change/emissions-reporting/tracking-reporting-emissions,Official state/territory GHG inventories — primary subnational official emissions layer.,Not municipal; city inventories need further downscaling or local data.,High,Primary official
Biological treatment of waste,AUS-010,AUS-010-III.2,National Waste and Resource Recovery Database / Report,DCCEEW,Activity,"Waste generation, recovery and fate by stream/material; landfill/energy-from-waste context; state breakdowns",III.2,Australia,National; state/territory (LGA incomplete),city_or_municipality,~2006–07 to 2022–23 (Database 2024),Periodic / ~biennial report cycle,XLSX / PDF,Open,Creative Commons Attribution 2.5 Australia,No,https://www.data.gov.au/data/dataset/nwd2024,https://www.dcceew.gov.au/environment/protection/waste/publications/2024,National waste database and report for solid waste and biological treatment fates.,LGA completeness varies; commercial/industrial and mining scopes differ by edition.,High,Primary official
Incineration & open burning,AUS-001,AUS-001-III.3,Australia's National Greenhouse Accounts / National Inventory Report (NIR),"Department of Climate Change, Energy, the Environment and Water (DCCEEW)",Emissions,National GHG by IPCC sector/gas; methods and factors; quarterly updates; economic-sector inventory,III.3,Australia,National,national,1990–2023/24 (NGA 2024 cycle); quarterly updates,Annual NIR + quarterly updates,Interactive web / tables / PDF NIR,Open,Creative Commons (as stated on ANGA / DCCEEW),No,https://greenhouseaccounts.climatechange.gov.au/,https://www.dcceew.gov.au/climate-change/emissions-reporting/tracking-reporting-emissions,Official UNFCCC NIR and National Greenhouse Accounts portal (successor to AGEIS).,"Not LGA/city boundary; use state inventories, Snapshot, or local activity data for cities.",High,Primary official
Incineration & open burning,AUS-002,AUS-002-III.3,State and Territory Greenhouse Gas Inventories,DCCEEW,Emissions,State/territory disaggregation of the national inventory by sector,III.3,Australia,State / territory,state_or_province,Aligned with National Greenhouse Accounts annual series,Annual,Tables / ANGA portal / PDF,Open,Creative Commons (as stated),No,https://greenhouseaccounts.climatechange.gov.au/,https://www.dcceew.gov.au/climate-change/emissions-reporting/tracking-reporting-emissions,Official state/territory GHG inventories — primary subnational official emissions layer.,Not municipal; city inventories need further downscaling or local data.,High,Primary official
Incineration & open burning,AUS-010,AUS-010-III.3,National Waste and Resource Recovery Database / Report,DCCEEW,Activity,"Waste generation, recovery and fate by stream/material; landfill/energy-from-waste context; state breakdowns",III.3,Australia,National; state/territory (LGA incomplete),city_or_municipality,~2006–07 to 2022–23 (Database 2024),Periodic / ~biennial report cycle,XLSX / PDF,Open,Creative Commons Attribution 2.5 Australia,No,https://www.data.gov.au/data/dataset/nwd2024,https://www.dcceew.gov.au/environment/protection/waste/publications/2024,National waste database and report for solid waste and biological treatment fates.,LGA completeness varies; commercial/industrial and mining scopes differ by edition.,High,Primary official
Incineration & open burning,AUS-014,AUS-014-III.3,National Pollutant Inventory (NPI),DCCEEW,Hybrid,Facility pollutant releases/transfers — industrial process & combustion screening (not GHG-complete),III.3,Australia,Facility; LGA/postcode search tools,neighborhood_or_small_area,From ~1998; annual (latest 2024–25 cycle),Annual,CSV / XLSX / web database,Open,Creative Commons Attribution 4.0,Partial,https://data.gov.au/data/dataset/043f58e0-a188-4458-b61c-04e5b540aea4,https://www.dcceew.gov.au/environment/protection/npi/data,Facility environmental releases useful to locate industrial sources alongside NGER.,Explicitly not a GHG inventory (no CO2/CH4 as GHGs); substance list ≠ GPC gases.,High,Primary official
Wastewater treatment & discharge,AUS-001,AUS-001-III.4,Australia's National Greenhouse Accounts / National Inventory Report (NIR),"Department of Climate Change, Energy, the Environment and Water (DCCEEW)",Emissions,National GHG by IPCC sector/gas; methods and factors; quarterly updates; economic-sector inventory,III.4,Australia,National,national,1990–2023/24 (NGA 2024 cycle); quarterly updates,Annual NIR + quarterly updates,Interactive web / tables / PDF NIR,Open,Creative Commons (as stated on ANGA / DCCEEW),No,https://greenhouseaccounts.climatechange.gov.au/,https://www.dcceew.gov.au/climate-change/emissions-reporting/tracking-reporting-emissions,Official UNFCCC NIR and National Greenhouse Accounts portal (successor to AGEIS).,"Not LGA/city boundary; use state inventories, Snapshot, or local activity data for cities.",High,Primary official
Wastewater treatment & discharge,AUS-002,AUS-002-III.4,State and Territory Greenhouse Gas Inventories,DCCEEW,Emissions,State/territory disaggregation of the national inventory by sector,III.4,Australia,State / territory,state_or_province,Aligned with National Greenhouse Accounts annual series,Annual,Tables / ANGA portal / PDF,Open,Creative Commons (as stated),No,https://greenhouseaccounts.climatechange.gov.au/,https://www.dcceew.gov.au/climate-change/emissions-reporting/tracking-reporting-emissions,Official state/territory GHG inventories — primary subnational official emissions layer.,Not municipal; city inventories need further downscaling or local data.,High,Primary official
Wastewater treatment & discharge,AUS-003,AUS-003-III.4,National Greenhouse and Energy Reporting (NGER) — corporate & electricity facility data,Clean Energy Regulator (CER),Hybrid,Published Scope 1/2 emissions and energy for corporations above threshold; designated generation facility emissions/generation,III.4,Australia (reporting entities),Corporation; electricity generation facility (state/grid fields),facility_or_asset,Annual FY series (latest published 2024–25 extracts),Annual (by ~28 Feb),XLSX / CSV,Open (above publication threshold),As stated by CER,No,https://cer.gov.au/markets/reports-and-data/nger-reporting-data-and-registers,https://cer.gov.au/schemes/national-greenhouse-and-energy-reporting-scheme,Mandatory NGER publications — key facility/corporate layer for Australian city inventories.,Publication thresholds; corporate totals not always facility-geocoded except electricity generators; Safeguard facilities related but separate.,High,Primary official
Wastewater treatment & discharge,AUS-004,AUS-004-III.4,National Greenhouse Accounts Factors,DCCEEW,Hybrid,"Emission factors for fuels, electricity (state), waste, refrigerants and related activity-to-emissions conversion",III.4,Australia,National; state electricity factors,state_or_province,Annual workbook editions,Annual,PDF / workbook,Open,Creative Commons (as stated),No,https://www.dcceew.gov.au/climate-change/publications/national-greenhouse-accounts-factors,https://www.dcceew.gov.au/climate-change/emissions-reporting/tracking-reporting-emissions,Standard Australian emission factors widely used in city and organisational inventories.,Not activity data; electricity factors are state/grid averages.,High,Primary official
Wastewater treatment & discharge,AUS-015,AUS-015-III.4,Snapshot Climate — municipal community GHG profiles,Ironbark Sustainability / Beyond Zero Emissions (Snapshot),Emissions,"GPC BASIC+ style municipality emissions profiles for all Australian LGAs (stationary, transport, waste, IPPU, AFOLU, fugitives)",III.4,Australia,Local government area; federal electorate; state,other_or_mixed,Annual profiles (multi-year series on portal),Annual,Web profiles / downloadable reports,Open (free profiles),As stated by Snapshot,No,https://snapshotclimate.com.au/,https://snapshotclimate.com.au/user-guide/,Nationwide LGA GHG profiles (GPC-oriented) filling the absence of an official LA inventory like UK DESNZ.,Hybrid Tier1/Tier2 modelled product — not a government National Statistic; calibrate to NIR/NGER/local utility data.,Medium,NGO / compiled municipal product
Wastewater treatment & discharge,AUS-016,AUS-016-III.4,City of Melbourne Municipal Greenhouse Gas Emissions (open data),City of Melbourne,Emissions,"GPC municipal inventory open dataset for Melbourne (stationary energy, transport, waste scopes)",III.4,City of Melbourne LGA,City / LGA,city_or_municipality,2013–2020 open series (ongoing CDP/GCoM reporting),Periodic open releases / annual reporting,CSV / XLS / JSON,Open,As stated on Data Vic / Melbourne open data,Partial,https://discover.data.vic.gov.au/dataset/city-of-melbourne-municipal-greenhouse-gas-emissions-2013-2020,https://www.melbourne.vic.gov.au/,Example open GPC city inventory dataset for a major Australian city.,Single-city; other capitals often publish PDFs/CDP without full open tables.,High,City official
Wastewater treatment & discharge,AUS-019,AUS-019-III.4,Bureau of Meteorology / water corporation wastewater & urban water reporting,BOM (National Performance Report) / state water corporations,Hybrid,Urban water/wastewater volumes and treatment performance supporting wastewater GHG estimation,III.4,Australia (urban utilities),Utility / city,city_or_municipality,Annual NPR series,Annual,Tables / Excel / utility open data,Open (aggregates),As stated by BOM / utilities,Partial,https://www.bom.gov.au/water/npr/,https://www.bom.gov.au/water/,Urban water utility performance reporting including wastewater volumes for III.4.,Utility boundaries ≠ LGA; process GHG often need additional factors/NGER site data.,Medium,Primary official / utility
Industrial processes,AUS-001,AUS-001-IV.1,Australia's National Greenhouse Accounts / National Inventory Report (NIR),"Department of Climate Change, Energy, the Environment and Water (DCCEEW)",Emissions,National GHG by IPCC sector/gas; methods and factors; quarterly updates; economic-sector inventory,IV.1,Australia,National,national,1990–2023/24 (NGA 2024 cycle); quarterly updates,Annual NIR + quarterly updates,Interactive web / tables / PDF NIR,Open,Creative Commons (as stated on ANGA / DCCEEW),No,https://greenhouseaccounts.climatechange.gov.au/,https://www.dcceew.gov.au/climate-change/emissions-reporting/tracking-reporting-emissions,Official UNFCCC NIR and National Greenhouse Accounts portal (successor to AGEIS).,"Not LGA/city boundary; use state inventories, Snapshot, or local activity data for cities.",High,Primary official
Industrial processes,AUS-002,AUS-002-IV.1,State and Territory Greenhouse Gas Inventories,DCCEEW,Emissions,State/territory disaggregation of the national inventory by sector,IV.1,Australia,State / territory,state_or_province,Aligned with National Greenhouse Accounts annual series,Annual,Tables / ANGA portal / PDF,Open,Creative Commons (as stated),No,https://greenhouseaccounts.climatechange.gov.au/,https://www.dcceew.gov.au/climate-change/emissions-reporting/tracking-reporting-emissions,Official state/territory GHG inventories — primary subnational official emissions layer.,Not municipal; city inventories need further downscaling or local data.,High,Primary official
Industrial processes,AUS-003,AUS-003-IV.1,National Greenhouse and Energy Reporting (NGER) — corporate & electricity facility data,Clean Energy Regulator (CER),Hybrid,Published Scope 1/2 emissions and energy for corporations above threshold; designated generation facility emissions/generation,IV.1,Australia (reporting entities),Corporation; electricity generation facility (state/grid fields),facility_or_asset,Annual FY series (latest published 2024–25 extracts),Annual (by ~28 Feb),XLSX / CSV,Open (above publication threshold),As stated by CER,No,https://cer.gov.au/markets/reports-and-data/nger-reporting-data-and-registers,https://cer.gov.au/schemes/national-greenhouse-and-energy-reporting-scheme,Mandatory NGER publications — key facility/corporate layer for Australian city inventories.,Publication thresholds; corporate totals not always facility-geocoded except electricity generators; Safeguard facilities related but separate.,High,Primary official
Industrial processes,AUS-014,AUS-014-IV.1,National Pollutant Inventory (NPI),DCCEEW,Hybrid,Facility pollutant releases/transfers — industrial process & combustion screening (not GHG-complete),IV.1,Australia,Facility; LGA/postcode search tools,neighborhood_or_small_area,From ~1998; annual (latest 2024–25 cycle),Annual,CSV / XLSX / web database,Open,Creative Commons Attribution 4.0,Partial,https://data.gov.au/data/dataset/043f58e0-a188-4458-b61c-04e5b540aea4,https://www.dcceew.gov.au/environment/protection/npi/data,Facility environmental releases useful to locate industrial sources alongside NGER.,Explicitly not a GHG inventory (no CO2/CH4 as GHGs); substance list ≠ GPC gases.,High,Primary official
Industrial processes,AUS-015,AUS-015-IV.1,Snapshot Climate — municipal community GHG profiles,Ironbark Sustainability / Beyond Zero Emissions (Snapshot),Emissions,"GPC BASIC+ style municipality emissions profiles for all Australian LGAs (stationary, transport, waste, IPPU, AFOLU, fugitives)",IV.1,Australia,Local government area; federal electorate; state,other_or_mixed,Annual profiles (multi-year series on portal),Annual,Web profiles / downloadable reports,Open (free profiles),As stated by Snapshot,No,https://snapshotclimate.com.au/,https://snapshotclimate.com.au/user-guide/,Nationwide LGA GHG profiles (GPC-oriented) filling the absence of an official LA inventory like UK DESNZ.,Hybrid Tier1/Tier2 modelled product — not a government National Statistic; calibrate to NIR/NGER/local utility data.,Medium,NGO / compiled municipal product
Industrial processes,AUS-017,AUS-017-IV.1,Safeguard Mechanism facility emissions (CER),Clean Energy Regulator,Emissions,Large facility covered emissions under Safeguard — industrial/energy point sources,IV.1,Australia (covered facilities),Facility,facility_or_asset,Annual Safeguard reporting years,Annual,Tables / register extracts,Open (published register elements),As stated by CER,No,https://cer.gov.au/schemes/safeguard-mechanism,https://cer.gov.au/schemes/safeguard-mechanism,"Large-emitter facility emissions under Safeguard, complementary to NGER publications.",Covers high emitters only; not community Scope 2 accounting.,High,Primary official
Industrial processes,AUS-022,AUS-022-IV.1,EDGAR GHG gridded & cities emissions,European Commission JRC,Emissions,Modeled sectoral GHG grids and city products for cross-check,IV.1,Global including Australia,0.1° / 1 km city products,modeled_grid,1970–2024,Periodic,NetCDF/CSV,Open,As stated by JRC,No,https://edgar.jrc.ec.europa.eu/emissions_data_and_maps,https://edgar.jrc.ec.europa.eu/,Modeled gap-fill/cross-check versus NGA/NGER/Snapshot/city inventories.,Prefer official Australian sources when available.,High,International modeled
Industrial processes,AUS-023,AUS-023-IV.1,Climate TRACE inventory,Climate TRACE,Emissions,Asset and urban-area emissions estimates,IV.1,Global including Australia,Asset / urban area,modeled_grid,Monthly recent years,Periodic,CSV/API,Open,As stated by Climate TRACE,Yes,https://climatetrace.org/,https://climatetrace.org/,Asset/urban emissions complementary to NGER for gap-fill.,Not official; calibrate to NIR/NGER.,Medium,International modeled
Product use,AUS-001,AUS-001-IV.2,Australia's National Greenhouse Accounts / National Inventory Report (NIR),"Department of Climate Change, Energy, the Environment and Water (DCCEEW)",Emissions,National GHG by IPCC sector/gas; methods and factors; quarterly updates; economic-sector inventory,IV.2,Australia,National,national,1990–2023/24 (NGA 2024 cycle); quarterly updates,Annual NIR + quarterly updates,Interactive web / tables / PDF NIR,Open,Creative Commons (as stated on ANGA / DCCEEW),No,https://greenhouseaccounts.climatechange.gov.au/,https://www.dcceew.gov.au/climate-change/emissions-reporting/tracking-reporting-emissions,Official UNFCCC NIR and National Greenhouse Accounts portal (successor to AGEIS).,"Not LGA/city boundary; use state inventories, Snapshot, or local activity data for cities.",High,Primary official
Product use,AUS-002,AUS-002-IV.2,State and Territory Greenhouse Gas Inventories,DCCEEW,Emissions,State/territory disaggregation of the national inventory by sector,IV.2,Australia,State / territory,state_or_province,Aligned with National Greenhouse Accounts annual series,Annual,Tables / ANGA portal / PDF,Open,Creative Commons (as stated),No,https://greenhouseaccounts.climatechange.gov.au/,https://www.dcceew.gov.au/climate-change/emissions-reporting/tracking-reporting-emissions,Official state/territory GHG inventories — primary subnational official emissions layer.,Not municipal; city inventories need further downscaling or local data.,High,Primary official
Product use,AUS-004,AUS-004-IV.2,National Greenhouse Accounts Factors,DCCEEW,Hybrid,"Emission factors for fuels, electricity (state), waste, refrigerants and related activity-to-emissions conversion",IV.2,Australia,National; state electricity factors,state_or_province,Annual workbook editions,Annual,PDF / workbook,Open,Creative Commons (as stated),No,https://www.dcceew.gov.au/climate-change/publications/national-greenhouse-accounts-factors,https://www.dcceew.gov.au/climate-change/emissions-reporting/tracking-reporting-emissions,Standard Australian emission factors widely used in city and organisational inventories.,Not activity data; electricity factors are state/grid averages.,High,Primary official
Product use,AUS-015,AUS-015-IV.2,Snapshot Climate — municipal community GHG profiles,Ironbark Sustainability / Beyond Zero Emissions (Snapshot),Emissions,"GPC BASIC+ style municipality emissions profiles for all Australian LGAs (stationary, transport, waste, IPPU, AFOLU, fugitives)",IV.2,Australia,Local government area; federal electorate; state,other_or_mixed,Annual profiles (multi-year series on portal),Annual,Web profiles / downloadable reports,Open (free profiles),As stated by Snapshot,No,https://snapshotclimate.com.au/,https://snapshotclimate.com.au/user-guide/,Nationwide LGA GHG profiles (GPC-oriented) filling the absence of an official LA inventory like UK DESNZ.,Hybrid Tier1/Tier2 modelled product — not a government National Statistic; calibrate to NIR/NGER/local utility data.,Medium,NGO / compiled municipal product
Product use,AUS-025,AUS-025-IV.2,F-gas / product-use emissions (NGA IPPU + NGA Factors refrigerants),DCCEEW,Emissions,National HFC and product-use emissions; refrigerant factors for IV.2,IV.2,Australia,National / state (inventory); factors national,state_or_province,Aligned with NGA/NIR,Annual,NGA tables / NGA Factors,Open,As stated,No,https://greenhouseaccounts.climatechange.gov.au/,https://www.dcceew.gov.au/climate-change/publications/national-greenhouse-accounts-factors,National product-use / F-gas emissions and factors for IPPU product use.,No robust open city refrigerant stock register; Snapshot includes IPPU via modelled methods.,Medium,Primary official
Livestock,AUS-001,AUS-001-V.1,Australia's National Greenhouse Accounts / National Inventory Report (NIR),"Department of Climate Change, Energy, the Environment and Water (DCCEEW)",Emissions,National GHG by IPCC sector/gas; methods and factors; quarterly updates; economic-sector inventory,V.1,Australia,National,national,1990–2023/24 (NGA 2024 cycle); quarterly updates,Annual NIR + quarterly updates,Interactive web / tables / PDF NIR,Open,Creative Commons (as stated on ANGA / DCCEEW),No,https://greenhouseaccounts.climatechange.gov.au/,https://www.dcceew.gov.au/climate-change/emissions-reporting/tracking-reporting-emissions,Official UNFCCC NIR and National Greenhouse Accounts portal (successor to AGEIS).,"Not LGA/city boundary; use state inventories, Snapshot, or local activity data for cities.",High,Primary official
Livestock,AUS-002,AUS-002-V.1,State and Territory Greenhouse Gas Inventories,DCCEEW,Emissions,State/territory disaggregation of the national inventory by sector,V.1,Australia,State / territory,state_or_province,Aligned with National Greenhouse Accounts annual series,Annual,Tables / ANGA portal / PDF,Open,Creative Commons (as stated),No,https://greenhouseaccounts.climatechange.gov.au/,https://www.dcceew.gov.au/climate-change/emissions-reporting/tracking-reporting-emissions,Official state/territory GHG inventories — primary subnational official emissions layer.,Not municipal; city inventories need further downscaling or local data.,High,Primary official
Livestock,AUS-011,AUS-011-V.1,ABS Agricultural Census / ABARES agricultural statistics,ABS / ABARES (DAFF),Activity,"Livestock, crops and land use for AFOLU; agri energy context",V.1,Australia,National; state; SA2/NRM and related geographies (census products),state_or_province,Census cycles (e.g. 2020–21) + annual ABARES surveys,Periodic census / annual surveys,Tables / dashboards / CSV,Open (aggregates),Creative Commons Attribution 4.0 / as stated,Partial,https://www.abs.gov.au/statistics/industry/agriculture/agricultural-census-australia/latest-release,https://www.agriculture.gov.au/abares/data,Official agriculture structure statistics for livestock and land-related GPC sectors.,Confidentiality limits fine geography; agri energy use not fully metered in census.,High,Primary official
Livestock,AUS-015,AUS-015-V.1,Snapshot Climate — municipal community GHG profiles,Ironbark Sustainability / Beyond Zero Emissions (Snapshot),Emissions,"GPC BASIC+ style municipality emissions profiles for all Australian LGAs (stationary, transport, waste, IPPU, AFOLU, fugitives)",V.1,Australia,Local government area; federal electorate; state,other_or_mixed,Annual profiles (multi-year series on portal),Annual,Web profiles / downloadable reports,Open (free profiles),As stated by Snapshot,No,https://snapshotclimate.com.au/,https://snapshotclimate.com.au/user-guide/,Nationwide LGA GHG profiles (GPC-oriented) filling the absence of an official LA inventory like UK DESNZ.,Hybrid Tier1/Tier2 modelled product — not a government National Statistic; calibrate to NIR/NGER/local utility data.,Medium,NGO / compiled municipal product
Livestock,AUS-022,AUS-022-V.1,EDGAR GHG gridded & cities emissions,European Commission JRC,Emissions,Modeled sectoral GHG grids and city products for cross-check,V.1,Global including Australia,0.1° / 1 km city products,modeled_grid,1970–2024,Periodic,NetCDF/CSV,Open,As stated by JRC,No,https://edgar.jrc.ec.europa.eu/emissions_data_and_maps,https://edgar.jrc.ec.europa.eu/,Modeled gap-fill/cross-check versus NGA/NGER/Snapshot/city inventories.,Prefer official Australian sources when available.,High,International modeled
Land,AUS-001,AUS-001-V.2,Australia's National Greenhouse Accounts / National Inventory Report (NIR),"Department of Climate Change, Energy, the Environment and Water (DCCEEW)",Emissions,National GHG by IPCC sector/gas; methods and factors; quarterly updates; economic-sector inventory,V.2,Australia,National,national,1990–2023/24 (NGA 2024 cycle); quarterly updates,Annual NIR + quarterly updates,Interactive web / tables / PDF NIR,Open,Creative Commons (as stated on ANGA / DCCEEW),No,https://greenhouseaccounts.climatechange.gov.au/,https://www.dcceew.gov.au/climate-change/emissions-reporting/tracking-reporting-emissions,Official UNFCCC NIR and National Greenhouse Accounts portal (successor to AGEIS).,"Not LGA/city boundary; use state inventories, Snapshot, or local activity data for cities.",High,Primary official
Land,AUS-002,AUS-002-V.2,State and Territory Greenhouse Gas Inventories,DCCEEW,Emissions,State/territory disaggregation of the national inventory by sector,V.2,Australia,State / territory,state_or_province,Aligned with National Greenhouse Accounts annual series,Annual,Tables / ANGA portal / PDF,Open,Creative Commons (as stated),No,https://greenhouseaccounts.climatechange.gov.au/,https://www.dcceew.gov.au/climate-change/emissions-reporting/tracking-reporting-emissions,Official state/territory GHG inventories — primary subnational official emissions layer.,Not municipal; city inventories need further downscaling or local data.,High,Primary official
Land,AUS-011,AUS-011-V.2,ABS Agricultural Census / ABARES agricultural statistics,ABS / ABARES (DAFF),Activity,"Livestock, crops and land use for AFOLU; agri energy context",V.2,Australia,National; state; SA2/NRM and related geographies (census products),state_or_province,Census cycles (e.g. 2020–21) + annual ABARES surveys,Periodic census / annual surveys,Tables / dashboards / CSV,Open (aggregates),Creative Commons Attribution 4.0 / as stated,Partial,https://www.abs.gov.au/statistics/industry/agriculture/agricultural-census-australia/latest-release,https://www.agriculture.gov.au/abares/data,Official agriculture structure statistics for livestock and land-related GPC sectors.,Confidentiality limits fine geography; agri energy use not fully metered in census.,High,Primary official
Land,AUS-012,AUS-012-V.2,FullCAM / Australia land sector carbon accounting (National Greenhouse Accounts),DCCEEW,Hybrid,LULUCF modelling and land-sector emissions/removals underpinning the NIR,V.2,Australia,National; modelled spatial units used in NGA,modeled_grid,Aligned with NIR land sector,Annual (with inventory),Model outputs / NGA tables / FullCAM tools,Open (NGA results); FullCAM tool access as published,As stated by DCCEEW,No,https://greenhouseaccounts.climatechange.gov.au/,https://www.dcceew.gov.au/climate-change/emissions-reporting/tracking-reporting-emissions,Official land-sector carbon accounting model and results for AFOLU land.,City tree canopy often needs local canopy/LiDAR layers beyond national FullCAM products.,High,Primary official
Land,AUS-013,AUS-013-V.2,Australia's State of the Forests / ABARES forest statistics,ABARES / Montreal Process Implementation Group,Activity,"Forest area, tenure and related biomass/land-use activity",V.2,Australia,National; state; forest estate maps,state_or_province,Periodic SOFR cycles + annual forest statistics,Periodic / annual,PDF / tables / spatial products,Open,As stated by ABARES,No,https://www.agriculture.gov.au/abares/forestsaustralia/sofr,https://www.agriculture.gov.au/abares/forestsaustralia,Official forest inventory/reporting supporting AFOLU land sector estimation.,Urban forests incompletely represented; pair with local canopy data for cities.,High,Primary official
Land,AUS-015,AUS-015-V.2,Snapshot Climate — municipal community GHG profiles,Ironbark Sustainability / Beyond Zero Emissions (Snapshot),Emissions,"GPC BASIC+ style municipality emissions profiles for all Australian LGAs (stationary, transport, waste, IPPU, AFOLU, fugitives)",V.2,Australia,Local government area; federal electorate; state,other_or_mixed,Annual profiles (multi-year series on portal),Annual,Web profiles / downloadable reports,Open (free profiles),As stated by Snapshot,No,https://snapshotclimate.com.au/,https://snapshotclimate.com.au/user-guide/,Nationwide LGA GHG profiles (GPC-oriented) filling the absence of an official LA inventory like UK DESNZ.,Hybrid Tier1/Tier2 modelled product — not a government National Statistic; calibrate to NIR/NGER/local utility data.,Medium,NGO / compiled municipal product
Land,AUS-022,AUS-022-V.2,EDGAR GHG gridded & cities emissions,European Commission JRC,Emissions,Modeled sectoral GHG grids and city products for cross-check,V.2,Global including Australia,0.1° / 1 km city products,modeled_grid,1970–2024,Periodic,NetCDF/CSV,Open,As stated by JRC,No,https://edgar.jrc.ec.europa.eu/emissions_data_and_maps,https://edgar.jrc.ec.europa.eu/,Modeled gap-fill/cross-check versus NGA/NGER/Snapshot/city inventories.,Prefer official Australian sources when available.,High,International modeled
Land,AUS-023,AUS-023-V.2,Climate TRACE inventory,Climate TRACE,Emissions,Asset and urban-area emissions estimates,V.2,Global including Australia,Asset / urban area,modeled_grid,Monthly recent years,Periodic,CSV/API,Open,As stated by Climate TRACE,Yes,https://climatetrace.org/,https://climatetrace.org/,Asset/urban emissions complementary to NGER for gap-fill.,Not official; calibrate to NIR/NGER.,Medium,International modeled
Aggregate sources & non-CO₂ emissions sources on land,AUS-001,AUS-001-V.3,Australia's National Greenhouse Accounts / National Inventory Report (NIR),"Department of Climate Change, Energy, the Environment and Water (DCCEEW)",Emissions,National GHG by IPCC sector/gas; methods and factors; quarterly updates; economic-sector inventory,V.3,Australia,National,national,1990–2023/24 (NGA 2024 cycle); quarterly updates,Annual NIR + quarterly updates,Interactive web / tables / PDF NIR,Open,Creative Commons (as stated on ANGA / DCCEEW),No,https://greenhouseaccounts.climatechange.gov.au/,https://www.dcceew.gov.au/climate-change/emissions-reporting/tracking-reporting-emissions,Official UNFCCC NIR and National Greenhouse Accounts portal (successor to AGEIS).,"Not LGA/city boundary; use state inventories, Snapshot, or local activity data for cities.",High,Primary official
Aggregate sources & non-CO₂ emissions sources on land,AUS-002,AUS-002-V.3,State and Territory Greenhouse Gas Inventories,DCCEEW,Emissions,State/territory disaggregation of the national inventory by sector,V.3,Australia,State / territory,state_or_province,Aligned with National Greenhouse Accounts annual series,Annual,Tables / ANGA portal / PDF,Open,Creative Commons (as stated),No,https://greenhouseaccounts.climatechange.gov.au/,https://www.dcceew.gov.au/climate-change/emissions-reporting/tracking-reporting-emissions,Official state/territory GHG inventories — primary subnational official emissions layer.,Not municipal; city inventories need further downscaling or local data.,High,Primary official
Aggregate sources & non-CO₂ emissions sources on land,AUS-011,AUS-011-V.3,ABS Agricultural Census / ABARES agricultural statistics,ABS / ABARES (DAFF),Activity,"Livestock, crops and land use for AFOLU; agri energy context",V.3,Australia,National; state; SA2/NRM and related geographies (census products),state_or_province,Census cycles (e.g. 2020–21) + annual ABARES surveys,Periodic census / annual surveys,Tables / dashboards / CSV,Open (aggregates),Creative Commons Attribution 4.0 / as stated,Partial,https://www.abs.gov.au/statistics/industry/agriculture/agricultural-census-australia/latest-release,https://www.agriculture.gov.au/abares/data,Official agriculture structure statistics for livestock and land-related GPC sectors.,Confidentiality limits fine geography; agri energy use not fully metered in census.,High,Primary official
Aggregate sources & non-CO₂ emissions sources on land,AUS-012,AUS-012-V.3,FullCAM / Australia land sector carbon accounting (National Greenhouse Accounts),DCCEEW,Hybrid,LULUCF modelling and land-sector emissions/removals underpinning the NIR,V.3,Australia,National; modelled spatial units used in NGA,modeled_grid,Aligned with NIR land sector,Annual (with inventory),Model outputs / NGA tables / FullCAM tools,Open (NGA results); FullCAM tool access as published,As stated by DCCEEW,No,https://greenhouseaccounts.climatechange.gov.au/,https://www.dcceew.gov.au/climate-change/emissions-reporting/tracking-reporting-emissions,Official land-sector carbon accounting model and results for AFOLU land.,City tree canopy often needs local canopy/LiDAR layers beyond national FullCAM products.,High,Primary official
Aggregate sources & non-CO₂ emissions sources on land,AUS-022,AUS-022-V.3,EDGAR GHG gridded & cities emissions,European Commission JRC,Emissions,Modeled sectoral GHG grids and city products for cross-check,V.3,Global including Australia,0.1° / 1 km city products,modeled_grid,1970–2024,Periodic,NetCDF/CSV,Open,As stated by JRC,No,https://edgar.jrc.ec.europa.eu/emissions_data_and_maps,https://edgar.jrc.ec.europa.eu/,Modeled gap-fill/cross-check versus NGA/NGER/Snapshot/city inventories.,Prefer official Australian sources when available.,High,International modeled
Other Scope 3,AUS-004,AUS-004-VI.1,National Greenhouse Accounts Factors,DCCEEW,Hybrid,"Emission factors for fuels, electricity (state), waste, refrigerants and related activity-to-emissions conversion",VI.1,Australia,National; state electricity factors,state_or_province,Annual workbook editions,Annual,PDF / workbook,Open,Creative Commons (as stated),No,https://www.dcceew.gov.au/climate-change/publications/national-greenhouse-accounts-factors,https://www.dcceew.gov.au/climate-change/emissions-reporting/tracking-reporting-emissions,Standard Australian emission factors widely used in city and organisational inventories.,Not activity data; electricity factors are state/grid averages.,High,Primary official
Other Scope 3,AUS-006,AUS-006-VI.1,"Energy Account, Australia (ABS)",Australian Bureau of Statistics (ABS),Hybrid,Physical energy supply/use by industry and households; monetary energy accounts,VI.1,Australia,National; industry,national,Annual FY series (latest 2023–24),Annual,Tables / CSV / data explorer,Open,Creative Commons Attribution 4.0,Yes (ABS API),https://www.abs.gov.au/statistics/industry/energy/energy-account-australia/latest-release,https://www.abs.gov.au/statistics/industry/energy/energy-account-australia/latest-release,Official SEEA-style energy accounts complementary to AES and the NIR.,Not GPC city inventory; industry classification differs from IPCC/GPC.,High,Primary official
Other Scope 3,AUS-021,AUS-021-VI.1,Household energy surveys / ABS household consumption modules,Australian Bureau of Statistics,Activity,Household energy use patterns and expenditures — residential supporting & Scope 3 proxies,VI.1,Australia,National/state (sample surveys),state_or_province,Periodic survey cycles,Periodic,Tables / microdata (access varies),Open (aggregates),Creative Commons Attribution 4.0,Partial,https://www.abs.gov.au/statistics/industry/energy,https://www.abs.gov.au/,Household survey products supporting residential energy characterisation.,Not billed utility meters; sample-based.,High,Primary official
