sector_name,dataset_id,row_id,dataset_name,publisher,dataset_type,information_requirements_satisfied,related_gpc_sector,geographic_coverage,geographic_granularity,granularity_class,temporal_coverage,update_frequency,data_format,open_restricted,license,api_available,download_url,documentation_url,short_description,limitations,confidence_level,authoritative_tier
Residential buildings,GBR-001,GBR-001-I.1,UK Greenhouse Gas Inventory / National Inventory Document (NID),Department for Energy Security and Net Zero (DESNZ) / Ricardo (NAEI),Emissions,National GHG by IPCC sector/gas; emission factors and methods; DA inventories for England Scotland Wales NI,I.1,United Kingdom,National; Devolved Administrations,state_or_province,1990–2024 (NID 2026 submission),Annual,PDF / XLSX / machine-readable CSV (NAEI),Open,UK Open Government Licence (OGL),No,https://naei.energysecurity.gov.uk/greenhouse-gases/greenhouse-gas-emissions-data,https://naei.energysecurity.gov.uk/,"Official UNFCCC NID/GHGI for the UK with pivot tables, CRT/CSV products and DA inventories.",Not municipal boundary; use LA GHG statistics for city-scale allocation.,High,Primary official
Residential buildings,GBR-002,GBR-002-I.1,UK local authority and regional greenhouse gas emissions statistics,DESNZ / NAEI (Ricardo),Emissions,"LA/regional end-user GHG by sector (buildings, industry, transport, waste, agriculture, LULUCF); nationally consistent city-proxy inventory",I.1,United Kingdom,Local authority; region; Protected Landscapes,city_or_municipality,2005–2024,Annual,CSV / XLSX / PDF statistical release,Open,UK Open Government Licence (OGL),No,https://www.gov.uk/government/statistics/uk-local-authority-and-regional-greenhouse-gas-emissions-statistics-2005-to-2024,https://naei.energysecurity.gov.uk/data/maps/local-authorities,Nationally consistent LA GHG emissions — primary UK city/local inventory product derived from NAEI + subnational energy.,"Excludes aviation, shipping, military transport and F-gases at LA level; end-user framing differs from territorial GPC Scope splits in places.",High,Primary official
Residential buildings,GBR-003,GBR-003-I.1,Subnational electricity and gas consumption statistics (LA / MSOA / LSOA),DESNZ,Activity,Metered electricity and gas consumption by domestic/non-domestic; LA and small-area geography for city inventories,I.1,Great Britain (NI via related products),Local authority; MSOA/IZ; LSOA/DZ (domestic); postcode products,neighborhood_or_small_area,~2005–2024 (product-dependent),Annual,CSV / ODS / Excel,Open,UK Open Government Licence (OGL),No,https://www.gov.uk/government/collections/sub-national-electricity-consumption-data,https://www.gov.uk/government/collections/sub-national-gas-consumption-data,Official small-area electricity and gas meter consumption — core activity data for UK stationary energy city inventories.,Gas weather-corrected; electricity not; LSOA only domestic; manufacturing vs commercial split limited in non-domestic class.,High,Primary official
Residential buildings,GBR-004,GBR-004-I.1,Digest of UK Energy Statistics (DUKES) / Energy Trends,DESNZ,Activity,National energy balance by fuel and consuming sector; generation mix; heat and other fuels context,I.1,United Kingdom,National; some DA/regional tables,state_or_province,Long annual series (DUKES); monthly Energy Trends,Annual / monthly,Excel / ODS / PDF,Open,UK Open Government Licence (OGL),No,https://www.gov.uk/government/collections/digest-of-uk-energy-statistics-dukes,https://www.gov.uk/government/collections/energy-trends,Core UK energy balance and generation statistics underpinning inventory and city downscaling.,Not LA meter data; city inventories should prefer subnational electricity/gas products.,High,Primary official
Residential buildings,GBR-005,GBR-005-I.1,Greenhouse gas reporting conversion factors (company reporting),DESNZ,Hybrid,"UK emission factors for fuels, electricity, transport, waste, water, refrigerants — activity-to-emissions conversion",I.1,United Kingdom,National factors (location/market-based electricity options),national,Annual editions (current year + archive),Annual,XLSX / CSV,Open,UK Open Government Licence (OGL),No,https://www.gov.uk/government/collections/government-conversion-factors-for-company-reporting,https://www.gov.uk/government/collections/government-conversion-factors-for-company-reporting,Standard UK GHG conversion factors widely used in city and organisational inventories.,Company-reporting framing; electricity factors are national/grid averages unless location-based alternatives applied.,High,Primary official
Residential buildings,GBR-017,GBR-017-I.1,London Energy and Greenhouse Gas Inventory (LEGGI),Greater London Authority (GLA),Hybrid,"GPC-style London inventory: stationary energy, transport, waste, IPPU, AFOLU; borough energy/emissions",I.1,Greater London,London; borough,city_or_municipality,Multi-year series through 2023 LEGGI,Annual,XLSX / CSV / explorer,Open,As stated on London Datastore,No,https://data.london.gov.uk/dataset/leggi/,https://apps.london.gov.uk/leggi-explorer,Mature city GHG/energy inventory for London with borough breakdowns — UK reference city product.,London-specific methodology; not all UK cities publish equivalent open inventories.,High,City official
Residential buildings,GBR-020,GBR-020-I.1,ONS UK Environmental Accounts (energy & GHG),Office for National Statistics (ONS),Hybrid,SEEA-style energy use and GHG accounts by industry/household — complementary national framing,I.1,United Kingdom,National; industry,national,Annual accounts series,Annual,Tables / CSV,Open,UK Open Government Licence (OGL),Yes (ONS API),https://www.ons.gov.uk/economy/environmentalaccounts,https://www.ons.gov.uk/economy/environmentalaccounts,Official environmental-economic accounts complementary to the territorial GHGI.,Not GPC city inventory; industry classification differs from IPCC/GPC.,High,Primary official
Residential buildings,GBR-021,GBR-021-I.1,Subnational total final energy / residual fuels consumption (non-gas non-electricity),DESNZ / NAEI,Activity,"LA estimates of other fuels (coal, oil, bioenergy, etc.) beyond electricity/gas meters",I.1,United Kingdom,Local authority; region,city_or_municipality,Aligned with subnational energy/NAEI products (~2005 onward),Annual,Excel / supporting NAEI LA pages,Open,UK Open Government Licence (OGL),No,https://naei.energysecurity.gov.uk/data/maps/local-authorities,https://www.gov.uk/government/collections/total-final-energy-consumption-at-sub-national-level,Subnational residual/other fuel consumption estimates for stationary energy beyond meters.,More modelled than meter data; sector splits coarser than electricity/gas.,High,Primary official
Residential buildings,GBR-024,GBR-024-I.1,EDGAR GHG gridded & cities emissions,European Commission JRC,Emissions,Modeled sectoral GHG grids and city products for cross-check,I.1,Global including UK,0.1° / 1 km city products,modeled_grid,1970–2024,Periodic,NetCDF/CSV,Open,As stated by JRC,No,https://edgar.jrc.ec.europa.eu/emissions_data_and_maps,https://edgar.jrc.ec.europa.eu/,Modeled gap-fill/cross-check versus DESNZ LA GHG / GHGI.,Prefer official UK sources when available.,High,International modeled
Commercial & institutional buildings,GBR-001,GBR-001-I.2,UK Greenhouse Gas Inventory / National Inventory Document (NID),Department for Energy Security and Net Zero (DESNZ) / Ricardo (NAEI),Emissions,National GHG by IPCC sector/gas; emission factors and methods; DA inventories for England Scotland Wales NI,I.2,United Kingdom,National; Devolved Administrations,state_or_province,1990–2024 (NID 2026 submission),Annual,PDF / XLSX / machine-readable CSV (NAEI),Open,UK Open Government Licence (OGL),No,https://naei.energysecurity.gov.uk/greenhouse-gases/greenhouse-gas-emissions-data,https://naei.energysecurity.gov.uk/,"Official UNFCCC NID/GHGI for the UK with pivot tables, CRT/CSV products and DA inventories.",Not municipal boundary; use LA GHG statistics for city-scale allocation.,High,Primary official
Commercial & institutional buildings,GBR-002,GBR-002-I.2,UK local authority and regional greenhouse gas emissions statistics,DESNZ / NAEI (Ricardo),Emissions,"LA/regional end-user GHG by sector (buildings, industry, transport, waste, agriculture, LULUCF); nationally consistent city-proxy inventory",I.2,United Kingdom,Local authority; region; Protected Landscapes,city_or_municipality,2005–2024,Annual,CSV / XLSX / PDF statistical release,Open,UK Open Government Licence (OGL),No,https://www.gov.uk/government/statistics/uk-local-authority-and-regional-greenhouse-gas-emissions-statistics-2005-to-2024,https://naei.energysecurity.gov.uk/data/maps/local-authorities,Nationally consistent LA GHG emissions — primary UK city/local inventory product derived from NAEI + subnational energy.,"Excludes aviation, shipping, military transport and F-gases at LA level; end-user framing differs from territorial GPC Scope splits in places.",High,Primary official
Commercial & institutional buildings,GBR-003,GBR-003-I.2,Subnational electricity and gas consumption statistics (LA / MSOA / LSOA),DESNZ,Activity,Metered electricity and gas consumption by domestic/non-domestic; LA and small-area geography for city inventories,I.2,Great Britain (NI via related products),Local authority; MSOA/IZ; LSOA/DZ (domestic); postcode products,neighborhood_or_small_area,~2005–2024 (product-dependent),Annual,CSV / ODS / Excel,Open,UK Open Government Licence (OGL),No,https://www.gov.uk/government/collections/sub-national-electricity-consumption-data,https://www.gov.uk/government/collections/sub-national-gas-consumption-data,Official small-area electricity and gas meter consumption — core activity data for UK stationary energy city inventories.,Gas weather-corrected; electricity not; LSOA only domestic; manufacturing vs commercial split limited in non-domestic class.,High,Primary official
Commercial & institutional buildings,GBR-004,GBR-004-I.2,Digest of UK Energy Statistics (DUKES) / Energy Trends,DESNZ,Activity,National energy balance by fuel and consuming sector; generation mix; heat and other fuels context,I.2,United Kingdom,National; some DA/regional tables,state_or_province,Long annual series (DUKES); monthly Energy Trends,Annual / monthly,Excel / ODS / PDF,Open,UK Open Government Licence (OGL),No,https://www.gov.uk/government/collections/digest-of-uk-energy-statistics-dukes,https://www.gov.uk/government/collections/energy-trends,Core UK energy balance and generation statistics underpinning inventory and city downscaling.,Not LA meter data; city inventories should prefer subnational electricity/gas products.,High,Primary official
Commercial & institutional buildings,GBR-005,GBR-005-I.2,Greenhouse gas reporting conversion factors (company reporting),DESNZ,Hybrid,"UK emission factors for fuels, electricity, transport, waste, water, refrigerants — activity-to-emissions conversion",I.2,United Kingdom,National factors (location/market-based electricity options),national,Annual editions (current year + archive),Annual,XLSX / CSV,Open,UK Open Government Licence (OGL),No,https://www.gov.uk/government/collections/government-conversion-factors-for-company-reporting,https://www.gov.uk/government/collections/government-conversion-factors-for-company-reporting,Standard UK GHG conversion factors widely used in city and organisational inventories.,Company-reporting framing; electricity factors are national/grid averages unless location-based alternatives applied.,High,Primary official
Commercial & institutional buildings,GBR-017,GBR-017-I.2,London Energy and Greenhouse Gas Inventory (LEGGI),Greater London Authority (GLA),Hybrid,"GPC-style London inventory: stationary energy, transport, waste, IPPU, AFOLU; borough energy/emissions",I.2,Greater London,London; borough,city_or_municipality,Multi-year series through 2023 LEGGI,Annual,XLSX / CSV / explorer,Open,As stated on London Datastore,No,https://data.london.gov.uk/dataset/leggi/,https://apps.london.gov.uk/leggi-explorer,Mature city GHG/energy inventory for London with borough breakdowns — UK reference city product.,London-specific methodology; not all UK cities publish equivalent open inventories.,High,City official
Commercial & institutional buildings,GBR-020,GBR-020-I.2,ONS UK Environmental Accounts (energy & GHG),Office for National Statistics (ONS),Hybrid,SEEA-style energy use and GHG accounts by industry/household — complementary national framing,I.2,United Kingdom,National; industry,national,Annual accounts series,Annual,Tables / CSV,Open,UK Open Government Licence (OGL),Yes (ONS API),https://www.ons.gov.uk/economy/environmentalaccounts,https://www.ons.gov.uk/economy/environmentalaccounts,Official environmental-economic accounts complementary to the territorial GHGI.,Not GPC city inventory; industry classification differs from IPCC/GPC.,High,Primary official
Commercial & institutional buildings,GBR-021,GBR-021-I.2,Subnational total final energy / residual fuels consumption (non-gas non-electricity),DESNZ / NAEI,Activity,"LA estimates of other fuels (coal, oil, bioenergy, etc.) beyond electricity/gas meters",I.2,United Kingdom,Local authority; region,city_or_municipality,Aligned with subnational energy/NAEI products (~2005 onward),Annual,Excel / supporting NAEI LA pages,Open,UK Open Government Licence (OGL),No,https://naei.energysecurity.gov.uk/data/maps/local-authorities,https://www.gov.uk/government/collections/total-final-energy-consumption-at-sub-national-level,Subnational residual/other fuel consumption estimates for stationary energy beyond meters.,More modelled than meter data; sector splits coarser than electricity/gas.,High,Primary official
Commercial & institutional buildings,GBR-024,GBR-024-I.2,EDGAR GHG gridded & cities emissions,European Commission JRC,Emissions,Modeled sectoral GHG grids and city products for cross-check,I.2,Global including UK,0.1° / 1 km city products,modeled_grid,1970–2024,Periodic,NetCDF/CSV,Open,As stated by JRC,No,https://edgar.jrc.ec.europa.eu/emissions_data_and_maps,https://edgar.jrc.ec.europa.eu/,Modeled gap-fill/cross-check versus DESNZ LA GHG / GHGI.,Prefer official UK sources when available.,High,International modeled
Manufacturing industries & construction,GBR-001,GBR-001-I.3,UK Greenhouse Gas Inventory / National Inventory Document (NID),Department for Energy Security and Net Zero (DESNZ) / Ricardo (NAEI),Emissions,National GHG by IPCC sector/gas; emission factors and methods; DA inventories for England Scotland Wales NI,I.3,United Kingdom,National; Devolved Administrations,state_or_province,1990–2024 (NID 2026 submission),Annual,PDF / XLSX / machine-readable CSV (NAEI),Open,UK Open Government Licence (OGL),No,https://naei.energysecurity.gov.uk/greenhouse-gases/greenhouse-gas-emissions-data,https://naei.energysecurity.gov.uk/,"Official UNFCCC NID/GHGI for the UK with pivot tables, CRT/CSV products and DA inventories.",Not municipal boundary; use LA GHG statistics for city-scale allocation.,High,Primary official
Manufacturing industries & construction,GBR-002,GBR-002-I.3,UK local authority and regional greenhouse gas emissions statistics,DESNZ / NAEI (Ricardo),Emissions,"LA/regional end-user GHG by sector (buildings, industry, transport, waste, agriculture, LULUCF); nationally consistent city-proxy inventory",I.3,United Kingdom,Local authority; region; Protected Landscapes,city_or_municipality,2005–2024,Annual,CSV / XLSX / PDF statistical release,Open,UK Open Government Licence (OGL),No,https://www.gov.uk/government/statistics/uk-local-authority-and-regional-greenhouse-gas-emissions-statistics-2005-to-2024,https://naei.energysecurity.gov.uk/data/maps/local-authorities,Nationally consistent LA GHG emissions — primary UK city/local inventory product derived from NAEI + subnational energy.,"Excludes aviation, shipping, military transport and F-gases at LA level; end-user framing differs from territorial GPC Scope splits in places.",High,Primary official
Manufacturing industries & construction,GBR-003,GBR-003-I.3,Subnational electricity and gas consumption statistics (LA / MSOA / LSOA),DESNZ,Activity,Metered electricity and gas consumption by domestic/non-domestic; LA and small-area geography for city inventories,I.3,Great Britain (NI via related products),Local authority; MSOA/IZ; LSOA/DZ (domestic); postcode products,neighborhood_or_small_area,~2005–2024 (product-dependent),Annual,CSV / ODS / Excel,Open,UK Open Government Licence (OGL),No,https://www.gov.uk/government/collections/sub-national-electricity-consumption-data,https://www.gov.uk/government/collections/sub-national-gas-consumption-data,Official small-area electricity and gas meter consumption — core activity data for UK stationary energy city inventories.,Gas weather-corrected; electricity not; LSOA only domestic; manufacturing vs commercial split limited in non-domestic class.,High,Primary official
Manufacturing industries & construction,GBR-004,GBR-004-I.3,Digest of UK Energy Statistics (DUKES) / Energy Trends,DESNZ,Activity,National energy balance by fuel and consuming sector; generation mix; heat and other fuels context,I.3,United Kingdom,National; some DA/regional tables,state_or_province,Long annual series (DUKES); monthly Energy Trends,Annual / monthly,Excel / ODS / PDF,Open,UK Open Government Licence (OGL),No,https://www.gov.uk/government/collections/digest-of-uk-energy-statistics-dukes,https://www.gov.uk/government/collections/energy-trends,Core UK energy balance and generation statistics underpinning inventory and city downscaling.,Not LA meter data; city inventories should prefer subnational electricity/gas products.,High,Primary official
Manufacturing industries & construction,GBR-005,GBR-005-I.3,Greenhouse gas reporting conversion factors (company reporting),DESNZ,Hybrid,"UK emission factors for fuels, electricity, transport, waste, water, refrigerants — activity-to-emissions conversion",I.3,United Kingdom,National factors (location/market-based electricity options),national,Annual editions (current year + archive),Annual,XLSX / CSV,Open,UK Open Government Licence (OGL),No,https://www.gov.uk/government/collections/government-conversion-factors-for-company-reporting,https://www.gov.uk/government/collections/government-conversion-factors-for-company-reporting,Standard UK GHG conversion factors widely used in city and organisational inventories.,Company-reporting framing; electricity factors are national/grid averages unless location-based alternatives applied.,High,Primary official
Manufacturing industries & construction,GBR-006,GBR-006-I.3,Environment Agency Pollution Inventory / UK PRTR facility emissions,Environment Agency / Defra (UK PRTR),Emissions,Facility-level releases including GHGs where reported; industrial combustion/process/waste/wastewater point sources,I.3,England & Wales (PI); UK PRTR for national industrial releases,Facility / permit site,facility_or_asset,Annual series (recent PI through 2024),Annual,ZIP/CSV / XML,Open,Environment Agency / OGL terms as published,Partial,https://www.data.gov.uk/dataset/cfd94301-a2f2-48a2-9915-e477ca6d8b7e/pollution-inventory,https://www.gov.uk/government/publications/download-industrial-emissions-and-waste-transfer-uk-prtr-data,Facility pollutant/GHG releases for large regulated sites — city point-source layer.,Reporting thresholds; not all GHGs/sites; Scotland/NI have parallel SEPA/NIEA products.,High,Primary official
Manufacturing industries & construction,GBR-007,GBR-007-I.3,NAEI point sources and gridded emissions,DESNZ / NAEI (Ricardo),Emissions,Mapped point sources and gridded sectoral emissions supporting LA allocation and city inventories,I.3,United Kingdom,Point source; ~1 km grids; interactive maps,facility_or_asset,~2005–2023 (gridded/point products as published),Periodic / annual cycle,Maps / downloadable gridded & point data,Open,UK Open Government Licence (OGL),No,https://naei.energysecurity.gov.uk/greenhouse-gases/greenhouse-gas-emissions-data,https://naei.energysecurity.gov.uk/,Spatially resolved NAEI emissions and point sources used in LA GHG statistics.,Grid resolution may blur dense city sources; prefer LA tables for reporting totals.,High,Primary official
Manufacturing industries & construction,GBR-017,GBR-017-I.3,London Energy and Greenhouse Gas Inventory (LEGGI),Greater London Authority (GLA),Hybrid,"GPC-style London inventory: stationary energy, transport, waste, IPPU, AFOLU; borough energy/emissions",I.3,Greater London,London; borough,city_or_municipality,Multi-year series through 2023 LEGGI,Annual,XLSX / CSV / explorer,Open,As stated on London Datastore,No,https://data.london.gov.uk/dataset/leggi/,https://apps.london.gov.uk/leggi-explorer,Mature city GHG/energy inventory for London with borough breakdowns — UK reference city product.,London-specific methodology; not all UK cities publish equivalent open inventories.,High,City official
Manufacturing industries & construction,GBR-020,GBR-020-I.3,ONS UK Environmental Accounts (energy & GHG),Office for National Statistics (ONS),Hybrid,SEEA-style energy use and GHG accounts by industry/household — complementary national framing,I.3,United Kingdom,National; industry,national,Annual accounts series,Annual,Tables / CSV,Open,UK Open Government Licence (OGL),Yes (ONS API),https://www.ons.gov.uk/economy/environmentalaccounts,https://www.ons.gov.uk/economy/environmentalaccounts,Official environmental-economic accounts complementary to the territorial GHGI.,Not GPC city inventory; industry classification differs from IPCC/GPC.,High,Primary official
Manufacturing industries & construction,GBR-021,GBR-021-I.3,Subnational total final energy / residual fuels consumption (non-gas non-electricity),DESNZ / NAEI,Activity,"LA estimates of other fuels (coal, oil, bioenergy, etc.) beyond electricity/gas meters",I.3,United Kingdom,Local authority; region,city_or_municipality,Aligned with subnational energy/NAEI products (~2005 onward),Annual,Excel / supporting NAEI LA pages,Open,UK Open Government Licence (OGL),No,https://naei.energysecurity.gov.uk/data/maps/local-authorities,https://www.gov.uk/government/collections/total-final-energy-consumption-at-sub-national-level,Subnational residual/other fuel consumption estimates for stationary energy beyond meters.,More modelled than meter data; sector splits coarser than electricity/gas.,High,Primary official
Manufacturing industries & construction,GBR-024,GBR-024-I.3,EDGAR GHG gridded & cities emissions,European Commission JRC,Emissions,Modeled sectoral GHG grids and city products for cross-check,I.3,Global including UK,0.1° / 1 km city products,modeled_grid,1970–2024,Periodic,NetCDF/CSV,Open,As stated by JRC,No,https://edgar.jrc.ec.europa.eu/emissions_data_and_maps,https://edgar.jrc.ec.europa.eu/,Modeled gap-fill/cross-check versus DESNZ LA GHG / GHGI.,Prefer official UK sources when available.,High,International modeled
Manufacturing industries & construction,GBR-025,GBR-025-I.3,Climate TRACE inventory,Climate TRACE,Emissions,Asset and urban-area emissions estimates,I.3,Global including UK,Asset / urban area,modeled_grid,Monthly recent years,Periodic,CSV/API,Open,As stated by Climate TRACE,Yes,https://climatetrace.org/,https://climatetrace.org/,Asset/urban emissions complementary to Pollution Inventory and LA GHG stats.,Not official; calibrate to GHGI / LA statistics.,Medium,International modeled
Energy industries,GBR-001,GBR-001-I.4,UK Greenhouse Gas Inventory / National Inventory Document (NID),Department for Energy Security and Net Zero (DESNZ) / Ricardo (NAEI),Emissions,National GHG by IPCC sector/gas; emission factors and methods; DA inventories for England Scotland Wales NI,I.4,United Kingdom,National; Devolved Administrations,state_or_province,1990–2024 (NID 2026 submission),Annual,PDF / XLSX / machine-readable CSV (NAEI),Open,UK Open Government Licence (OGL),No,https://naei.energysecurity.gov.uk/greenhouse-gases/greenhouse-gas-emissions-data,https://naei.energysecurity.gov.uk/,"Official UNFCCC NID/GHGI for the UK with pivot tables, CRT/CSV products and DA inventories.",Not municipal boundary; use LA GHG statistics for city-scale allocation.,High,Primary official
Energy industries,GBR-002,GBR-002-I.4,UK local authority and regional greenhouse gas emissions statistics,DESNZ / NAEI (Ricardo),Emissions,"LA/regional end-user GHG by sector (buildings, industry, transport, waste, agriculture, LULUCF); nationally consistent city-proxy inventory",I.4,United Kingdom,Local authority; region; Protected Landscapes,city_or_municipality,2005–2024,Annual,CSV / XLSX / PDF statistical release,Open,UK Open Government Licence (OGL),No,https://www.gov.uk/government/statistics/uk-local-authority-and-regional-greenhouse-gas-emissions-statistics-2005-to-2024,https://naei.energysecurity.gov.uk/data/maps/local-authorities,Nationally consistent LA GHG emissions — primary UK city/local inventory product derived from NAEI + subnational energy.,"Excludes aviation, shipping, military transport and F-gases at LA level; end-user framing differs from territorial GPC Scope splits in places.",High,Primary official
Energy industries,GBR-003,GBR-003-I.4,Subnational electricity and gas consumption statistics (LA / MSOA / LSOA),DESNZ,Activity,Metered electricity and gas consumption by domestic/non-domestic; LA and small-area geography for city inventories,I.4,Great Britain (NI via related products),Local authority; MSOA/IZ; LSOA/DZ (domestic); postcode products,neighborhood_or_small_area,~2005–2024 (product-dependent),Annual,CSV / ODS / Excel,Open,UK Open Government Licence (OGL),No,https://www.gov.uk/government/collections/sub-national-electricity-consumption-data,https://www.gov.uk/government/collections/sub-national-gas-consumption-data,Official small-area electricity and gas meter consumption — core activity data for UK stationary energy city inventories.,Gas weather-corrected; electricity not; LSOA only domestic; manufacturing vs commercial split limited in non-domestic class.,High,Primary official
Energy industries,GBR-004,GBR-004-I.4,Digest of UK Energy Statistics (DUKES) / Energy Trends,DESNZ,Activity,National energy balance by fuel and consuming sector; generation mix; heat and other fuels context,I.4,United Kingdom,National; some DA/regional tables,state_or_province,Long annual series (DUKES); monthly Energy Trends,Annual / monthly,Excel / ODS / PDF,Open,UK Open Government Licence (OGL),No,https://www.gov.uk/government/collections/digest-of-uk-energy-statistics-dukes,https://www.gov.uk/government/collections/energy-trends,Core UK energy balance and generation statistics underpinning inventory and city downscaling.,Not LA meter data; city inventories should prefer subnational electricity/gas products.,High,Primary official
Energy industries,GBR-005,GBR-005-I.4,Greenhouse gas reporting conversion factors (company reporting),DESNZ,Hybrid,"UK emission factors for fuels, electricity, transport, waste, water, refrigerants — activity-to-emissions conversion",I.4,United Kingdom,National factors (location/market-based electricity options),national,Annual editions (current year + archive),Annual,XLSX / CSV,Open,UK Open Government Licence (OGL),No,https://www.gov.uk/government/collections/government-conversion-factors-for-company-reporting,https://www.gov.uk/government/collections/government-conversion-factors-for-company-reporting,Standard UK GHG conversion factors widely used in city and organisational inventories.,Company-reporting framing; electricity factors are national/grid averages unless location-based alternatives applied.,High,Primary official
Energy industries,GBR-006,GBR-006-I.4,Environment Agency Pollution Inventory / UK PRTR facility emissions,Environment Agency / Defra (UK PRTR),Emissions,Facility-level releases including GHGs where reported; industrial combustion/process/waste/wastewater point sources,I.4,England & Wales (PI); UK PRTR for national industrial releases,Facility / permit site,facility_or_asset,Annual series (recent PI through 2024),Annual,ZIP/CSV / XML,Open,Environment Agency / OGL terms as published,Partial,https://www.data.gov.uk/dataset/cfd94301-a2f2-48a2-9915-e477ca6d8b7e/pollution-inventory,https://www.gov.uk/government/publications/download-industrial-emissions-and-waste-transfer-uk-prtr-data,Facility pollutant/GHG releases for large regulated sites — city point-source layer.,Reporting thresholds; not all GHGs/sites; Scotland/NI have parallel SEPA/NIEA products.,High,Primary official
Energy industries,GBR-007,GBR-007-I.4,NAEI point sources and gridded emissions,DESNZ / NAEI (Ricardo),Emissions,Mapped point sources and gridded sectoral emissions supporting LA allocation and city inventories,I.4,United Kingdom,Point source; ~1 km grids; interactive maps,facility_or_asset,~2005–2023 (gridded/point products as published),Periodic / annual cycle,Maps / downloadable gridded & point data,Open,UK Open Government Licence (OGL),No,https://naei.energysecurity.gov.uk/greenhouse-gases/greenhouse-gas-emissions-data,https://naei.energysecurity.gov.uk/,Spatially resolved NAEI emissions and point sources used in LA GHG statistics.,Grid resolution may blur dense city sources; prefer LA tables for reporting totals.,High,Primary official
Energy industries,GBR-017,GBR-017-I.4,London Energy and Greenhouse Gas Inventory (LEGGI),Greater London Authority (GLA),Hybrid,"GPC-style London inventory: stationary energy, transport, waste, IPPU, AFOLU; borough energy/emissions",I.4,Greater London,London; borough,city_or_municipality,Multi-year series through 2023 LEGGI,Annual,XLSX / CSV / explorer,Open,As stated on London Datastore,No,https://data.london.gov.uk/dataset/leggi/,https://apps.london.gov.uk/leggi-explorer,Mature city GHG/energy inventory for London with borough breakdowns — UK reference city product.,London-specific methodology; not all UK cities publish equivalent open inventories.,High,City official
Energy industries,GBR-018,GBR-018-I.4,NESO / electricity generation & carbon intensity data,National Energy System Operator (NESO),Hybrid,"Generation mix, demand and carbon intensity for electricity Scope 2 factors and energy industries context",I.4,Great Britain,National / balancing mechanism; regional carbon intensity,state_or_province,Near real-time + historic,Continuous / half-hourly,API / CSV,Open,As stated by NESO (Carbon Intensity API terms),Yes,https://carbonintensity.org.uk/,https://www.neso.energy/data-portal,Operational GB electricity system and carbon intensity data for Scope 2 and I.4 context.,Not a substitute for DUKES annual balances; NI separate market.,High,Primary official / system operator
Energy industries,GBR-019,GBR-019-I.4,NSTA oil and gas production / emissions-related petroleum data,North Sea Transition Authority (NSTA),Hybrid,Upstream oil & gas production and related emissions intelligence for fugitive/energy industries,I.4,UK Continental Shelf / UK oil & gas,Field / asset; national,national,Long series; monthly production,Monthly / annual,Open data portal / tables,Open,As stated by NSTA,Partial,https://www.nstauthority.co.uk/data-centre/,https://www.nstauthority.co.uk/,Official UK upstream petroleum data supporting oil/gas fugitive and energy industry inventories.,Offshore-heavy; city inventories mainly relevant near terminals/refineries/onshore assets.,High,Primary official
Energy industries,GBR-020,GBR-020-I.4,ONS UK Environmental Accounts (energy & GHG),Office for National Statistics (ONS),Hybrid,SEEA-style energy use and GHG accounts by industry/household — complementary national framing,I.4,United Kingdom,National; industry,national,Annual accounts series,Annual,Tables / CSV,Open,UK Open Government Licence (OGL),Yes (ONS API),https://www.ons.gov.uk/economy/environmentalaccounts,https://www.ons.gov.uk/economy/environmentalaccounts,Official environmental-economic accounts complementary to the territorial GHGI.,Not GPC city inventory; industry classification differs from IPCC/GPC.,High,Primary official
Energy industries,GBR-024,GBR-024-I.4,EDGAR GHG gridded & cities emissions,European Commission JRC,Emissions,Modeled sectoral GHG grids and city products for cross-check,I.4,Global including UK,0.1° / 1 km city products,modeled_grid,1970–2024,Periodic,NetCDF/CSV,Open,As stated by JRC,No,https://edgar.jrc.ec.europa.eu/emissions_data_and_maps,https://edgar.jrc.ec.europa.eu/,Modeled gap-fill/cross-check versus DESNZ LA GHG / GHGI.,Prefer official UK sources when available.,High,International modeled
Energy industries,GBR-025,GBR-025-I.4,Climate TRACE inventory,Climate TRACE,Emissions,Asset and urban-area emissions estimates,I.4,Global including UK,Asset / urban area,modeled_grid,Monthly recent years,Periodic,CSV/API,Open,As stated by Climate TRACE,Yes,https://climatetrace.org/,https://climatetrace.org/,Asset/urban emissions complementary to Pollution Inventory and LA GHG stats.,Not official; calibrate to GHGI / LA statistics.,Medium,International modeled
"Agriculture, forestry & fishing energy",GBR-001,GBR-001-I.5,UK Greenhouse Gas Inventory / National Inventory Document (NID),Department for Energy Security and Net Zero (DESNZ) / Ricardo (NAEI),Emissions,National GHG by IPCC sector/gas; emission factors and methods; DA inventories for England Scotland Wales NI,I.5,United Kingdom,National; Devolved Administrations,state_or_province,1990–2024 (NID 2026 submission),Annual,PDF / XLSX / machine-readable CSV (NAEI),Open,UK Open Government Licence (OGL),No,https://naei.energysecurity.gov.uk/greenhouse-gases/greenhouse-gas-emissions-data,https://naei.energysecurity.gov.uk/,"Official UNFCCC NID/GHGI for the UK with pivot tables, CRT/CSV products and DA inventories.",Not municipal boundary; use LA GHG statistics for city-scale allocation.,High,Primary official
"Agriculture, forestry & fishing energy",GBR-002,GBR-002-I.5,UK local authority and regional greenhouse gas emissions statistics,DESNZ / NAEI (Ricardo),Emissions,"LA/regional end-user GHG by sector (buildings, industry, transport, waste, agriculture, LULUCF); nationally consistent city-proxy inventory",I.5,United Kingdom,Local authority; region; Protected Landscapes,city_or_municipality,2005–2024,Annual,CSV / XLSX / PDF statistical release,Open,UK Open Government Licence (OGL),No,https://www.gov.uk/government/statistics/uk-local-authority-and-regional-greenhouse-gas-emissions-statistics-2005-to-2024,https://naei.energysecurity.gov.uk/data/maps/local-authorities,Nationally consistent LA GHG emissions — primary UK city/local inventory product derived from NAEI + subnational energy.,"Excludes aviation, shipping, military transport and F-gases at LA level; end-user framing differs from territorial GPC Scope splits in places.",High,Primary official
"Agriculture, forestry & fishing energy",GBR-004,GBR-004-I.5,Digest of UK Energy Statistics (DUKES) / Energy Trends,DESNZ,Activity,National energy balance by fuel and consuming sector; generation mix; heat and other fuels context,I.5,United Kingdom,National; some DA/regional tables,state_or_province,Long annual series (DUKES); monthly Energy Trends,Annual / monthly,Excel / ODS / PDF,Open,UK Open Government Licence (OGL),No,https://www.gov.uk/government/collections/digest-of-uk-energy-statistics-dukes,https://www.gov.uk/government/collections/energy-trends,Core UK energy balance and generation statistics underpinning inventory and city downscaling.,Not LA meter data; city inventories should prefer subnational electricity/gas products.,High,Primary official
"Agriculture, forestry & fishing energy",GBR-014,GBR-014-I.5,June Survey of Agriculture / Defra agricultural statistics,Defra / Devolved Administrations,Activity,"Livestock numbers, crops, land use — AFOLU activity and agri energy context",I.5,United Kingdom (England Defra; DA equivalents),National; regional; some LA/parish products,state_or_province,Long annual series,Annual,Tables / CSV / Excel,Open (aggregates),UK Open Government Licence (OGL),Partial,https://www.gov.uk/government/collections/structure-of-the-agricultural-industry,https://www.gov.uk/government/organisations/department-for-environment-food-rural-affairs/about/statistics,Official agricultural structure statistics for livestock and land-related GPC sectors.,Holding confidentiality limits fine geography; agri energy use not metered in survey.,High,Primary official
"Agriculture, forestry & fishing energy",GBR-021,GBR-021-I.5,Subnational total final energy / residual fuels consumption (non-gas non-electricity),DESNZ / NAEI,Activity,"LA estimates of other fuels (coal, oil, bioenergy, etc.) beyond electricity/gas meters",I.5,United Kingdom,Local authority; region,city_or_municipality,Aligned with subnational energy/NAEI products (~2005 onward),Annual,Excel / supporting NAEI LA pages,Open,UK Open Government Licence (OGL),No,https://naei.energysecurity.gov.uk/data/maps/local-authorities,https://www.gov.uk/government/collections/total-final-energy-consumption-at-sub-national-level,Subnational residual/other fuel consumption estimates for stationary energy beyond meters.,More modelled than meter data; sector splits coarser than electricity/gas.,High,Primary official
Non-specified sources,NO-COVERAGE,NO-COVERAGE-I.6,No suitable dataset identified (I.6),,,,I.6,,,unknown,,,,,,,,,No suitable dataset identified for this GPC subsector in the current research pass.,,,
"Fugitive emissions from mining, processing, storage & transport of coal",GBR-001,GBR-001-I.7,UK Greenhouse Gas Inventory / National Inventory Document (NID),Department for Energy Security and Net Zero (DESNZ) / Ricardo (NAEI),Emissions,National GHG by IPCC sector/gas; emission factors and methods; DA inventories for England Scotland Wales NI,I.7,United Kingdom,National; Devolved Administrations,state_or_province,1990–2024 (NID 2026 submission),Annual,PDF / XLSX / machine-readable CSV (NAEI),Open,UK Open Government Licence (OGL),No,https://naei.energysecurity.gov.uk/greenhouse-gases/greenhouse-gas-emissions-data,https://naei.energysecurity.gov.uk/,"Official UNFCCC NID/GHGI for the UK with pivot tables, CRT/CSV products and DA inventories.",Not municipal boundary; use LA GHG statistics for city-scale allocation.,High,Primary official
Fugitive emissions from oil & natural gas systems,GBR-001,GBR-001-I.8,UK Greenhouse Gas Inventory / National Inventory Document (NID),Department for Energy Security and Net Zero (DESNZ) / Ricardo (NAEI),Emissions,National GHG by IPCC sector/gas; emission factors and methods; DA inventories for England Scotland Wales NI,I.8,United Kingdom,National; Devolved Administrations,state_or_province,1990–2024 (NID 2026 submission),Annual,PDF / XLSX / machine-readable CSV (NAEI),Open,UK Open Government Licence (OGL),No,https://naei.energysecurity.gov.uk/greenhouse-gases/greenhouse-gas-emissions-data,https://naei.energysecurity.gov.uk/,"Official UNFCCC NID/GHGI for the UK with pivot tables, CRT/CSV products and DA inventories.",Not municipal boundary; use LA GHG statistics for city-scale allocation.,High,Primary official
Fugitive emissions from oil & natural gas systems,GBR-002,GBR-002-I.8,UK local authority and regional greenhouse gas emissions statistics,DESNZ / NAEI (Ricardo),Emissions,"LA/regional end-user GHG by sector (buildings, industry, transport, waste, agriculture, LULUCF); nationally consistent city-proxy inventory",I.8,United Kingdom,Local authority; region; Protected Landscapes,city_or_municipality,2005–2024,Annual,CSV / XLSX / PDF statistical release,Open,UK Open Government Licence (OGL),No,https://www.gov.uk/government/statistics/uk-local-authority-and-regional-greenhouse-gas-emissions-statistics-2005-to-2024,https://naei.energysecurity.gov.uk/data/maps/local-authorities,Nationally consistent LA GHG emissions — primary UK city/local inventory product derived from NAEI + subnational energy.,"Excludes aviation, shipping, military transport and F-gases at LA level; end-user framing differs from territorial GPC Scope splits in places.",High,Primary official
Fugitive emissions from oil & natural gas systems,GBR-006,GBR-006-I.8,Environment Agency Pollution Inventory / UK PRTR facility emissions,Environment Agency / Defra (UK PRTR),Emissions,Facility-level releases including GHGs where reported; industrial combustion/process/waste/wastewater point sources,I.8,England & Wales (PI); UK PRTR for national industrial releases,Facility / permit site,facility_or_asset,Annual series (recent PI through 2024),Annual,ZIP/CSV / XML,Open,Environment Agency / OGL terms as published,Partial,https://www.data.gov.uk/dataset/cfd94301-a2f2-48a2-9915-e477ca6d8b7e/pollution-inventory,https://www.gov.uk/government/publications/download-industrial-emissions-and-waste-transfer-uk-prtr-data,Facility pollutant/GHG releases for large regulated sites — city point-source layer.,Reporting thresholds; not all GHGs/sites; Scotland/NI have parallel SEPA/NIEA products.,High,Primary official
Fugitive emissions from oil & natural gas systems,GBR-007,GBR-007-I.8,NAEI point sources and gridded emissions,DESNZ / NAEI (Ricardo),Emissions,Mapped point sources and gridded sectoral emissions supporting LA allocation and city inventories,I.8,United Kingdom,Point source; ~1 km grids; interactive maps,facility_or_asset,~2005–2023 (gridded/point products as published),Periodic / annual cycle,Maps / downloadable gridded & point data,Open,UK Open Government Licence (OGL),No,https://naei.energysecurity.gov.uk/greenhouse-gases/greenhouse-gas-emissions-data,https://naei.energysecurity.gov.uk/,Spatially resolved NAEI emissions and point sources used in LA GHG statistics.,Grid resolution may blur dense city sources; prefer LA tables for reporting totals.,High,Primary official
Fugitive emissions from oil & natural gas systems,GBR-019,GBR-019-I.8,NSTA oil and gas production / emissions-related petroleum data,North Sea Transition Authority (NSTA),Hybrid,Upstream oil & gas production and related emissions intelligence for fugitive/energy industries,I.8,UK Continental Shelf / UK oil & gas,Field / asset; national,national,Long series; monthly production,Monthly / annual,Open data portal / tables,Open,As stated by NSTA,Partial,https://www.nstauthority.co.uk/data-centre/,https://www.nstauthority.co.uk/,Official UK upstream petroleum data supporting oil/gas fugitive and energy industry inventories.,Offshore-heavy; city inventories mainly relevant near terminals/refineries/onshore assets.,High,Primary official
Fugitive emissions from oil & natural gas systems,GBR-025,GBR-025-I.8,Climate TRACE inventory,Climate TRACE,Emissions,Asset and urban-area emissions estimates,I.8,Global including UK,Asset / urban area,modeled_grid,Monthly recent years,Periodic,CSV/API,Open,As stated by Climate TRACE,Yes,https://climatetrace.org/,https://climatetrace.org/,Asset/urban emissions complementary to Pollution Inventory and LA GHG stats.,Not official; calibrate to GHGI / LA statistics.,Medium,International modeled
On-road transportation,GBR-001,GBR-001-II.1,UK Greenhouse Gas Inventory / National Inventory Document (NID),Department for Energy Security and Net Zero (DESNZ) / Ricardo (NAEI),Emissions,National GHG by IPCC sector/gas; emission factors and methods; DA inventories for England Scotland Wales NI,II.1,United Kingdom,National; Devolved Administrations,state_or_province,1990–2024 (NID 2026 submission),Annual,PDF / XLSX / machine-readable CSV (NAEI),Open,UK Open Government Licence (OGL),No,https://naei.energysecurity.gov.uk/greenhouse-gases/greenhouse-gas-emissions-data,https://naei.energysecurity.gov.uk/,"Official UNFCCC NID/GHGI for the UK with pivot tables, CRT/CSV products and DA inventories.",Not municipal boundary; use LA GHG statistics for city-scale allocation.,High,Primary official
On-road transportation,GBR-002,GBR-002-II.1,UK local authority and regional greenhouse gas emissions statistics,DESNZ / NAEI (Ricardo),Emissions,"LA/regional end-user GHG by sector (buildings, industry, transport, waste, agriculture, LULUCF); nationally consistent city-proxy inventory",II.1,United Kingdom,Local authority; region; Protected Landscapes,city_or_municipality,2005–2024,Annual,CSV / XLSX / PDF statistical release,Open,UK Open Government Licence (OGL),No,https://www.gov.uk/government/statistics/uk-local-authority-and-regional-greenhouse-gas-emissions-statistics-2005-to-2024,https://naei.energysecurity.gov.uk/data/maps/local-authorities,Nationally consistent LA GHG emissions — primary UK city/local inventory product derived from NAEI + subnational energy.,"Excludes aviation, shipping, military transport and F-gases at LA level; end-user framing differs from territorial GPC Scope splits in places.",High,Primary official
On-road transportation,GBR-004,GBR-004-II.1,Digest of UK Energy Statistics (DUKES) / Energy Trends,DESNZ,Activity,National energy balance by fuel and consuming sector; generation mix; heat and other fuels context,II.1,United Kingdom,National; some DA/regional tables,state_or_province,Long annual series (DUKES); monthly Energy Trends,Annual / monthly,Excel / ODS / PDF,Open,UK Open Government Licence (OGL),No,https://www.gov.uk/government/collections/digest-of-uk-energy-statistics-dukes,https://www.gov.uk/government/collections/energy-trends,Core UK energy balance and generation statistics underpinning inventory and city downscaling.,Not LA meter data; city inventories should prefer subnational electricity/gas products.,High,Primary official
On-road transportation,GBR-005,GBR-005-II.1,Greenhouse gas reporting conversion factors (company reporting),DESNZ,Hybrid,"UK emission factors for fuels, electricity, transport, waste, water, refrigerants — activity-to-emissions conversion",II.1,United Kingdom,National factors (location/market-based electricity options),national,Annual editions (current year + archive),Annual,XLSX / CSV,Open,UK Open Government Licence (OGL),No,https://www.gov.uk/government/collections/government-conversion-factors-for-company-reporting,https://www.gov.uk/government/collections/government-conversion-factors-for-company-reporting,Standard UK GHG conversion factors widely used in city and organisational inventories.,Company-reporting framing; electricity factors are national/grid averages unless location-based alternatives applied.,High,Primary official
On-road transportation,GBR-007,GBR-007-II.1,NAEI point sources and gridded emissions,DESNZ / NAEI (Ricardo),Emissions,Mapped point sources and gridded sectoral emissions supporting LA allocation and city inventories,II.1,United Kingdom,Point source; ~1 km grids; interactive maps,facility_or_asset,~2005–2023 (gridded/point products as published),Periodic / annual cycle,Maps / downloadable gridded & point data,Open,UK Open Government Licence (OGL),No,https://naei.energysecurity.gov.uk/greenhouse-gases/greenhouse-gas-emissions-data,https://naei.energysecurity.gov.uk/,Spatially resolved NAEI emissions and point sources used in LA GHG statistics.,Grid resolution may blur dense city sources; prefer LA tables for reporting totals.,High,Primary official
On-road transportation,GBR-008,GBR-008-II.1,Road traffic estimates by local authority (TRA89) + vehicle licensing statistics,Department for Transport (DfT) / DVLA,Activity,Vehicle miles/km by LA and vehicle type; licensed fleet by body/fuel/LA — on-road activity foundations,II.1,Great Britain / United Kingdom (product-dependent),Local authority; national,city_or_municipality,Long annual/quarterly series,Annual / quarterly,ODS / Excel,Open,UK Open Government Licence (OGL),No,https://www.gov.uk/government/statistical-data-sets/road-traffic-estimates-tra,https://www.gov.uk/government/statistical-data-sets/vehicle-licensing-statistics-data-tables,Official LA road traffic (VKT proxy) and licensed vehicle stock by fuel/type.,LA traffic on minor roads less robust; keepership LA ≠ where vehicle is driven.,High,Primary official
On-road transportation,GBR-009,GBR-009-II.1,UK road transport fuel consumption at regional and local authority level,DESNZ / NAEI,Activity,Spatially allocated road fuel consumption by LA/region for petrol/diesel (and related),II.1,United Kingdom,Local authority; region,city_or_municipality,2005–2024,Annual,Excel / PDF methodology,Open,UK Open Government Licence (OGL),No,https://www.gov.uk/government/statistics/uk-road-transport-fuel-consumption-at-regional-and-local-authority-level-2005-to-2024,https://naei.energysecurity.gov.uk/data/maps/local-authorities,Modelled LA road fuel use aligned with NAEI — pairs with traffic and LA GHG stats.,Modelled allocation from national fuel totals; not pump sales by LA.,High,Primary official
On-road transportation,GBR-017,GBR-017-II.1,London Energy and Greenhouse Gas Inventory (LEGGI),Greater London Authority (GLA),Hybrid,"GPC-style London inventory: stationary energy, transport, waste, IPPU, AFOLU; borough energy/emissions",II.1,Greater London,London; borough,city_or_municipality,Multi-year series through 2023 LEGGI,Annual,XLSX / CSV / explorer,Open,As stated on London Datastore,No,https://data.london.gov.uk/dataset/leggi/,https://apps.london.gov.uk/leggi-explorer,Mature city GHG/energy inventory for London with borough breakdowns — UK reference city product.,London-specific methodology; not all UK cities publish equivalent open inventories.,High,City official
On-road transportation,GBR-020,GBR-020-II.1,ONS UK Environmental Accounts (energy & GHG),Office for National Statistics (ONS),Hybrid,SEEA-style energy use and GHG accounts by industry/household — complementary national framing,II.1,United Kingdom,National; industry,national,Annual accounts series,Annual,Tables / CSV,Open,UK Open Government Licence (OGL),Yes (ONS API),https://www.ons.gov.uk/economy/environmentalaccounts,https://www.ons.gov.uk/economy/environmentalaccounts,Official environmental-economic accounts complementary to the territorial GHGI.,Not GPC city inventory; industry classification differs from IPCC/GPC.,High,Primary official
On-road transportation,GBR-024,GBR-024-II.1,EDGAR GHG gridded & cities emissions,European Commission JRC,Emissions,Modeled sectoral GHG grids and city products for cross-check,II.1,Global including UK,0.1° / 1 km city products,modeled_grid,1970–2024,Periodic,NetCDF/CSV,Open,As stated by JRC,No,https://edgar.jrc.ec.europa.eu/emissions_data_and_maps,https://edgar.jrc.ec.europa.eu/,Modeled gap-fill/cross-check versus DESNZ LA GHG / GHGI.,Prefer official UK sources when available.,High,International modeled
On-road transportation,GBR-025,GBR-025-II.1,Climate TRACE inventory,Climate TRACE,Emissions,Asset and urban-area emissions estimates,II.1,Global including UK,Asset / urban area,modeled_grid,Monthly recent years,Periodic,CSV/API,Open,As stated by Climate TRACE,Yes,https://climatetrace.org/,https://climatetrace.org/,Asset/urban emissions complementary to Pollution Inventory and LA GHG stats.,Not official; calibrate to GHGI / LA statistics.,Medium,International modeled
Railways,GBR-001,GBR-001-II.2,UK Greenhouse Gas Inventory / National Inventory Document (NID),Department for Energy Security and Net Zero (DESNZ) / Ricardo (NAEI),Emissions,National GHG by IPCC sector/gas; emission factors and methods; DA inventories for England Scotland Wales NI,II.2,United Kingdom,National; Devolved Administrations,state_or_province,1990–2024 (NID 2026 submission),Annual,PDF / XLSX / machine-readable CSV (NAEI),Open,UK Open Government Licence (OGL),No,https://naei.energysecurity.gov.uk/greenhouse-gases/greenhouse-gas-emissions-data,https://naei.energysecurity.gov.uk/,"Official UNFCCC NID/GHGI for the UK with pivot tables, CRT/CSV products and DA inventories.",Not municipal boundary; use LA GHG statistics for city-scale allocation.,High,Primary official
Railways,GBR-002,GBR-002-II.2,UK local authority and regional greenhouse gas emissions statistics,DESNZ / NAEI (Ricardo),Emissions,"LA/regional end-user GHG by sector (buildings, industry, transport, waste, agriculture, LULUCF); nationally consistent city-proxy inventory",II.2,United Kingdom,Local authority; region; Protected Landscapes,city_or_municipality,2005–2024,Annual,CSV / XLSX / PDF statistical release,Open,UK Open Government Licence (OGL),No,https://www.gov.uk/government/statistics/uk-local-authority-and-regional-greenhouse-gas-emissions-statistics-2005-to-2024,https://naei.energysecurity.gov.uk/data/maps/local-authorities,Nationally consistent LA GHG emissions — primary UK city/local inventory product derived from NAEI + subnational energy.,"Excludes aviation, shipping, military transport and F-gases at LA level; end-user framing differs from territorial GPC Scope splits in places.",High,Primary official
Railways,GBR-005,GBR-005-II.2,Greenhouse gas reporting conversion factors (company reporting),DESNZ,Hybrid,"UK emission factors for fuels, electricity, transport, waste, water, refrigerants — activity-to-emissions conversion",II.2,United Kingdom,National factors (location/market-based electricity options),national,Annual editions (current year + archive),Annual,XLSX / CSV,Open,UK Open Government Licence (OGL),No,https://www.gov.uk/government/collections/government-conversion-factors-for-company-reporting,https://www.gov.uk/government/collections/government-conversion-factors-for-company-reporting,Standard UK GHG conversion factors widely used in city and organisational inventories.,Company-reporting framing; electricity factors are national/grid averages unless location-based alternatives applied.,High,Primary official
Railways,GBR-010,GBR-010-II.2,ORR rail statistics (passenger/freight activity),Office of Rail and Road (ORR),Activity,Rail passenger and freight activity supporting rail energy/emissions estimation,II.2,Great Britain,National; operator/route products vary,national,Long periodic series,Periodic / quarterly,Tables / Excel / web,Open,As stated by ORR (typically OGL),Partial,https://dataportal.orr.gov.uk/,https://www.orr.gov.uk/statistics,Official GB rail activity statistics for GPC rail subsector.,Energy by city boundary often requires additional allocation; NI separate.,High,Primary official
Railways,GBR-017,GBR-017-II.2,London Energy and Greenhouse Gas Inventory (LEGGI),Greater London Authority (GLA),Hybrid,"GPC-style London inventory: stationary energy, transport, waste, IPPU, AFOLU; borough energy/emissions",II.2,Greater London,London; borough,city_or_municipality,Multi-year series through 2023 LEGGI,Annual,XLSX / CSV / explorer,Open,As stated on London Datastore,No,https://data.london.gov.uk/dataset/leggi/,https://apps.london.gov.uk/leggi-explorer,Mature city GHG/energy inventory for London with borough breakdowns — UK reference city product.,London-specific methodology; not all UK cities publish equivalent open inventories.,High,City official
Waterborne navigation,GBR-001,GBR-001-II.3,UK Greenhouse Gas Inventory / National Inventory Document (NID),Department for Energy Security and Net Zero (DESNZ) / Ricardo (NAEI),Emissions,National GHG by IPCC sector/gas; emission factors and methods; DA inventories for England Scotland Wales NI,II.3,United Kingdom,National; Devolved Administrations,state_or_province,1990–2024 (NID 2026 submission),Annual,PDF / XLSX / machine-readable CSV (NAEI),Open,UK Open Government Licence (OGL),No,https://naei.energysecurity.gov.uk/greenhouse-gases/greenhouse-gas-emissions-data,https://naei.energysecurity.gov.uk/,"Official UNFCCC NID/GHGI for the UK with pivot tables, CRT/CSV products and DA inventories.",Not municipal boundary; use LA GHG statistics for city-scale allocation.,High,Primary official
Waterborne navigation,GBR-005,GBR-005-II.3,Greenhouse gas reporting conversion factors (company reporting),DESNZ,Hybrid,"UK emission factors for fuels, electricity, transport, waste, water, refrigerants — activity-to-emissions conversion",II.3,United Kingdom,National factors (location/market-based electricity options),national,Annual editions (current year + archive),Annual,XLSX / CSV,Open,UK Open Government Licence (OGL),No,https://www.gov.uk/government/collections/government-conversion-factors-for-company-reporting,https://www.gov.uk/government/collections/government-conversion-factors-for-company-reporting,Standard UK GHG conversion factors widely used in city and organisational inventories.,Company-reporting framing; electricity factors are national/grid averages unless location-based alternatives applied.,High,Primary official
Waterborne navigation,GBR-011,GBR-011-II.3,DfT maritime / port freight statistics + shipping activity,Department for Transport,Activity,Port freight tonnage and maritime activity supporting waterborne emissions allocation,II.3,United Kingdom,Port; national,national,Long annual series,Annual / quarterly,Tables / ODS,Open,UK Open Government Licence (OGL),No,https://www.gov.uk/government/collections/maritime-and-shipping-statistics,https://www.gov.uk/government/collections/port-freight-statistics-statistical-releases,Official UK port and maritime activity for waterborne GPC estimation.,LA GHG stats exclude shipping; city inventories need port-specific methods.,High,Primary official
Waterborne navigation,GBR-024,GBR-024-II.3,EDGAR GHG gridded & cities emissions,European Commission JRC,Emissions,Modeled sectoral GHG grids and city products for cross-check,II.3,Global including UK,0.1° / 1 km city products,modeled_grid,1970–2024,Periodic,NetCDF/CSV,Open,As stated by JRC,No,https://edgar.jrc.ec.europa.eu/emissions_data_and_maps,https://edgar.jrc.ec.europa.eu/,Modeled gap-fill/cross-check versus DESNZ LA GHG / GHGI.,Prefer official UK sources when available.,High,International modeled
Waterborne navigation,GBR-025,GBR-025-II.3,Climate TRACE inventory,Climate TRACE,Emissions,Asset and urban-area emissions estimates,II.3,Global including UK,Asset / urban area,modeled_grid,Monthly recent years,Periodic,CSV/API,Open,As stated by Climate TRACE,Yes,https://climatetrace.org/,https://climatetrace.org/,Asset/urban emissions complementary to Pollution Inventory and LA GHG stats.,Not official; calibrate to GHGI / LA statistics.,Medium,International modeled
Aviation,GBR-001,GBR-001-II.4,UK Greenhouse Gas Inventory / National Inventory Document (NID),Department for Energy Security and Net Zero (DESNZ) / Ricardo (NAEI),Emissions,National GHG by IPCC sector/gas; emission factors and methods; DA inventories for England Scotland Wales NI,II.4,United Kingdom,National; Devolved Administrations,state_or_province,1990–2024 (NID 2026 submission),Annual,PDF / XLSX / machine-readable CSV (NAEI),Open,UK Open Government Licence (OGL),No,https://naei.energysecurity.gov.uk/greenhouse-gases/greenhouse-gas-emissions-data,https://naei.energysecurity.gov.uk/,"Official UNFCCC NID/GHGI for the UK with pivot tables, CRT/CSV products and DA inventories.",Not municipal boundary; use LA GHG statistics for city-scale allocation.,High,Primary official
Aviation,GBR-005,GBR-005-II.4,Greenhouse gas reporting conversion factors (company reporting),DESNZ,Hybrid,"UK emission factors for fuels, electricity, transport, waste, water, refrigerants — activity-to-emissions conversion",II.4,United Kingdom,National factors (location/market-based electricity options),national,Annual editions (current year + archive),Annual,XLSX / CSV,Open,UK Open Government Licence (OGL),No,https://www.gov.uk/government/collections/government-conversion-factors-for-company-reporting,https://www.gov.uk/government/collections/government-conversion-factors-for-company-reporting,Standard UK GHG conversion factors widely used in city and organisational inventories.,Company-reporting framing; electricity factors are national/grid averages unless location-based alternatives applied.,High,Primary official
Aviation,GBR-012,GBR-012-II.4,CAA airport / UK aviation statistics,Civil Aviation Authority (CAA),Activity,"Airport passenger, aircraft movement and related activity for aviation emissions",II.4,United Kingdom,Airport,facility_or_asset,Long monthly/annual series,Monthly / annual,Tables / Excel / CSV,Open,As stated by CAA,No,https://www.caa.co.uk/data-and-analysis/uk-aviation-market/airports/uk-airport-data/,https://www.caa.co.uk/data-and-analysis/,Official UK airport activity statistics for aviation GPC estimation.,LA GHG stats exclude aviation; fuel uplift often not open at airport level.,High,Primary official
Aviation,GBR-024,GBR-024-II.4,EDGAR GHG gridded & cities emissions,European Commission JRC,Emissions,Modeled sectoral GHG grids and city products for cross-check,II.4,Global including UK,0.1° / 1 km city products,modeled_grid,1970–2024,Periodic,NetCDF/CSV,Open,As stated by JRC,No,https://edgar.jrc.ec.europa.eu/emissions_data_and_maps,https://edgar.jrc.ec.europa.eu/,Modeled gap-fill/cross-check versus DESNZ LA GHG / GHGI.,Prefer official UK sources when available.,High,International modeled
Aviation,GBR-025,GBR-025-II.4,Climate TRACE inventory,Climate TRACE,Emissions,Asset and urban-area emissions estimates,II.4,Global including UK,Asset / urban area,modeled_grid,Monthly recent years,Periodic,CSV/API,Open,As stated by Climate TRACE,Yes,https://climatetrace.org/,https://climatetrace.org/,Asset/urban emissions complementary to Pollution Inventory and LA GHG stats.,Not official; calibrate to GHGI / LA statistics.,Medium,International modeled
Off-road transportation,GBR-001,GBR-001-II.5,UK Greenhouse Gas Inventory / National Inventory Document (NID),Department for Energy Security and Net Zero (DESNZ) / Ricardo (NAEI),Emissions,National GHG by IPCC sector/gas; emission factors and methods; DA inventories for England Scotland Wales NI,II.5,United Kingdom,National; Devolved Administrations,state_or_province,1990–2024 (NID 2026 submission),Annual,PDF / XLSX / machine-readable CSV (NAEI),Open,UK Open Government Licence (OGL),No,https://naei.energysecurity.gov.uk/greenhouse-gases/greenhouse-gas-emissions-data,https://naei.energysecurity.gov.uk/,"Official UNFCCC NID/GHGI for the UK with pivot tables, CRT/CSV products and DA inventories.",Not municipal boundary; use LA GHG statistics for city-scale allocation.,High,Primary official
Off-road transportation,GBR-005,GBR-005-II.5,Greenhouse gas reporting conversion factors (company reporting),DESNZ,Hybrid,"UK emission factors for fuels, electricity, transport, waste, water, refrigerants — activity-to-emissions conversion",II.5,United Kingdom,National factors (location/market-based electricity options),national,Annual editions (current year + archive),Annual,XLSX / CSV,Open,UK Open Government Licence (OGL),No,https://www.gov.uk/government/collections/government-conversion-factors-for-company-reporting,https://www.gov.uk/government/collections/government-conversion-factors-for-company-reporting,Standard UK GHG conversion factors widely used in city and organisational inventories.,Company-reporting framing; electricity factors are national/grid averages unless location-based alternatives applied.,High,Primary official
Off-road transportation,GBR-006,GBR-006-II.5,Environment Agency Pollution Inventory / UK PRTR facility emissions,Environment Agency / Defra (UK PRTR),Emissions,Facility-level releases including GHGs where reported; industrial combustion/process/waste/wastewater point sources,II.5,England & Wales (PI); UK PRTR for national industrial releases,Facility / permit site,facility_or_asset,Annual series (recent PI through 2024),Annual,ZIP/CSV / XML,Open,Environment Agency / OGL terms as published,Partial,https://www.data.gov.uk/dataset/cfd94301-a2f2-48a2-9915-e477ca6d8b7e/pollution-inventory,https://www.gov.uk/government/publications/download-industrial-emissions-and-waste-transfer-uk-prtr-data,Facility pollutant/GHG releases for large regulated sites — city point-source layer.,Reporting thresholds; not all GHGs/sites; Scotland/NI have parallel SEPA/NIEA products.,High,Primary official
Solid waste disposal,GBR-001,GBR-001-III.1,UK Greenhouse Gas Inventory / National Inventory Document (NID),Department for Energy Security and Net Zero (DESNZ) / Ricardo (NAEI),Emissions,National GHG by IPCC sector/gas; emission factors and methods; DA inventories for England Scotland Wales NI,III.1,United Kingdom,National; Devolved Administrations,state_or_province,1990–2024 (NID 2026 submission),Annual,PDF / XLSX / machine-readable CSV (NAEI),Open,UK Open Government Licence (OGL),No,https://naei.energysecurity.gov.uk/greenhouse-gases/greenhouse-gas-emissions-data,https://naei.energysecurity.gov.uk/,"Official UNFCCC NID/GHGI for the UK with pivot tables, CRT/CSV products and DA inventories.",Not municipal boundary; use LA GHG statistics for city-scale allocation.,High,Primary official
Solid waste disposal,GBR-002,GBR-002-III.1,UK local authority and regional greenhouse gas emissions statistics,DESNZ / NAEI (Ricardo),Emissions,"LA/regional end-user GHG by sector (buildings, industry, transport, waste, agriculture, LULUCF); nationally consistent city-proxy inventory",III.1,United Kingdom,Local authority; region; Protected Landscapes,city_or_municipality,2005–2024,Annual,CSV / XLSX / PDF statistical release,Open,UK Open Government Licence (OGL),No,https://www.gov.uk/government/statistics/uk-local-authority-and-regional-greenhouse-gas-emissions-statistics-2005-to-2024,https://naei.energysecurity.gov.uk/data/maps/local-authorities,Nationally consistent LA GHG emissions — primary UK city/local inventory product derived from NAEI + subnational energy.,"Excludes aviation, shipping, military transport and F-gases at LA level; end-user framing differs from territorial GPC Scope splits in places.",High,Primary official
Solid waste disposal,GBR-005,GBR-005-III.1,Greenhouse gas reporting conversion factors (company reporting),DESNZ,Hybrid,"UK emission factors for fuels, electricity, transport, waste, water, refrigerants — activity-to-emissions conversion",III.1,United Kingdom,National factors (location/market-based electricity options),national,Annual editions (current year + archive),Annual,XLSX / CSV,Open,UK Open Government Licence (OGL),No,https://www.gov.uk/government/collections/government-conversion-factors-for-company-reporting,https://www.gov.uk/government/collections/government-conversion-factors-for-company-reporting,Standard UK GHG conversion factors widely used in city and organisational inventories.,Company-reporting framing; electricity factors are national/grid averages unless location-based alternatives applied.,High,Primary official
Solid waste disposal,GBR-006,GBR-006-III.1,Environment Agency Pollution Inventory / UK PRTR facility emissions,Environment Agency / Defra (UK PRTR),Emissions,Facility-level releases including GHGs where reported; industrial combustion/process/waste/wastewater point sources,III.1,England & Wales (PI); UK PRTR for national industrial releases,Facility / permit site,facility_or_asset,Annual series (recent PI through 2024),Annual,ZIP/CSV / XML,Open,Environment Agency / OGL terms as published,Partial,https://www.data.gov.uk/dataset/cfd94301-a2f2-48a2-9915-e477ca6d8b7e/pollution-inventory,https://www.gov.uk/government/publications/download-industrial-emissions-and-waste-transfer-uk-prtr-data,Facility pollutant/GHG releases for large regulated sites — city point-source layer.,Reporting thresholds; not all GHGs/sites; Scotland/NI have parallel SEPA/NIEA products.,High,Primary official
Solid waste disposal,GBR-007,GBR-007-III.1,NAEI point sources and gridded emissions,DESNZ / NAEI (Ricardo),Emissions,Mapped point sources and gridded sectoral emissions supporting LA allocation and city inventories,III.1,United Kingdom,Point source; ~1 km grids; interactive maps,facility_or_asset,~2005–2023 (gridded/point products as published),Periodic / annual cycle,Maps / downloadable gridded & point data,Open,UK Open Government Licence (OGL),No,https://naei.energysecurity.gov.uk/greenhouse-gases/greenhouse-gas-emissions-data,https://naei.energysecurity.gov.uk/,Spatially resolved NAEI emissions and point sources used in LA GHG statistics.,Grid resolution may blur dense city sources; prefer LA tables for reporting totals.,High,Primary official
Solid waste disposal,GBR-013,GBR-013-III.1,WasteDataFlow / local authority collected waste management statistics,Defra (England) + Devolved Administrations,Activity,"LA collected waste arisings, recycling/composting/AD, incineration and landfill destinations",III.1,United Kingdom (national systems; England stats on GOV.UK),Local authority; region,city_or_municipality,From ~2004/05; latest England 2024/25,Annual (quarterly inputs),CSV / Excel / WasteDataFlow extracts,Open,UK Open Government Licence (OGL),No (portal extracts),https://www.gov.uk/government/statistics/local-authority-collected-waste-management-annual-results,https://www.wastedataflow.org/,Authoritative LA municipal waste activity system for UK city waste GHG estimation.,Commercial/industrial waste outside LA control incompletely covered; definitions differ slightly by nation.,High,Primary official
Solid waste disposal,GBR-017,GBR-017-III.1,London Energy and Greenhouse Gas Inventory (LEGGI),Greater London Authority (GLA),Hybrid,"GPC-style London inventory: stationary energy, transport, waste, IPPU, AFOLU; borough energy/emissions",III.1,Greater London,London; borough,city_or_municipality,Multi-year series through 2023 LEGGI,Annual,XLSX / CSV / explorer,Open,As stated on London Datastore,No,https://data.london.gov.uk/dataset/leggi/,https://apps.london.gov.uk/leggi-explorer,Mature city GHG/energy inventory for London with borough breakdowns — UK reference city product.,London-specific methodology; not all UK cities publish equivalent open inventories.,High,City official
Solid waste disposal,GBR-024,GBR-024-III.1,EDGAR GHG gridded & cities emissions,European Commission JRC,Emissions,Modeled sectoral GHG grids and city products for cross-check,III.1,Global including UK,0.1° / 1 km city products,modeled_grid,1970–2024,Periodic,NetCDF/CSV,Open,As stated by JRC,No,https://edgar.jrc.ec.europa.eu/emissions_data_and_maps,https://edgar.jrc.ec.europa.eu/,Modeled gap-fill/cross-check versus DESNZ LA GHG / GHGI.,Prefer official UK sources when available.,High,International modeled
Solid waste disposal,GBR-025,GBR-025-III.1,Climate TRACE inventory,Climate TRACE,Emissions,Asset and urban-area emissions estimates,III.1,Global including UK,Asset / urban area,modeled_grid,Monthly recent years,Periodic,CSV/API,Open,As stated by Climate TRACE,Yes,https://climatetrace.org/,https://climatetrace.org/,Asset/urban emissions complementary to Pollution Inventory and LA GHG stats.,Not official; calibrate to GHGI / LA statistics.,Medium,International modeled
Biological treatment of waste,GBR-001,GBR-001-III.2,UK Greenhouse Gas Inventory / National Inventory Document (NID),Department for Energy Security and Net Zero (DESNZ) / Ricardo (NAEI),Emissions,National GHG by IPCC sector/gas; emission factors and methods; DA inventories for England Scotland Wales NI,III.2,United Kingdom,National; Devolved Administrations,state_or_province,1990–2024 (NID 2026 submission),Annual,PDF / XLSX / machine-readable CSV (NAEI),Open,UK Open Government Licence (OGL),No,https://naei.energysecurity.gov.uk/greenhouse-gases/greenhouse-gas-emissions-data,https://naei.energysecurity.gov.uk/,"Official UNFCCC NID/GHGI for the UK with pivot tables, CRT/CSV products and DA inventories.",Not municipal boundary; use LA GHG statistics for city-scale allocation.,High,Primary official
Biological treatment of waste,GBR-002,GBR-002-III.2,UK local authority and regional greenhouse gas emissions statistics,DESNZ / NAEI (Ricardo),Emissions,"LA/regional end-user GHG by sector (buildings, industry, transport, waste, agriculture, LULUCF); nationally consistent city-proxy inventory",III.2,United Kingdom,Local authority; region; Protected Landscapes,city_or_municipality,2005–2024,Annual,CSV / XLSX / PDF statistical release,Open,UK Open Government Licence (OGL),No,https://www.gov.uk/government/statistics/uk-local-authority-and-regional-greenhouse-gas-emissions-statistics-2005-to-2024,https://naei.energysecurity.gov.uk/data/maps/local-authorities,Nationally consistent LA GHG emissions — primary UK city/local inventory product derived from NAEI + subnational energy.,"Excludes aviation, shipping, military transport and F-gases at LA level; end-user framing differs from territorial GPC Scope splits in places.",High,Primary official
Biological treatment of waste,GBR-013,GBR-013-III.2,WasteDataFlow / local authority collected waste management statistics,Defra (England) + Devolved Administrations,Activity,"LA collected waste arisings, recycling/composting/AD, incineration and landfill destinations",III.2,United Kingdom (national systems; England stats on GOV.UK),Local authority; region,city_or_municipality,From ~2004/05; latest England 2024/25,Annual (quarterly inputs),CSV / Excel / WasteDataFlow extracts,Open,UK Open Government Licence (OGL),No (portal extracts),https://www.gov.uk/government/statistics/local-authority-collected-waste-management-annual-results,https://www.wastedataflow.org/,Authoritative LA municipal waste activity system for UK city waste GHG estimation.,Commercial/industrial waste outside LA control incompletely covered; definitions differ slightly by nation.,High,Primary official
Incineration & open burning,GBR-001,GBR-001-III.3,UK Greenhouse Gas Inventory / National Inventory Document (NID),Department for Energy Security and Net Zero (DESNZ) / Ricardo (NAEI),Emissions,National GHG by IPCC sector/gas; emission factors and methods; DA inventories for England Scotland Wales NI,III.3,United Kingdom,National; Devolved Administrations,state_or_province,1990–2024 (NID 2026 submission),Annual,PDF / XLSX / machine-readable CSV (NAEI),Open,UK Open Government Licence (OGL),No,https://naei.energysecurity.gov.uk/greenhouse-gases/greenhouse-gas-emissions-data,https://naei.energysecurity.gov.uk/,"Official UNFCCC NID/GHGI for the UK with pivot tables, CRT/CSV products and DA inventories.",Not municipal boundary; use LA GHG statistics for city-scale allocation.,High,Primary official
Incineration & open burning,GBR-002,GBR-002-III.3,UK local authority and regional greenhouse gas emissions statistics,DESNZ / NAEI (Ricardo),Emissions,"LA/regional end-user GHG by sector (buildings, industry, transport, waste, agriculture, LULUCF); nationally consistent city-proxy inventory",III.3,United Kingdom,Local authority; region; Protected Landscapes,city_or_municipality,2005–2024,Annual,CSV / XLSX / PDF statistical release,Open,UK Open Government Licence (OGL),No,https://www.gov.uk/government/statistics/uk-local-authority-and-regional-greenhouse-gas-emissions-statistics-2005-to-2024,https://naei.energysecurity.gov.uk/data/maps/local-authorities,Nationally consistent LA GHG emissions — primary UK city/local inventory product derived from NAEI + subnational energy.,"Excludes aviation, shipping, military transport and F-gases at LA level; end-user framing differs from territorial GPC Scope splits in places.",High,Primary official
Incineration & open burning,GBR-006,GBR-006-III.3,Environment Agency Pollution Inventory / UK PRTR facility emissions,Environment Agency / Defra (UK PRTR),Emissions,Facility-level releases including GHGs where reported; industrial combustion/process/waste/wastewater point sources,III.3,England & Wales (PI); UK PRTR for national industrial releases,Facility / permit site,facility_or_asset,Annual series (recent PI through 2024),Annual,ZIP/CSV / XML,Open,Environment Agency / OGL terms as published,Partial,https://www.data.gov.uk/dataset/cfd94301-a2f2-48a2-9915-e477ca6d8b7e/pollution-inventory,https://www.gov.uk/government/publications/download-industrial-emissions-and-waste-transfer-uk-prtr-data,Facility pollutant/GHG releases for large regulated sites — city point-source layer.,Reporting thresholds; not all GHGs/sites; Scotland/NI have parallel SEPA/NIEA products.,High,Primary official
Incineration & open burning,GBR-013,GBR-013-III.3,WasteDataFlow / local authority collected waste management statistics,Defra (England) + Devolved Administrations,Activity,"LA collected waste arisings, recycling/composting/AD, incineration and landfill destinations",III.3,United Kingdom (national systems; England stats on GOV.UK),Local authority; region,city_or_municipality,From ~2004/05; latest England 2024/25,Annual (quarterly inputs),CSV / Excel / WasteDataFlow extracts,Open,UK Open Government Licence (OGL),No (portal extracts),https://www.gov.uk/government/statistics/local-authority-collected-waste-management-annual-results,https://www.wastedataflow.org/,Authoritative LA municipal waste activity system for UK city waste GHG estimation.,Commercial/industrial waste outside LA control incompletely covered; definitions differ slightly by nation.,High,Primary official
Wastewater treatment & discharge,GBR-001,GBR-001-III.4,UK Greenhouse Gas Inventory / National Inventory Document (NID),Department for Energy Security and Net Zero (DESNZ) / Ricardo (NAEI),Emissions,National GHG by IPCC sector/gas; emission factors and methods; DA inventories for England Scotland Wales NI,III.4,United Kingdom,National; Devolved Administrations,state_or_province,1990–2024 (NID 2026 submission),Annual,PDF / XLSX / machine-readable CSV (NAEI),Open,UK Open Government Licence (OGL),No,https://naei.energysecurity.gov.uk/greenhouse-gases/greenhouse-gas-emissions-data,https://naei.energysecurity.gov.uk/,"Official UNFCCC NID/GHGI for the UK with pivot tables, CRT/CSV products and DA inventories.",Not municipal boundary; use LA GHG statistics for city-scale allocation.,High,Primary official
Wastewater treatment & discharge,GBR-002,GBR-002-III.4,UK local authority and regional greenhouse gas emissions statistics,DESNZ / NAEI (Ricardo),Emissions,"LA/regional end-user GHG by sector (buildings, industry, transport, waste, agriculture, LULUCF); nationally consistent city-proxy inventory",III.4,United Kingdom,Local authority; region; Protected Landscapes,city_or_municipality,2005–2024,Annual,CSV / XLSX / PDF statistical release,Open,UK Open Government Licence (OGL),No,https://www.gov.uk/government/statistics/uk-local-authority-and-regional-greenhouse-gas-emissions-statistics-2005-to-2024,https://naei.energysecurity.gov.uk/data/maps/local-authorities,Nationally consistent LA GHG emissions — primary UK city/local inventory product derived from NAEI + subnational energy.,"Excludes aviation, shipping, military transport and F-gases at LA level; end-user framing differs from territorial GPC Scope splits in places.",High,Primary official
Wastewater treatment & discharge,GBR-005,GBR-005-III.4,Greenhouse gas reporting conversion factors (company reporting),DESNZ,Hybrid,"UK emission factors for fuels, electricity, transport, waste, water, refrigerants — activity-to-emissions conversion",III.4,United Kingdom,National factors (location/market-based electricity options),national,Annual editions (current year + archive),Annual,XLSX / CSV,Open,UK Open Government Licence (OGL),No,https://www.gov.uk/government/collections/government-conversion-factors-for-company-reporting,https://www.gov.uk/government/collections/government-conversion-factors-for-company-reporting,Standard UK GHG conversion factors widely used in city and organisational inventories.,Company-reporting framing; electricity factors are national/grid averages unless location-based alternatives applied.,High,Primary official
Wastewater treatment & discharge,GBR-006,GBR-006-III.4,Environment Agency Pollution Inventory / UK PRTR facility emissions,Environment Agency / Defra (UK PRTR),Emissions,Facility-level releases including GHGs where reported; industrial combustion/process/waste/wastewater point sources,III.4,England & Wales (PI); UK PRTR for national industrial releases,Facility / permit site,facility_or_asset,Annual series (recent PI through 2024),Annual,ZIP/CSV / XML,Open,Environment Agency / OGL terms as published,Partial,https://www.data.gov.uk/dataset/cfd94301-a2f2-48a2-9915-e477ca6d8b7e/pollution-inventory,https://www.gov.uk/government/publications/download-industrial-emissions-and-waste-transfer-uk-prtr-data,Facility pollutant/GHG releases for large regulated sites — city point-source layer.,Reporting thresholds; not all GHGs/sites; Scotland/NI have parallel SEPA/NIEA products.,High,Primary official
Wastewater treatment & discharge,GBR-017,GBR-017-III.4,London Energy and Greenhouse Gas Inventory (LEGGI),Greater London Authority (GLA),Hybrid,"GPC-style London inventory: stationary energy, transport, waste, IPPU, AFOLU; borough energy/emissions",III.4,Greater London,London; borough,city_or_municipality,Multi-year series through 2023 LEGGI,Annual,XLSX / CSV / explorer,Open,As stated on London Datastore,No,https://data.london.gov.uk/dataset/leggi/,https://apps.london.gov.uk/leggi-explorer,Mature city GHG/energy inventory for London with borough breakdowns — UK reference city product.,London-specific methodology; not all UK cities publish equivalent open inventories.,High,City official
Wastewater treatment & discharge,GBR-022,GBR-022-III.4,Water company / EA wastewater & sewage treatment reporting,Environment Agency / water companies / Ofwat (supporting),Hybrid,Large STW reporting (PI) and utility wastewater volumes/treatment supporting wastewater GHG,III.4,England & Wales (parallel DA regulators),Works / company / catchment,other_or_mixed,Annual PI + company APR series,Annual,CSV / company reports,Partial Open,Varies,Partial,https://www.data.gov.uk/dataset/cfd94301-a2f2-48a2-9915-e477ca6d8b7e/pollution-inventory,https://www.gov.uk/government/organisations/environment-agency,Wastewater treatment activity/emissions via Pollution Inventory thresholds and utility publications.,Full BOD/population-equivalent city extracts often require utility engagement; company boundaries ≠ LA.,Medium,Primary official / utility
Industrial processes,GBR-001,GBR-001-IV.1,UK Greenhouse Gas Inventory / National Inventory Document (NID),Department for Energy Security and Net Zero (DESNZ) / Ricardo (NAEI),Emissions,National GHG by IPCC sector/gas; emission factors and methods; DA inventories for England Scotland Wales NI,IV.1,United Kingdom,National; Devolved Administrations,state_or_province,1990–2024 (NID 2026 submission),Annual,PDF / XLSX / machine-readable CSV (NAEI),Open,UK Open Government Licence (OGL),No,https://naei.energysecurity.gov.uk/greenhouse-gases/greenhouse-gas-emissions-data,https://naei.energysecurity.gov.uk/,"Official UNFCCC NID/GHGI for the UK with pivot tables, CRT/CSV products and DA inventories.",Not municipal boundary; use LA GHG statistics for city-scale allocation.,High,Primary official
Industrial processes,GBR-002,GBR-002-IV.1,UK local authority and regional greenhouse gas emissions statistics,DESNZ / NAEI (Ricardo),Emissions,"LA/regional end-user GHG by sector (buildings, industry, transport, waste, agriculture, LULUCF); nationally consistent city-proxy inventory",IV.1,United Kingdom,Local authority; region; Protected Landscapes,city_or_municipality,2005–2024,Annual,CSV / XLSX / PDF statistical release,Open,UK Open Government Licence (OGL),No,https://www.gov.uk/government/statistics/uk-local-authority-and-regional-greenhouse-gas-emissions-statistics-2005-to-2024,https://naei.energysecurity.gov.uk/data/maps/local-authorities,Nationally consistent LA GHG emissions — primary UK city/local inventory product derived from NAEI + subnational energy.,"Excludes aviation, shipping, military transport and F-gases at LA level; end-user framing differs from territorial GPC Scope splits in places.",High,Primary official
Industrial processes,GBR-006,GBR-006-IV.1,Environment Agency Pollution Inventory / UK PRTR facility emissions,Environment Agency / Defra (UK PRTR),Emissions,Facility-level releases including GHGs where reported; industrial combustion/process/waste/wastewater point sources,IV.1,England & Wales (PI); UK PRTR for national industrial releases,Facility / permit site,facility_or_asset,Annual series (recent PI through 2024),Annual,ZIP/CSV / XML,Open,Environment Agency / OGL terms as published,Partial,https://www.data.gov.uk/dataset/cfd94301-a2f2-48a2-9915-e477ca6d8b7e/pollution-inventory,https://www.gov.uk/government/publications/download-industrial-emissions-and-waste-transfer-uk-prtr-data,Facility pollutant/GHG releases for large regulated sites — city point-source layer.,Reporting thresholds; not all GHGs/sites; Scotland/NI have parallel SEPA/NIEA products.,High,Primary official
Industrial processes,GBR-007,GBR-007-IV.1,NAEI point sources and gridded emissions,DESNZ / NAEI (Ricardo),Emissions,Mapped point sources and gridded sectoral emissions supporting LA allocation and city inventories,IV.1,United Kingdom,Point source; ~1 km grids; interactive maps,facility_or_asset,~2005–2023 (gridded/point products as published),Periodic / annual cycle,Maps / downloadable gridded & point data,Open,UK Open Government Licence (OGL),No,https://naei.energysecurity.gov.uk/greenhouse-gases/greenhouse-gas-emissions-data,https://naei.energysecurity.gov.uk/,Spatially resolved NAEI emissions and point sources used in LA GHG statistics.,Grid resolution may blur dense city sources; prefer LA tables for reporting totals.,High,Primary official
Industrial processes,GBR-017,GBR-017-IV.1,London Energy and Greenhouse Gas Inventory (LEGGI),Greater London Authority (GLA),Hybrid,"GPC-style London inventory: stationary energy, transport, waste, IPPU, AFOLU; borough energy/emissions",IV.1,Greater London,London; borough,city_or_municipality,Multi-year series through 2023 LEGGI,Annual,XLSX / CSV / explorer,Open,As stated on London Datastore,No,https://data.london.gov.uk/dataset/leggi/,https://apps.london.gov.uk/leggi-explorer,Mature city GHG/energy inventory for London with borough breakdowns — UK reference city product.,London-specific methodology; not all UK cities publish equivalent open inventories.,High,City official
Industrial processes,GBR-024,GBR-024-IV.1,EDGAR GHG gridded & cities emissions,European Commission JRC,Emissions,Modeled sectoral GHG grids and city products for cross-check,IV.1,Global including UK,0.1° / 1 km city products,modeled_grid,1970–2024,Periodic,NetCDF/CSV,Open,As stated by JRC,No,https://edgar.jrc.ec.europa.eu/emissions_data_and_maps,https://edgar.jrc.ec.europa.eu/,Modeled gap-fill/cross-check versus DESNZ LA GHG / GHGI.,Prefer official UK sources when available.,High,International modeled
Industrial processes,GBR-025,GBR-025-IV.1,Climate TRACE inventory,Climate TRACE,Emissions,Asset and urban-area emissions estimates,IV.1,Global including UK,Asset / urban area,modeled_grid,Monthly recent years,Periodic,CSV/API,Open,As stated by Climate TRACE,Yes,https://climatetrace.org/,https://climatetrace.org/,Asset/urban emissions complementary to Pollution Inventory and LA GHG stats.,Not official; calibrate to GHGI / LA statistics.,Medium,International modeled
Product use,GBR-001,GBR-001-IV.2,UK Greenhouse Gas Inventory / National Inventory Document (NID),Department for Energy Security and Net Zero (DESNZ) / Ricardo (NAEI),Emissions,National GHG by IPCC sector/gas; emission factors and methods; DA inventories for England Scotland Wales NI,IV.2,United Kingdom,National; Devolved Administrations,state_or_province,1990–2024 (NID 2026 submission),Annual,PDF / XLSX / machine-readable CSV (NAEI),Open,UK Open Government Licence (OGL),No,https://naei.energysecurity.gov.uk/greenhouse-gases/greenhouse-gas-emissions-data,https://naei.energysecurity.gov.uk/,"Official UNFCCC NID/GHGI for the UK with pivot tables, CRT/CSV products and DA inventories.",Not municipal boundary; use LA GHG statistics for city-scale allocation.,High,Primary official
Product use,GBR-005,GBR-005-IV.2,Greenhouse gas reporting conversion factors (company reporting),DESNZ,Hybrid,"UK emission factors for fuels, electricity, transport, waste, water, refrigerants — activity-to-emissions conversion",IV.2,United Kingdom,National factors (location/market-based electricity options),national,Annual editions (current year + archive),Annual,XLSX / CSV,Open,UK Open Government Licence (OGL),No,https://www.gov.uk/government/collections/government-conversion-factors-for-company-reporting,https://www.gov.uk/government/collections/government-conversion-factors-for-company-reporting,Standard UK GHG conversion factors widely used in city and organisational inventories.,Company-reporting framing; electricity factors are national/grid averages unless location-based alternatives applied.,High,Primary official
Product use,GBR-017,GBR-017-IV.2,London Energy and Greenhouse Gas Inventory (LEGGI),Greater London Authority (GLA),Hybrid,"GPC-style London inventory: stationary energy, transport, waste, IPPU, AFOLU; borough energy/emissions",IV.2,Greater London,London; borough,city_or_municipality,Multi-year series through 2023 LEGGI,Annual,XLSX / CSV / explorer,Open,As stated on London Datastore,No,https://data.london.gov.uk/dataset/leggi/,https://apps.london.gov.uk/leggi-explorer,Mature city GHG/energy inventory for London with borough breakdowns — UK reference city product.,London-specific methodology; not all UK cities publish equivalent open inventories.,High,City official
Product use,GBR-023,GBR-023-IV.2,F-gas / product-use statistics (GHGI IPPU + Defra F-gas reporting context),DESNZ (GHGI) / Defra,Emissions,National HFC and product-use emissions; F-gas regulatory reporting context for IV.2,IV.2,United Kingdom,National (not in LA GHG stats),national,1990–2024 GHGI; annual F-gas cycles,Annual,GHGI tables / regulatory reports,Open (aggregates),UK Open Government Licence (OGL),No,https://naei.energysecurity.gov.uk/greenhouse-gases/greenhouse-gas-emissions-data,https://www.gov.uk/guidance/fluorinated-gases-f-gases,National product-use / F-gas emissions — LA GHG statistics explicitly exclude F-gases.,No robust open city refrigerant stock register; downscaling uncertain.,Medium,Primary official
Livestock,GBR-001,GBR-001-V.1,UK Greenhouse Gas Inventory / National Inventory Document (NID),Department for Energy Security and Net Zero (DESNZ) / Ricardo (NAEI),Emissions,National GHG by IPCC sector/gas; emission factors and methods; DA inventories for England Scotland Wales NI,V.1,United Kingdom,National; Devolved Administrations,state_or_province,1990–2024 (NID 2026 submission),Annual,PDF / XLSX / machine-readable CSV (NAEI),Open,UK Open Government Licence (OGL),No,https://naei.energysecurity.gov.uk/greenhouse-gases/greenhouse-gas-emissions-data,https://naei.energysecurity.gov.uk/,"Official UNFCCC NID/GHGI for the UK with pivot tables, CRT/CSV products and DA inventories.",Not municipal boundary; use LA GHG statistics for city-scale allocation.,High,Primary official
Livestock,GBR-002,GBR-002-V.1,UK local authority and regional greenhouse gas emissions statistics,DESNZ / NAEI (Ricardo),Emissions,"LA/regional end-user GHG by sector (buildings, industry, transport, waste, agriculture, LULUCF); nationally consistent city-proxy inventory",V.1,United Kingdom,Local authority; region; Protected Landscapes,city_or_municipality,2005–2024,Annual,CSV / XLSX / PDF statistical release,Open,UK Open Government Licence (OGL),No,https://www.gov.uk/government/statistics/uk-local-authority-and-regional-greenhouse-gas-emissions-statistics-2005-to-2024,https://naei.energysecurity.gov.uk/data/maps/local-authorities,Nationally consistent LA GHG emissions — primary UK city/local inventory product derived from NAEI + subnational energy.,"Excludes aviation, shipping, military transport and F-gases at LA level; end-user framing differs from territorial GPC Scope splits in places.",High,Primary official
Livestock,GBR-007,GBR-007-V.1,NAEI point sources and gridded emissions,DESNZ / NAEI (Ricardo),Emissions,Mapped point sources and gridded sectoral emissions supporting LA allocation and city inventories,V.1,United Kingdom,Point source; ~1 km grids; interactive maps,facility_or_asset,~2005–2023 (gridded/point products as published),Periodic / annual cycle,Maps / downloadable gridded & point data,Open,UK Open Government Licence (OGL),No,https://naei.energysecurity.gov.uk/greenhouse-gases/greenhouse-gas-emissions-data,https://naei.energysecurity.gov.uk/,Spatially resolved NAEI emissions and point sources used in LA GHG statistics.,Grid resolution may blur dense city sources; prefer LA tables for reporting totals.,High,Primary official
Livestock,GBR-014,GBR-014-V.1,June Survey of Agriculture / Defra agricultural statistics,Defra / Devolved Administrations,Activity,"Livestock numbers, crops, land use — AFOLU activity and agri energy context",V.1,United Kingdom (England Defra; DA equivalents),National; regional; some LA/parish products,state_or_province,Long annual series,Annual,Tables / CSV / Excel,Open (aggregates),UK Open Government Licence (OGL),Partial,https://www.gov.uk/government/collections/structure-of-the-agricultural-industry,https://www.gov.uk/government/organisations/department-for-environment-food-rural-affairs/about/statistics,Official agricultural structure statistics for livestock and land-related GPC sectors.,Holding confidentiality limits fine geography; agri energy use not metered in survey.,High,Primary official
Livestock,GBR-017,GBR-017-V.1,London Energy and Greenhouse Gas Inventory (LEGGI),Greater London Authority (GLA),Hybrid,"GPC-style London inventory: stationary energy, transport, waste, IPPU, AFOLU; borough energy/emissions",V.1,Greater London,London; borough,city_or_municipality,Multi-year series through 2023 LEGGI,Annual,XLSX / CSV / explorer,Open,As stated on London Datastore,No,https://data.london.gov.uk/dataset/leggi/,https://apps.london.gov.uk/leggi-explorer,Mature city GHG/energy inventory for London with borough breakdowns — UK reference city product.,London-specific methodology; not all UK cities publish equivalent open inventories.,High,City official
Livestock,GBR-024,GBR-024-V.1,EDGAR GHG gridded & cities emissions,European Commission JRC,Emissions,Modeled sectoral GHG grids and city products for cross-check,V.1,Global including UK,0.1° / 1 km city products,modeled_grid,1970–2024,Periodic,NetCDF/CSV,Open,As stated by JRC,No,https://edgar.jrc.ec.europa.eu/emissions_data_and_maps,https://edgar.jrc.ec.europa.eu/,Modeled gap-fill/cross-check versus DESNZ LA GHG / GHGI.,Prefer official UK sources when available.,High,International modeled
Land,GBR-001,GBR-001-V.2,UK Greenhouse Gas Inventory / National Inventory Document (NID),Department for Energy Security and Net Zero (DESNZ) / Ricardo (NAEI),Emissions,National GHG by IPCC sector/gas; emission factors and methods; DA inventories for England Scotland Wales NI,V.2,United Kingdom,National; Devolved Administrations,state_or_province,1990–2024 (NID 2026 submission),Annual,PDF / XLSX / machine-readable CSV (NAEI),Open,UK Open Government Licence (OGL),No,https://naei.energysecurity.gov.uk/greenhouse-gases/greenhouse-gas-emissions-data,https://naei.energysecurity.gov.uk/,"Official UNFCCC NID/GHGI for the UK with pivot tables, CRT/CSV products and DA inventories.",Not municipal boundary; use LA GHG statistics for city-scale allocation.,High,Primary official
Land,GBR-002,GBR-002-V.2,UK local authority and regional greenhouse gas emissions statistics,DESNZ / NAEI (Ricardo),Emissions,"LA/regional end-user GHG by sector (buildings, industry, transport, waste, agriculture, LULUCF); nationally consistent city-proxy inventory",V.2,United Kingdom,Local authority; region; Protected Landscapes,city_or_municipality,2005–2024,Annual,CSV / XLSX / PDF statistical release,Open,UK Open Government Licence (OGL),No,https://www.gov.uk/government/statistics/uk-local-authority-and-regional-greenhouse-gas-emissions-statistics-2005-to-2024,https://naei.energysecurity.gov.uk/data/maps/local-authorities,Nationally consistent LA GHG emissions — primary UK city/local inventory product derived from NAEI + subnational energy.,"Excludes aviation, shipping, military transport and F-gases at LA level; end-user framing differs from territorial GPC Scope splits in places.",High,Primary official
Land,GBR-007,GBR-007-V.2,NAEI point sources and gridded emissions,DESNZ / NAEI (Ricardo),Emissions,Mapped point sources and gridded sectoral emissions supporting LA allocation and city inventories,V.2,United Kingdom,Point source; ~1 km grids; interactive maps,facility_or_asset,~2005–2023 (gridded/point products as published),Periodic / annual cycle,Maps / downloadable gridded & point data,Open,UK Open Government Licence (OGL),No,https://naei.energysecurity.gov.uk/greenhouse-gases/greenhouse-gas-emissions-data,https://naei.energysecurity.gov.uk/,Spatially resolved NAEI emissions and point sources used in LA GHG statistics.,Grid resolution may blur dense city sources; prefer LA tables for reporting totals.,High,Primary official
Land,GBR-014,GBR-014-V.2,June Survey of Agriculture / Defra agricultural statistics,Defra / Devolved Administrations,Activity,"Livestock numbers, crops, land use — AFOLU activity and agri energy context",V.2,United Kingdom (England Defra; DA equivalents),National; regional; some LA/parish products,state_or_province,Long annual series,Annual,Tables / CSV / Excel,Open (aggregates),UK Open Government Licence (OGL),Partial,https://www.gov.uk/government/collections/structure-of-the-agricultural-industry,https://www.gov.uk/government/organisations/department-for-environment-food-rural-affairs/about/statistics,Official agricultural structure statistics for livestock and land-related GPC sectors.,Holding confidentiality limits fine geography; agri energy use not metered in survey.,High,Primary official
Land,GBR-015,GBR-015-V.2,National Forest Inventory / Forestry Statistics (Forest Research),Forest Research / Forestry Commission,Activity,"Forest area, woodland map and related biomass/land-use activity for LULUCF",V.2,Great Britain (NI via Forest Service products),National; maps; 1 km / stand products,national,Periodic NFI cycles + annual forestry statistics,Periodic / annual,Maps / tables / GIS,Open,OGL / Forest Research terms,No,https://www.forestresearch.gov.uk/tools-and-resources/national-forest-inventory/,https://www.forestresearch.gov.uk/tools-and-resources/statistics/forestry-statistics/,Official woodland inventory supporting AFOLU land sector estimation.,City tree canopy often needs local i-Tree/OS greenspace layers beyond NFI.,High,Primary official
Land,GBR-016,GBR-016-V.2,LULUCF emissions and removals at local authority level (UKCEH / DESNZ),UK Centre for Ecology & Hydrology / DESNZ,Emissions,Mapped LULUCF CO2 emissions and removals allocated to local authorities,V.2,United Kingdom,Local authority,city_or_municipality,Aligned with LA GHG series (published with LA statistics),Annual (with LA GHG release),Excel / supporting reports,Open,UK Open Government Licence (OGL),No,https://www.gov.uk/government/statistics/uk-local-authority-and-regional-greenhouse-gas-emissions-statistics-2005-to-2024,https://naei.energysecurity.gov.uk/data/maps/local-authorities,LA-level LULUCF emissions/removals accompanying DESNZ local authority GHG statistics.,Modelled land fluxes; urban land change detail may be coarse for dense cities.,High,Primary official
Land,GBR-017,GBR-017-V.2,London Energy and Greenhouse Gas Inventory (LEGGI),Greater London Authority (GLA),Hybrid,"GPC-style London inventory: stationary energy, transport, waste, IPPU, AFOLU; borough energy/emissions",V.2,Greater London,London; borough,city_or_municipality,Multi-year series through 2023 LEGGI,Annual,XLSX / CSV / explorer,Open,As stated on London Datastore,No,https://data.london.gov.uk/dataset/leggi/,https://apps.london.gov.uk/leggi-explorer,Mature city GHG/energy inventory for London with borough breakdowns — UK reference city product.,London-specific methodology; not all UK cities publish equivalent open inventories.,High,City official
Land,GBR-024,GBR-024-V.2,EDGAR GHG gridded & cities emissions,European Commission JRC,Emissions,Modeled sectoral GHG grids and city products for cross-check,V.2,Global including UK,0.1° / 1 km city products,modeled_grid,1970–2024,Periodic,NetCDF/CSV,Open,As stated by JRC,No,https://edgar.jrc.ec.europa.eu/emissions_data_and_maps,https://edgar.jrc.ec.europa.eu/,Modeled gap-fill/cross-check versus DESNZ LA GHG / GHGI.,Prefer official UK sources when available.,High,International modeled
Land,GBR-025,GBR-025-V.2,Climate TRACE inventory,Climate TRACE,Emissions,Asset and urban-area emissions estimates,V.2,Global including UK,Asset / urban area,modeled_grid,Monthly recent years,Periodic,CSV/API,Open,As stated by Climate TRACE,Yes,https://climatetrace.org/,https://climatetrace.org/,Asset/urban emissions complementary to Pollution Inventory and LA GHG stats.,Not official; calibrate to GHGI / LA statistics.,Medium,International modeled
Aggregate sources & non-CO₂ emissions sources on land,GBR-001,GBR-001-V.3,UK Greenhouse Gas Inventory / National Inventory Document (NID),Department for Energy Security and Net Zero (DESNZ) / Ricardo (NAEI),Emissions,National GHG by IPCC sector/gas; emission factors and methods; DA inventories for England Scotland Wales NI,V.3,United Kingdom,National; Devolved Administrations,state_or_province,1990–2024 (NID 2026 submission),Annual,PDF / XLSX / machine-readable CSV (NAEI),Open,UK Open Government Licence (OGL),No,https://naei.energysecurity.gov.uk/greenhouse-gases/greenhouse-gas-emissions-data,https://naei.energysecurity.gov.uk/,"Official UNFCCC NID/GHGI for the UK with pivot tables, CRT/CSV products and DA inventories.",Not municipal boundary; use LA GHG statistics for city-scale allocation.,High,Primary official
Aggregate sources & non-CO₂ emissions sources on land,GBR-002,GBR-002-V.3,UK local authority and regional greenhouse gas emissions statistics,DESNZ / NAEI (Ricardo),Emissions,"LA/regional end-user GHG by sector (buildings, industry, transport, waste, agriculture, LULUCF); nationally consistent city-proxy inventory",V.3,United Kingdom,Local authority; region; Protected Landscapes,city_or_municipality,2005–2024,Annual,CSV / XLSX / PDF statistical release,Open,UK Open Government Licence (OGL),No,https://www.gov.uk/government/statistics/uk-local-authority-and-regional-greenhouse-gas-emissions-statistics-2005-to-2024,https://naei.energysecurity.gov.uk/data/maps/local-authorities,Nationally consistent LA GHG emissions — primary UK city/local inventory product derived from NAEI + subnational energy.,"Excludes aviation, shipping, military transport and F-gases at LA level; end-user framing differs from territorial GPC Scope splits in places.",High,Primary official
Aggregate sources & non-CO₂ emissions sources on land,GBR-014,GBR-014-V.3,June Survey of Agriculture / Defra agricultural statistics,Defra / Devolved Administrations,Activity,"Livestock numbers, crops, land use — AFOLU activity and agri energy context",V.3,United Kingdom (England Defra; DA equivalents),National; regional; some LA/parish products,state_or_province,Long annual series,Annual,Tables / CSV / Excel,Open (aggregates),UK Open Government Licence (OGL),Partial,https://www.gov.uk/government/collections/structure-of-the-agricultural-industry,https://www.gov.uk/government/organisations/department-for-environment-food-rural-affairs/about/statistics,Official agricultural structure statistics for livestock and land-related GPC sectors.,Holding confidentiality limits fine geography; agri energy use not metered in survey.,High,Primary official
Aggregate sources & non-CO₂ emissions sources on land,GBR-016,GBR-016-V.3,LULUCF emissions and removals at local authority level (UKCEH / DESNZ),UK Centre for Ecology & Hydrology / DESNZ,Emissions,Mapped LULUCF CO2 emissions and removals allocated to local authorities,V.3,United Kingdom,Local authority,city_or_municipality,Aligned with LA GHG series (published with LA statistics),Annual (with LA GHG release),Excel / supporting reports,Open,UK Open Government Licence (OGL),No,https://www.gov.uk/government/statistics/uk-local-authority-and-regional-greenhouse-gas-emissions-statistics-2005-to-2024,https://naei.energysecurity.gov.uk/data/maps/local-authorities,LA-level LULUCF emissions/removals accompanying DESNZ local authority GHG statistics.,Modelled land fluxes; urban land change detail may be coarse for dense cities.,High,Primary official
Aggregate sources & non-CO₂ emissions sources on land,GBR-024,GBR-024-V.3,EDGAR GHG gridded & cities emissions,European Commission JRC,Emissions,Modeled sectoral GHG grids and city products for cross-check,V.3,Global including UK,0.1° / 1 km city products,modeled_grid,1970–2024,Periodic,NetCDF/CSV,Open,As stated by JRC,No,https://edgar.jrc.ec.europa.eu/emissions_data_and_maps,https://edgar.jrc.ec.europa.eu/,Modeled gap-fill/cross-check versus DESNZ LA GHG / GHGI.,Prefer official UK sources when available.,High,International modeled
Other Scope 3,GBR-005,GBR-005-VI.1,Greenhouse gas reporting conversion factors (company reporting),DESNZ,Hybrid,"UK emission factors for fuels, electricity, transport, waste, water, refrigerants — activity-to-emissions conversion",VI.1,United Kingdom,National factors (location/market-based electricity options),national,Annual editions (current year + archive),Annual,XLSX / CSV,Open,UK Open Government Licence (OGL),No,https://www.gov.uk/government/collections/government-conversion-factors-for-company-reporting,https://www.gov.uk/government/collections/government-conversion-factors-for-company-reporting,Standard UK GHG conversion factors widely used in city and organisational inventories.,Company-reporting framing; electricity factors are national/grid averages unless location-based alternatives applied.,High,Primary official
Other Scope 3,GBR-017,GBR-017-VI.1,London Energy and Greenhouse Gas Inventory (LEGGI),Greater London Authority (GLA),Hybrid,"GPC-style London inventory: stationary energy, transport, waste, IPPU, AFOLU; borough energy/emissions",VI.1,Greater London,London; borough,city_or_municipality,Multi-year series through 2023 LEGGI,Annual,XLSX / CSV / explorer,Open,As stated on London Datastore,No,https://data.london.gov.uk/dataset/leggi/,https://apps.london.gov.uk/leggi-explorer,Mature city GHG/energy inventory for London with borough breakdowns — UK reference city product.,London-specific methodology; not all UK cities publish equivalent open inventories.,High,City official
Other Scope 3,GBR-020,GBR-020-VI.1,ONS UK Environmental Accounts (energy & GHG),Office for National Statistics (ONS),Hybrid,SEEA-style energy use and GHG accounts by industry/household — complementary national framing,VI.1,United Kingdom,National; industry,national,Annual accounts series,Annual,Tables / CSV,Open,UK Open Government Licence (OGL),Yes (ONS API),https://www.ons.gov.uk/economy/environmentalaccounts,https://www.ons.gov.uk/economy/environmentalaccounts,Official environmental-economic accounts complementary to the territorial GHGI.,Not GPC city inventory; industry classification differs from IPCC/GPC.,High,Primary official
