iso3,country,tier,score,related_ccra_indicator,indicator_name,dataset_count,proxy_dataset_count,coverage_status,readiness_status,best_granularity_class,best_granularity_label,needs_city_downscaling,top_dataset_1,top_dataset_1_id,top_dataset_2,top_dataset_3,top_note
GBR,United Kingdom,A,94,CCRA-001,Age Distribution,3,0,covered,city-ready,neighborhood_or_small_area,Neighborhood / small area (city-ready),no,"ONS Census 2021 — population, age/sex, housing & deprivation dimensions (LSOA/MSOA)",GBR-A001,OEF shared city Vulnerability score (age/social screening),OEF Heat Risk Score H×E×V (city screening),
GBR,United Kingdom,A,94,CCRA-002,Agricultural GDP share,2,0,covered,mixed,facility_or_asset,Facility / asset (city-usable),no,"Defra / RPA agricultural land classification, June Survey, Crop Map of England",GBR-A016,ONS / OBR National Accounts — agriculture & industry GVA shares,,
GBR,United Kingdom,A,94,CCRA-003,Agricultural establishment density,1,0,covered,facility,facility_or_asset,Facility / asset (city-usable),no,"Defra / RPA agricultural land classification, June Survey, Crop Map of England",GBR-A016,,,
GBR,United Kingdom,A,94,CCRA-004,Agricultural land area,1,0,covered,facility,facility_or_asset,Facility / asset (city-usable),no,"Defra / RPA agricultural land classification, June Survey, Crop Map of England",GBR-A016,,,
GBR,United Kingdom,A,94,CCRA-005,Areas of global conservation value,2,0,covered,city-ready,modeled_grid,Modeled grid (city screening),no,Natural England / NRW / NatureScot protected sites + WDPA,GBR-A018,Biodiversity Intactness Index + KBAs (UK),,
GBR,United Kingdom,A,94,CCRA-006,Biodiversity Intactness Index (BII),1,0,covered,city-ready,modeled_grid,Modeled grid (city screening),no,Biodiversity Intactness Index + KBAs (UK),GBR-A019,,,
GBR,United Kingdom,A,94,CCRA-007,Confirmed disease cases,1,0,covered,facility,facility_or_asset,Facility / asset (city-usable),no,NHS Digital / ODS health sites + OSM healthcare POIs,GBR-A005,,,
GBR,United Kingdom,A,94,CCRA-008,Dependence on large-scale irrigation,1,0,covered,facility,facility_or_asset,Facility / asset (city-usable),no,"Defra / RPA agricultural land classification, June Survey, Crop Map of England",GBR-A016,,,
GBR,United Kingdom,A,94,CCRA-009,Electricity consumption,1,0,covered,city-ready,neighborhood_or_small_area,Neighborhood / small area (city-ready),no,DESNZ DUKES / Digest of UK Energy Statistics; subnational electricity & gas; WRI power plants,GBR-A023,,,
GBR,United Kingdom,A,94,CCRA-010,Energy poverty,4,0,covered,city-ready,neighborhood_or_small_area,Neighborhood / small area (city-ready),no,DESNZ DUKES / Digest of UK Energy Statistics; subnational electricity & gas; WRI power plants,GBR-A023,DESNZ Fuel Poverty statistics (England) + devolved fuel poverty measures,English Indices of Deprivation (IoD/IMD) + Welsh/Scottish/NI IMD,
GBR,United Kingdom,A,94,CCRA-011,Flood Threat Index,10,0,covered,city-ready,modeled_grid,Modeled grid (city screening),no,Environment Agency — Risk of Flooding from Rivers and Sea (RoFRS) + climate-change scenarios,GBR-A006,Environment Agency — Risk of Flooding from Surface Water (RoFSW) + climate change,Flood Map for Planning — Flood Zones (+ climate change),
GBR,United Kingdom,A,94,CCRA-012,Food production and marketing,1,0,covered,facility,facility_or_asset,Facility / asset (city-usable),no,"Defra / RPA agricultural land classification, June Survey, Crop Map of England",GBR-A016,,,
GBR,United Kingdom,A,94,CCRA-013,Forest cover,1,0,covered,city-ready,modeled_grid,Modeled grid (city screening),no,National Forest Inventory / Forest Research + Hansen GFC + Living England/Wales land cover,GBR-A017,,,
GBR,United Kingdom,A,94,CCRA-014,Forest loss,1,0,covered,city-ready,modeled_grid,Modeled grid (city screening),no,National Forest Inventory / Forest Research + Hansen GFC + Living England/Wales land cover,GBR-A017,,,
GBR,United Kingdom,A,94,CCRA-015,Health and basic services access,3,0,covered,city-ready,neighborhood_or_small_area,Neighborhood / small area (city-ready),no,English Indices of Deprivation (IoD/IMD) + Welsh/Scottish/NI IMD,GBR-A002,"ONS Census 2021 — population, age/sex, housing & deprivation dimensions (LSOA/MSOA)",NHS Digital / ODS health sites + OSM healthcare POIs,
GBR,United Kingdom,A,94,CCRA-016,Health facility density,1,0,covered,facility,facility_or_asset,Facility / asset (city-usable),no,NHS Digital / ODS health sites + OSM healthcare POIs,GBR-A005,,,
GBR,United Kingdom,A,94,CCRA-017,Households in hazard-prone areas,13,0,covered,city-ready,neighborhood_or_small_area,Neighborhood / small area (city-ready),no,ONS / OS Boundary-Line & Census geographies (OA/LSOA/MSOA/LAD),GBR-A003,BGS GeoSure / landslide susceptibility & mass-movement datasets,Environment Agency — Risk of Flooding from Rivers and Sea (RoFRS) + climate-change scenarios,
GBR,United Kingdom,A,94,CCRA-018,Inadequate Sanitation,1,0,covered,city-ready,neighborhood_or_small_area,Neighborhood / small area (city-ready),no,"ONS Census 2021 — population, age/sex, housing & deprivation dimensions (LSOA/MSOA)",GBR-A001,,,
GBR,United Kingdom,A,94,CCRA-019,Inadequate water access,2,0,covered,mixed,neighborhood_or_small_area,Neighborhood / small area (city-ready),no,"ONS Census 2021 — population, age/sex, housing & deprivation dimensions (LSOA/MSOA)",GBR-A001,WRI Aqueduct + water company / EA water resources plans,,
GBR,United Kingdom,A,94,CCRA-020,Income,3,0,covered,city-ready,neighborhood_or_small_area,Neighborhood / small area (city-ready),no,English Indices of Deprivation (IoD/IMD) + Welsh/Scottish/NI IMD,GBR-A002,"ONS Census 2021 — population, age/sex, housing & deprivation dimensions (LSOA/MSOA)",OEF shared city Vulnerability score (age/social screening),
GBR,United Kingdom,A,94,CCRA-021,Industrial GDP share,1,0,covered,needs downscaling (national),national,National (needs downscaling),yes,ONS / OBR National Accounts — agriculture & industry GVA shares,GBR-A020,,,
GBR,United Kingdom,A,94,CCRA-022,Landslide Susceptibility,4,0,covered,city-ready,modeled_grid,Modeled grid (city screening),no,BGS GeoSure / landslide susceptibility & mass-movement datasets,GBR-A012,OEF Landslide Hazard Score (city screening ensemble),OEF Landslide Risk Score H×E×V (city screening),
GBR,United Kingdom,A,94,CCRA-023,Landslide Threat Index,5,0,covered,city-ready,modeled_grid,Modeled grid (city screening),no,BGS GeoSure / landslide susceptibility & mass-movement datasets,GBR-A012,OEF Landslide Hazard Score (city screening ensemble),OEF Landslide Risk Score H×E×V (city screening),
GBR,United Kingdom,A,94,CCRA-024,Maximum Consecutive Dry Days (CDD),3,0,covered,city-ready,modeled_grid,Modeled grid (city screening),no,HadUK-Grid / Met Office drought & extreme rainfall indices,GBR-A011,UKCP18 / Met Office climate projections + UK Climate Projections user tools,CHIRPS / ERA5-Land / OEF HWM & FRI inputs,
GBR,United Kingdom,A,94,CCRA-025,Maximum Precipitation 5 days (Rx5day),3,0,covered,city-ready,modeled_grid,Modeled grid (city screening),no,HadUK-Grid / Met Office drought & extreme rainfall indices,GBR-A011,UKCP18 / Met Office climate projections + UK Climate Projections user tools,CHIRPS / ERA5-Land / OEF HWM & FRI inputs,
GBR,United Kingdom,A,94,CCRA-026,Maximum temperature,6,0,covered,city-ready,modeled_grid,Modeled grid (city screening),no,HadUK-Grid / Met Office drought & extreme rainfall indices,GBR-A011,UKCP18 / Met Office climate projections + UK Climate Projections user tools,OEF Heat Hazard Score (city screening ensemble),
GBR,United Kingdom,A,94,CCRA-027,Natural vegetation cover,1,0,covered,city-ready,modeled_grid,Modeled grid (city screening),no,National Forest Inventory / Forest Research + Hansen GFC + Living England/Wales land cover,GBR-A017,,,
GBR,United Kingdom,A,94,CCRA-028,Population density,7,0,covered,city-ready,neighborhood_or_small_area,Neighborhood / small area (city-ready),no,ONS / OS Boundary-Line & Census geographies (OA/LSOA/MSOA/LAD),GBR-A003,"ONS Census 2021 — population, age/sex, housing & deprivation dimensions (LSOA/MSOA)",OEF shared city Exposure score (population density screening),
GBR,United Kingdom,A,94,CCRA-029,Port infrastructures,4,0,covered,city-ready,modeled_grid,Modeled grid (city screening),no,DfT / port authorities — UK port infrastructure & maritime statistics,GBR-A022,National Coastal Erosion Risk Mapping (NCERM) 2024,"OS Open Roads / OpenMap / OSM — roads, rail, ports, buildings",
GBR,United Kingdom,A,94,CCRA-030,Power generation facilities,1,0,covered,city-ready,neighborhood_or_small_area,Neighborhood / small area (city-ready),no,DESNZ DUKES / Digest of UK Energy Statistics; subnational electricity & gas; WRI power plants,GBR-A023,,,
GBR,United Kingdom,A,94,CCRA-031,Protected areas,1,0,covered,facility,facility_or_asset,Facility / asset (city-usable),no,Natural England / NRW / NatureScot protected sites + WDPA,GBR-A018,,,
GBR,United Kingdom,A,94,CCRA-032,Railroad density,1,0,covered,facility,facility_or_asset,Facility / asset (city-usable),no,"OS Open Roads / OpenMap / OSM — roads, rail, ports, buildings",GBR-A021,,,
GBR,United Kingdom,A,94,CCRA-033,Relative humidity,2,0,covered,city-ready,modeled_grid,Modeled grid (city screening),no,UKCP18 / Met Office climate projections + UK Climate Projections user tools,GBR-A010,CHIRPS / ERA5-Land / OEF HWM & FRI inputs,,
GBR,United Kingdom,A,94,CCRA-034,Road density,1,0,covered,facility,facility_or_asset,Facility / asset (city-usable),no,"OS Open Roads / OpenMap / OSM — roads, rail, ports, buildings",GBR-A021,,,
GBR,United Kingdom,A,94,CCRA-035,Sea Level change,3,0,covered,city-ready,modeled_grid,Modeled grid (city screening),no,Environment Agency — Risk of Flooding from Rivers and Sea (RoFRS) + climate-change scenarios,GBR-A006,National Coastal Erosion Risk Mapping (NCERM) 2024,UK sea-level projections (UKCP18 marine / MCCIP) + EA coastal flood products,
GBR,United Kingdom,A,94,CCRA-036,Standardized Precipitation Evapotranspiration Index (SPEI),3,0,covered,city-ready,modeled_grid,Modeled grid (city screening),no,HadUK-Grid / Met Office drought & extreme rainfall indices,GBR-A011,UKCP18 / Met Office climate projections + UK Climate Projections user tools,CHIRPS / ERA5-Land / OEF HWM & FRI inputs,
GBR,United Kingdom,A,94,CCRA-037,Total precipitation,2,0,covered,city-ready,modeled_grid,Modeled grid (city screening),no,HadUK-Grid / Met Office drought & extreme rainfall indices,GBR-A011,UKCP18 / Met Office climate projections + UK Climate Projections user tools,,
GBR,United Kingdom,A,94,CCRA-038,Urban infrastructure social vulnerability,5,0,covered,city-ready,neighborhood_or_small_area,Neighborhood / small area (city-ready),no,English Indices of Deprivation (IoD/IMD) + Welsh/Scottish/NI IMD,GBR-A002,"ONS Census 2021 — population, age/sex, housing & deprivation dimensions (LSOA/MSOA)","OS Open Roads / OpenMap / OSM — roads, rail, ports, buildings",
GBR,United Kingdom,A,94,CCRA-039,Urban stormwater drainage coverage,0,2,missing,missing,unknown,Gap,n/a,Environment Agency — Risk of Flooding from Surface Water (RoFSW) + climate change,GBR-A007,OEF Flood / Heat / Landslide mechanism-type layers (NbS screening),,related proxies only (hard gap)
GBR,United Kingdom,A,94,CCRA-040,Waste Collection,1,0,covered,city-ready,neighborhood_or_small_area,Neighborhood / small area (city-ready),no,"ONS Census 2021 — population, age/sex, housing & deprivation dimensions (LSOA/MSOA)",GBR-A001,,,
GBR,United Kingdom,A,94,CCRA-041,Water security index,1,0,covered,mixed,other_or_mixed,Mixed / other,no,WRI Aqueduct + water company / EA water resources plans,GBR-A026,,,
MEX,Mexico,A,91,CCRA-001,Age Distribution,3,0,covered,city-ready,neighborhood_or_small_area,Neighborhood / small area (city-ready),no,INEGI Censo de Población y Vivienda 2020 — Principales resultados por AGEB y manzana urbana,MEX-A001,OEF shared city Vulnerability score (age/social screening),OEF Heat Risk Score H×E×V (city screening),
MEX,Mexico,A,91,CCRA-002,Agricultural GDP share,2,0,covered,needs downscaling (state),state_or_province,State / province (needs downscaling),yes,INEGI Censo Agropecuario / SIAP land use & irrigation statistics,MEX-A013,INEGI SCN / Cuentas por sectores — agroindustria e industria (PIB shares),,
MEX,Mexico,A,91,CCRA-003,Agricultural establishment density,1,0,covered,needs downscaling (state),state_or_province,State / province (needs downscaling),yes,INEGI Censo Agropecuario / SIAP land use & irrigation statistics,MEX-A013,,,
MEX,Mexico,A,91,CCRA-004,Agricultural land area,1,0,covered,needs downscaling (state),state_or_province,State / province (needs downscaling),yes,INEGI Censo Agropecuario / SIAP land use & irrigation statistics,MEX-A013,,,
MEX,Mexico,A,91,CCRA-005,Areas of global conservation value,2,0,covered,city-ready,modeled_grid,Modeled grid (city screening),no,CONANP / CONABIO Áreas Naturales Protegidas + WDPA México,MEX-A015,Biodiversity Intactness Index + KBAs (México),,
MEX,Mexico,A,91,CCRA-006,Biodiversity Intactness Index (BII),1,0,covered,city-ready,modeled_grid,Modeled grid (city screening),no,Biodiversity Intactness Index + KBAs (México),MEX-A016,,,
MEX,Mexico,A,91,CCRA-007,Confirmed disease cases,1,0,covered,facility,facility_or_asset,Facility / asset (city-usable),no,CLUES / SSA establecimientos de salud + OSM healthcare POIs,MEX-A005,,,
MEX,Mexico,A,91,CCRA-008,Dependence on large-scale irrigation,1,0,covered,needs downscaling (state),state_or_province,State / province (needs downscaling),yes,INEGI Censo Agropecuario / SIAP land use & irrigation statistics,MEX-A013,,,
MEX,Mexico,A,91,CCRA-009,Electricity consumption,2,0,covered,mixed,facility_or_asset,Facility / asset (city-usable),no,CENACE / CFE / CRE generation registers + WRI Global Power Plant Database,MEX-A019,SENER BNE/SIE electricity sales; Census dwelling electricity & CONEVAL energy-related carencias,,
MEX,Mexico,A,91,CCRA-010,Energy poverty,3,0,covered,mixed,neighborhood_or_small_area,Neighborhood / small area (city-ready),no,CONEVAL Grado de Rezago Social AGEB urbana 2020 + estimaciones de pobreza urbana (AGEB/localidad),MEX-A002,INEGI Censo de Población y Vivienda 2020 — Principales resultados por AGEB y manzana urbana,SENER BNE/SIE electricity sales; Census dwelling electricity & CONEVAL energy-related carencias,
MEX,Mexico,A,91,CCRA-011,Flood Threat Index,8,0,covered,mixed,modeled_grid,Modeled grid (city screening),no,CENAPRED Atlas Nacional de Riesgos — peligro/vulnerabilidad por inundación + catálogo de inundaciones,MEX-A006,Atlas estatales/municipales de riesgos + CONAGUA puntos críticos de inundación,OEF Flood Hazard Score (city screening ensemble),
MEX,Mexico,A,91,CCRA-012,Food production and marketing,1,0,covered,needs downscaling (state),state_or_province,State / province (needs downscaling),yes,INEGI Censo Agropecuario / SIAP land use & irrigation statistics,MEX-A013,,,
MEX,Mexico,A,91,CCRA-013,Forest cover,1,0,covered,city-ready,modeled_grid,Modeled grid (city screening),no,CONAFOR INFyS / MAD-MEX land cover + Hansen GFC,MEX-A014,,,
MEX,Mexico,A,91,CCRA-014,Forest loss,1,0,covered,city-ready,modeled_grid,Modeled grid (city screening),no,CONAFOR INFyS / MAD-MEX land cover + Hansen GFC,MEX-A014,,,
MEX,Mexico,A,91,CCRA-015,Health and basic services access,3,0,covered,city-ready,neighborhood_or_small_area,Neighborhood / small area (city-ready),no,CONEVAL Grado de Rezago Social AGEB urbana 2020 + estimaciones de pobreza urbana (AGEB/localidad),MEX-A002,INEGI Censo de Población y Vivienda 2020 — Principales resultados por AGEB y manzana urbana,CLUES / SSA establecimientos de salud + OSM healthcare POIs,
MEX,Mexico,A,91,CCRA-016,Health facility density,1,0,covered,facility,facility_or_asset,Facility / asset (city-usable),no,CLUES / SSA establecimientos de salud + OSM healthcare POIs,MEX-A005,,,
MEX,Mexico,A,91,CCRA-017,Households in hazard-prone areas,10,0,covered,mixed,neighborhood_or_small_area,Neighborhood / small area (city-ready),no,INEGI Marco Geoestadístico — AGEB / manzana / municipio / entidad,MEX-A003,CENAPRED Atlas Nacional de Riesgos — peligro/vulnerabilidad por inundación + catálogo de inundaciones,CENAPRED Mapa Nacional de Susceptibilidad por Inestabilidad de Laderas (2020) + NASA LHASA/DEM drivers,
MEX,Mexico,A,91,CCRA-018,Inadequate Sanitation,1,0,covered,city-ready,neighborhood_or_small_area,Neighborhood / small area (city-ready),no,INEGI Censo de Población y Vivienda 2020 — Principales resultados por AGEB y manzana urbana,MEX-A001,,,
MEX,Mexico,A,91,CCRA-019,Inadequate water access,2,0,covered,mixed,neighborhood_or_small_area,Neighborhood / small area (city-ready),no,INEGI Censo de Población y Vivienda 2020 — Principales resultados por AGEB y manzana urbana,MEX-A001,CONAGUA REPDA / availability & drought monitors; organismos operadores urban water,,
MEX,Mexico,A,91,CCRA-020,Income,3,0,covered,city-ready,neighborhood_or_small_area,Neighborhood / small area (city-ready),no,CONEVAL Grado de Rezago Social AGEB urbana 2020 + estimaciones de pobreza urbana (AGEB/localidad),MEX-A002,INEGI Censo de Población y Vivienda 2020 — Principales resultados por AGEB y manzana urbana,OEF shared city Vulnerability score (age/social screening),
MEX,Mexico,A,91,CCRA-021,Industrial GDP share,1,0,covered,needs downscaling (national),national,National (needs downscaling),yes,INEGI SCN / Cuentas por sectores — agroindustria e industria (PIB shares),MEX-A017,,,
MEX,Mexico,A,91,CCRA-022,Landslide Susceptibility,3,0,covered,city-ready,modeled_grid,Modeled grid (city screening),no,CENAPRED Mapa Nacional de Susceptibilidad por Inestabilidad de Laderas (2020) + NASA LHASA/DEM drivers,MEX-A009,OEF Landslide Hazard Score (city screening ensemble),OEF Landslide Risk Score H×E×V (city screening),
MEX,Mexico,A,91,CCRA-023,Landslide Threat Index,4,0,covered,city-ready,modeled_grid,Modeled grid (city screening),no,CENAPRED Mapa Nacional de Susceptibilidad por Inestabilidad de Laderas (2020) + NASA LHASA/DEM drivers,MEX-A009,OEF Landslide Hazard Score (city screening ensemble),OEF Landslide Risk Score H×E×V (city screening),
MEX,Mexico,A,91,CCRA-024,Maximum Consecutive Dry Days (CDD),2,0,covered,city-ready,modeled_grid,Modeled grid (city screening),no,SMN / CONAGUA climate + INECC escenarios de cambio climático (proyecciones nacionales),MEX-A010,CHIRPS + ERA5-Land extremes / OEF HWM & FRI inputs,,
MEX,Mexico,A,91,CCRA-025,Maximum Precipitation 5 days (Rx5day),2,0,covered,city-ready,modeled_grid,Modeled grid (city screening),no,SMN / CONAGUA climate + INECC escenarios de cambio climático (proyecciones nacionales),MEX-A010,CHIRPS + ERA5-Land extremes / OEF HWM & FRI inputs,,
MEX,Mexico,A,91,CCRA-026,Maximum temperature,5,0,covered,city-ready,modeled_grid,Modeled grid (city screening),no,SMN / CONAGUA climate + INECC escenarios de cambio climático (proyecciones nacionales),MEX-A010,OEF Heat Hazard Score (city screening ensemble),OEF Heat Risk Score H×E×V (city screening),
MEX,Mexico,A,91,CCRA-027,Natural vegetation cover,1,0,covered,city-ready,modeled_grid,Modeled grid (city screening),no,CONAFOR INFyS / MAD-MEX land cover + Hansen GFC,MEX-A014,,,
MEX,Mexico,A,91,CCRA-028,Population density,6,0,covered,city-ready,neighborhood_or_small_area,Neighborhood / small area (city-ready),no,INEGI Censo de Población y Vivienda 2020 — Principales resultados por AGEB y manzana urbana,MEX-A001,OEF shared city Exposure score (population density screening),OEF Flood Risk Score H×E×V (city screening),
MEX,Mexico,A,91,CCRA-029,Port infrastructures,2,0,covered,mixed,facility_or_asset,Facility / asset (city-usable),no,INECC / SEMARNAT coastal vulnerability & SLR studies + tide gauges; IPCC AR6 regional SLR,MEX-A012,API / SCT / SEMAR ports & OSM harbour features,,
MEX,Mexico,A,91,CCRA-030,Power generation facilities,1,0,covered,facility,facility_or_asset,Facility / asset (city-usable),no,CENACE / CFE / CRE generation registers + WRI Global Power Plant Database,MEX-A019,,,
MEX,Mexico,A,91,CCRA-031,Protected areas,1,0,covered,facility,facility_or_asset,Facility / asset (city-usable),no,CONANP / CONABIO Áreas Naturales Protegidas + WDPA México,MEX-A015,,,
MEX,Mexico,A,91,CCRA-032,Railroad density,1,0,covered,facility,facility_or_asset,Facility / asset (city-usable),no,"INEGI / OSM — carretera, ferrocarril, puertos, edificios; Microsoft footprints",MEX-A018,,,
MEX,Mexico,A,91,CCRA-033,Relative humidity,2,0,covered,city-ready,modeled_grid,Modeled grid (city screening),no,SMN / CONAGUA climate + INECC escenarios de cambio climático (proyecciones nacionales),MEX-A010,CHIRPS + ERA5-Land extremes / OEF HWM & FRI inputs,,
MEX,Mexico,A,91,CCRA-034,Road density,1,0,covered,facility,facility_or_asset,Facility / asset (city-usable),no,"INEGI / OSM — carretera, ferrocarril, puertos, edificios; Microsoft footprints",MEX-A018,,,
MEX,Mexico,A,91,CCRA-035,Sea Level change,2,0,covered,mixed,modeled_grid,Modeled grid (city screening),no,SMN / CONAGUA climate + INECC escenarios de cambio climático (proyecciones nacionales),MEX-A010,INECC / SEMARNAT coastal vulnerability & SLR studies + tide gauges; IPCC AR6 regional SLR,,
MEX,Mexico,A,91,CCRA-036,Standardized Precipitation Evapotranspiration Index (SPEI),3,0,covered,mixed,modeled_grid,Modeled grid (city screening),no,SMN / CONAGUA climate + INECC escenarios de cambio climático (proyecciones nacionales),MEX-A010,CONAGUA REPDA / availability & drought monitors; organismos operadores urban water,CHIRPS + ERA5-Land extremes / OEF HWM & FRI inputs,
MEX,Mexico,A,91,CCRA-037,Total precipitation,2,0,covered,city-ready,modeled_grid,Modeled grid (city screening),no,SMN / CONAGUA climate + INECC escenarios de cambio climático (proyecciones nacionales),MEX-A010,CHIRPS + ERA5-Land extremes / OEF HWM & FRI inputs,,
MEX,Mexico,A,91,CCRA-038,Urban infrastructure social vulnerability,4,0,covered,city-ready,neighborhood_or_small_area,Neighborhood / small area (city-ready),no,CONEVAL Grado de Rezago Social AGEB urbana 2020 + estimaciones de pobreza urbana (AGEB/localidad),MEX-A002,INEGI Censo de Población y Vivienda 2020 — Principales resultados por AGEB y manzana urbana,"INEGI / OSM — carretera, ferrocarril, puertos, edificios; Microsoft footprints",
MEX,Mexico,A,91,CCRA-039,Urban stormwater drainage coverage,0,0,missing,missing,unknown,Gap,n/a,,,,,
MEX,Mexico,A,91,CCRA-040,Waste Collection,1,0,covered,city-ready,city_or_municipality,City / municipality (city-ready),no,SEMARNAT residuos / INEGI waste statistics + municipal collection open data,MEX-A022,,,
MEX,Mexico,A,91,CCRA-041,Water security index,2,0,covered,mixed,modeled_grid,Modeled grid (city screening),no,SMN / CONAGUA climate + INECC escenarios de cambio climático (proyecciones nacionales),MEX-A010,CONAGUA REPDA / availability & drought monitors; organismos operadores urban water,,
PHL,Philippines,A,90,CCRA-001,Age Distribution,5,0,covered,mixed,neighborhood_or_small_area,Neighborhood / small area (city-ready),no,"PSA Census of Population and Housing 2020 — barangay population, age/sex, housing & WASH",PHL-A001,OEF shared city Vulnerability score (age/social screening),OEF Heat Risk Score H×E×V (city screening),
PHL,Philippines,A,90,CCRA-002,Agricultural GDP share,2,0,covered,needs downscaling (state),state_or_province,State / province (needs downscaling),yes,PSA / DA agriculture & fisheries statistics (OpenSTAT),PHL-A023,PSA National Accounts — agriculture & industry GDP shares,,
PHL,Philippines,A,90,CCRA-003,Agricultural establishment density,1,0,covered,needs downscaling (state),state_or_province,State / province (needs downscaling),yes,PSA / DA agriculture & fisheries statistics (OpenSTAT),PHL-A023,,,
PHL,Philippines,A,90,CCRA-004,Agricultural land area,3,0,covered,mixed,modeled_grid,Modeled grid (city screening),no,PSA / DA agriculture & fisheries statistics (OpenSTAT),PHL-A023,NIA / DA irrigation service areas + FAO WaPOR,ESA WorldCover / Dynamic World + NAMRIA land cover,
PHL,Philippines,A,90,CCRA-005,Areas of global conservation value,2,0,covered,city-ready,modeled_grid,Modeled grid (city screening),no,World Database on Protected Areas (WDPA) + NIPAS sites,PHL-A021,Biodiversity Intactness Index (BII) + KBAs,,
PHL,Philippines,A,90,CCRA-006,Biodiversity Intactness Index (BII),1,0,covered,city-ready,modeled_grid,Modeled grid (city screening),no,Biodiversity Intactness Index (BII) + KBAs,PHL-A022,,,
PHL,Philippines,A,90,CCRA-007,Confirmed disease cases,1,0,covered,needs downscaling (state),state_or_province,State / province (needs downscaling),yes,"NDHS / DHS Philippines — health, WASH, nutrition",PHL-A006,,,
PHL,Philippines,A,90,CCRA-008,Dependence on large-scale irrigation,2,0,covered,mixed,facility_or_asset,Facility / asset (city-usable),no,PSA / DA agriculture & fisheries statistics (OpenSTAT),PHL-A023,NIA / DA irrigation service areas + FAO WaPOR,,
PHL,Philippines,A,90,CCRA-009,Electricity consumption,1,0,covered,mixed,other_or_mixed,Mixed / other,no,DOE Power Statistics / Meralco & electric cooperative sales; HECS,PHL-A030,,,
PHL,Philippines,A,90,CCRA-010,Energy poverty,2,0,covered,mixed,city_or_municipality,City / municipality (city-ready),no,PSA poverty statistics (FIES / SAE) + OpenSTAT poverty,PHL-A002,DOE Power Statistics / Meralco & electric cooperative sales; HECS,,
PHL,Philippines,A,90,CCRA-011,Flood Threat Index,9,0,covered,city-ready,modeled_grid,Modeled grid (city screening),no,Project NOAH — Flood hazard maps (5 / 25 / 100-year return periods),PHL-A007,OEF Flood Hazard Score (city screening ensemble),OEF Flood Risk Score H×E×V (city screening),
PHL,Philippines,A,90,CCRA-012,Food production and marketing,1,0,covered,needs downscaling (state),state_or_province,State / province (needs downscaling),yes,PSA / DA agriculture & fisheries statistics (OpenSTAT),PHL-A023,,,
PHL,Philippines,A,90,CCRA-013,Forest cover,2,0,covered,city-ready,modeled_grid,Modeled grid (city screening),no,ESA WorldCover / Dynamic World + NAMRIA land cover,PHL-A020,Hansen Global Forest Change (treecover / loss),,
PHL,Philippines,A,90,CCRA-014,Forest loss,1,0,covered,city-ready,modeled_grid,Modeled grid (city screening),no,Hansen Global Forest Change (treecover / loss),PHL-A019,,,
PHL,Philippines,A,90,CCRA-015,Health and basic services access,4,0,covered,mixed,neighborhood_or_small_area,Neighborhood / small area (city-ready),no,"PSA Census of Population and Housing 2020 — barangay population, age/sex, housing & WASH",PHL-A001,DOH National Health Facility Registry / healthsites.io,"NDHS / DHS Philippines — health, WASH, nutrition",
PHL,Philippines,A,90,CCRA-016,Health facility density,3,0,covered,mixed,facility_or_asset,Facility / asset (city-usable),no,DOH National Health Facility Registry / healthsites.io,PHL-A027,"OpenStreetMap — roads, rail, ports, health, buildings",HeiGIT / HDX risk assessment style composites (if published) + COD population joins,
PHL,Philippines,A,90,CCRA-017,Households in hazard-prone areas,13,0,covered,mixed,neighborhood_or_small_area,Neighborhood / small area (city-ready),no,Project NOAH — Flood hazard maps (5 / 25 / 100-year return periods),PHL-A007,Project NOAH — Landslide susceptibility & debris-flow / alluvial-fan hazards,Project NOAH — Storm surge advisory hazard maps (SSA 1–4),
PHL,Philippines,A,90,CCRA-018,Inadequate Sanitation,2,0,covered,mixed,neighborhood_or_small_area,Neighborhood / small area (city-ready),no,"PSA Census of Population and Housing 2020 — barangay population, age/sex, housing & WASH",PHL-A001,"NDHS / DHS Philippines — health, WASH, nutrition",,
PHL,Philippines,A,90,CCRA-019,Inadequate water access,3,0,covered,mixed,neighborhood_or_small_area,Neighborhood / small area (city-ready),no,"PSA Census of Population and Housing 2020 — barangay population, age/sex, housing & WASH",PHL-A001,"NDHS / DHS Philippines — health, WASH, nutrition",WRI Aqueduct Water Risk / water security composites,
PHL,Philippines,A,90,CCRA-020,Income,2,0,covered,city-ready,neighborhood_or_small_area,Neighborhood / small area (city-ready),no,PSA poverty statistics (FIES / SAE) + OpenSTAT poverty,PHL-A002,OEF shared city Vulnerability score (age/social screening),,
PHL,Philippines,A,90,CCRA-021,Industrial GDP share,1,0,covered,needs downscaling (national),national,National (needs downscaling),yes,PSA National Accounts — agriculture & industry GDP shares,PHL-A025,,,
PHL,Philippines,A,90,CCRA-022,Landslide Susceptibility,5,0,covered,city-ready,modeled_grid,Modeled grid (city screening),no,Project NOAH — Landslide susceptibility & debris-flow / alluvial-fan hazards,PHL-A008,OEF Landslide Hazard Score (city screening ensemble),OEF Landslide Risk Score H×E×V (city screening),
PHL,Philippines,A,90,CCRA-023,Landslide Threat Index,7,0,covered,city-ready,modeled_grid,Modeled grid (city screening),no,Project NOAH — Landslide susceptibility & debris-flow / alluvial-fan hazards,PHL-A008,OEF Landslide Hazard Score (city screening ensemble),OEF Landslide Risk Score H×E×V (city screening),
PHL,Philippines,A,90,CCRA-024,Maximum Consecutive Dry Days (CDD),3,0,covered,mixed,modeled_grid,Modeled grid (city screening),no,PAGASA CliMap — historical & CMIP6 projected climate (municipal),PHL-A013,PAGASA drought / dry-spell assessments + SPEI/SPI agri-impact maps,"CHIRPS extreme precipitation indices (Rx5day, CDD drivers)",
PHL,Philippines,A,90,CCRA-025,Maximum Precipitation 5 days (Rx5day),3,0,covered,mixed,modeled_grid,Modeled grid (city screening),no,PAGASA CliMap — historical & CMIP6 projected climate (municipal),PHL-A013,PAGASA drought / dry-spell assessments + SPEI/SPI agri-impact maps,"CHIRPS extreme precipitation indices (Rx5day, CDD drivers)",
PHL,Philippines,A,90,CCRA-026,Maximum temperature,5,0,covered,city-ready,modeled_grid,Modeled grid (city screening),no,PAGASA CliMap — historical & CMIP6 projected climate (municipal),PHL-A013,OEF Heat Hazard Score (city screening ensemble),OEF Heat Risk Score H×E×V (city screening),
PHL,Philippines,A,90,CCRA-027,Natural vegetation cover,2,0,covered,city-ready,modeled_grid,Modeled grid (city screening),no,ESA WorldCover / Dynamic World + NAMRIA land cover,PHL-A020,Hansen Global Forest Change (treecover / loss),,
PHL,Philippines,A,90,CCRA-028,Population density,9,0,covered,mixed,neighborhood_or_small_area,Neighborhood / small area (city-ready),no,"PSA Census of Population and Housing 2020 — barangay population, age/sex, housing & WASH",PHL-A001,Philippines COD-AB — subnational administrative boundaries (ADM0–4),OEF shared city Exposure score (population density screening),
PHL,Philippines,A,90,CCRA-029,Port infrastructures,4,0,covered,city-ready,modeled_grid,Modeled grid (city screening),no,PPA port statistics & port infrastructure locations,PHL-A028,Project NOAH — Storm surge advisory hazard maps (SSA 1–4),NASA / IPCC sea-level change & coastal elevation proxies,
PHL,Philippines,A,90,CCRA-030,Power generation facilities,1,0,covered,facility,facility_or_asset,Facility / asset (city-usable),no,Global Power Plant Database / DOE power plant lists,PHL-A029,,,
PHL,Philippines,A,90,CCRA-031,Protected areas,1,0,covered,facility,facility_or_asset,Facility / asset (city-usable),no,World Database on Protected Areas (WDPA) + NIPAS sites,PHL-A021,,,
PHL,Philippines,A,90,CCRA-032,Railroad density,1,0,covered,facility,facility_or_asset,Facility / asset (city-usable),no,"OpenStreetMap — roads, rail, ports, health, buildings",PHL-A026,,,
PHL,Philippines,A,90,CCRA-033,Relative humidity,2,0,covered,city-ready,modeled_grid,Modeled grid (city screening),no,PAGASA CliMap — historical & CMIP6 projected climate (municipal),PHL-A013,SPEIbase / global SPEI + ERA5-Land heat indices (HWM/TXx),,
PHL,Philippines,A,90,CCRA-034,Road density,1,0,covered,facility,facility_or_asset,Facility / asset (city-usable),no,"OpenStreetMap — roads, rail, ports, health, buildings",PHL-A026,,,
PHL,Philippines,A,90,CCRA-035,Sea Level change,2,0,covered,city-ready,modeled_grid,Modeled grid (city screening),no,Project NOAH — Storm surge advisory hazard maps (SSA 1–4),PHL-A009,NASA / IPCC sea-level change & coastal elevation proxies,,
PHL,Philippines,A,90,CCRA-036,Standardized Precipitation Evapotranspiration Index (SPEI),2,0,covered,mixed,modeled_grid,Modeled grid (city screening),no,PAGASA drought / dry-spell assessments + SPEI/SPI agri-impact maps,PHL-A012,SPEIbase / global SPEI + ERA5-Land heat indices (HWM/TXx),,
PHL,Philippines,A,90,CCRA-037,Total precipitation,3,0,covered,mixed,modeled_grid,Modeled grid (city screening),no,PAGASA CliMap — historical & CMIP6 projected climate (municipal),PHL-A013,PAGASA drought / dry-spell assessments + SPEI/SPI agri-impact maps,"CHIRPS extreme precipitation indices (Rx5day, CDD drivers)",
PHL,Philippines,A,90,CCRA-038,Urban infrastructure social vulnerability,5,0,covered,city-ready,neighborhood_or_small_area,Neighborhood / small area (city-ready),no,"PSA Census of Population and Housing 2020 — barangay population, age/sex, housing & WASH",PHL-A001,PSA poverty statistics (FIES / SAE) + OpenSTAT poverty,OEF shared city Vulnerability score (age/social screening),
PHL,Philippines,A,90,CCRA-039,Urban stormwater drainage coverage,0,1,missing,missing,unknown,Gap,n/a,OEF Flood / Heat / Landslide mechanism-type layers (NbS screening),PHL-A043,,,related proxies only (hard gap)
PHL,Philippines,A,90,CCRA-040,Waste Collection,1,0,covered,city-ready,neighborhood_or_small_area,Neighborhood / small area (city-ready),no,"PSA Census of Population and Housing 2020 — barangay population, age/sex, housing & WASH",PHL-A001,,,
PHL,Philippines,A,90,CCRA-041,Water security index,2,0,covered,city-ready,modeled_grid,Modeled grid (city screening),no,NIA / DA irrigation service areas + FAO WaPOR,PHL-A024,WRI Aqueduct Water Risk / water security composites,,
AUS,Australia,A,88,CCRA-001,Age Distribution,3,0,covered,city-ready,neighborhood_or_small_area,Neighborhood / small area (city-ready),no,"ABS Census of Population and Housing 2021 — SA1/SA2 General Community Profiles (age, income, housing, dwellings)",AUS-A001,OEF shared city Vulnerability score (age/social screening),OEF Heat Risk Score H×E×V (city screening),
AUS,Australia,A,88,CCRA-002,Agricultural GDP share,2,0,covered,mixed,modeled_grid,Modeled grid (city screening),no,ABARES / ABS Agricultural Census + Catchment Scale Land Use (CLUM) / irrigated agriculture layers,AUS-A016,ABS National Accounts / state GVA by industry (agriculture & industry shares),,
AUS,Australia,A,88,CCRA-003,Agricultural establishment density,1,0,covered,city-ready,modeled_grid,Modeled grid (city screening),no,ABARES / ABS Agricultural Census + Catchment Scale Land Use (CLUM) / irrigated agriculture layers,AUS-A016,,,
AUS,Australia,A,88,CCRA-004,Agricultural land area,1,0,covered,city-ready,modeled_grid,Modeled grid (city screening),no,ABARES / ABS Agricultural Census + Catchment Scale Land Use (CLUM) / irrigated agriculture layers,AUS-A016,,,
AUS,Australia,A,88,CCRA-005,Areas of global conservation value,2,0,covered,city-ready,modeled_grid,Modeled grid (city screening),no,Collaborative Australian Protected Areas Database (CAPAD) / WDPA,AUS-A018,Biodiversity Intactness Index + Key Biodiversity Areas (Australia),,
AUS,Australia,A,88,CCRA-006,Biodiversity Intactness Index (BII),1,0,covered,city-ready,modeled_grid,Modeled grid (city screening),no,Biodiversity Intactness Index + Key Biodiversity Areas (Australia),AUS-A019,,,
AUS,Australia,A,88,CCRA-007,Confirmed disease cases,1,0,covered,facility,facility_or_asset,Facility / asset (city-usable),no,AIHW / state health facility directories + OSM healthcare POIs,AUS-A005,,,
AUS,Australia,A,88,CCRA-008,Dependence on large-scale irrigation,1,0,covered,city-ready,modeled_grid,Modeled grid (city screening),no,ABARES / ABS Agricultural Census + Catchment Scale Land Use (CLUM) / irrigated agriculture layers,AUS-A016,,,
AUS,Australia,A,88,CCRA-009,Electricity consumption,2,0,covered,mixed,facility_or_asset,Facility / asset (city-usable),no,AEMO / CER generator registers + WRI Global Power Plant Database,AUS-A022,Australian Energy Statistics / AER / ABS Energy Account; postcode/SA2 electricity use research,,
AUS,Australia,A,88,CCRA-010,Energy poverty,3,0,covered,mixed,neighborhood_or_small_area,Neighborhood / small area (city-ready),no,"ABS Census of Population and Housing 2021 — SA1/SA2 General Community Profiles (age, income, housing, dwellings)",AUS-A001,ABS SEIFA 2021 (IRSD / IRSAD / IER / IEO) — SA1,Australian Energy Statistics / AER / ABS Energy Account; postcode/SA2 electricity use research,
AUS,Australia,A,88,CCRA-011,Flood Threat Index,9,0,covered,mixed,modeled_grid,Modeled grid (city screening),no,GA Water Observations from Space (WOfS) / DEA Water Observations — historic inundation frequency,AUS-A008,Australian Flood Risk Information Portal (AFRIP) / GA Flood Study Database + WMS/WFS,State/territory flood hazard portals (NSW SES Flood Data / QLD FloodCheck / VIC FloodZoom / WA/SA/NT/ACT council & SES layers),
AUS,Australia,A,88,CCRA-012,Food production and marketing,1,0,covered,city-ready,modeled_grid,Modeled grid (city screening),no,ABARES / ABS Agricultural Census + Catchment Scale Land Use (CLUM) / irrigated agriculture layers,AUS-A016,,,
AUS,Australia,A,88,CCRA-013,Forest cover,1,0,covered,city-ready,modeled_grid,Modeled grid (city screening),no,Australia's State of the Forests / National Forest Inventory + Hansen GFC + DEA land cover,AUS-A017,,,
AUS,Australia,A,88,CCRA-014,Forest loss,1,0,covered,city-ready,modeled_grid,Modeled grid (city screening),no,Australia's State of the Forests / National Forest Inventory + Hansen GFC + DEA land cover,AUS-A017,,,
AUS,Australia,A,88,CCRA-015,Health and basic services access,3,0,covered,city-ready,neighborhood_or_small_area,Neighborhood / small area (city-ready),no,"ABS Census of Population and Housing 2021 — SA1/SA2 General Community Profiles (age, income, housing, dwellings)",AUS-A001,ABS SEIFA 2021 (IRSD / IRSAD / IER / IEO) — SA1,AIHW / state health facility directories + OSM healthcare POIs,
AUS,Australia,A,88,CCRA-016,Health facility density,1,0,covered,facility,facility_or_asset,Facility / asset (city-usable),no,AIHW / state health facility directories + OSM healthcare POIs,AUS-A005,,,
AUS,Australia,A,88,CCRA-017,Households in hazard-prone areas,11,0,covered,mixed,neighborhood_or_small_area,Neighborhood / small area (city-ready),no,ABS ASGS Edition 3 digital boundaries (Mesh Block / SA1 / SA2 / LGA / GCCSA),AUS-A003,GA Water Observations from Space (WOfS) / DEA Water Observations — historic inundation frequency,Australian Flood Risk Information Portal (AFRIP) / GA Flood Study Database + WMS/WFS,
AUS,Australia,A,88,CCRA-018,Inadequate Sanitation,1,0,covered,city-ready,neighborhood_or_small_area,Neighborhood / small area (city-ready),no,"ABS Census of Population and Housing 2021 — SA1/SA2 General Community Profiles (age, income, housing, dwellings)",AUS-A001,,,
AUS,Australia,A,88,CCRA-019,Inadequate water access,2,0,covered,city-ready,neighborhood_or_small_area,Neighborhood / small area (city-ready),no,"ABS Census of Population and Housing 2021 — SA1/SA2 General Community Profiles (age, income, housing, dwellings)",AUS-A001,BOM National Performance Report (urban water) + National Water Account + Water Market Information,,
AUS,Australia,A,88,CCRA-020,Income,3,0,covered,city-ready,neighborhood_or_small_area,Neighborhood / small area (city-ready),no,"ABS Census of Population and Housing 2021 — SA1/SA2 General Community Profiles (age, income, housing, dwellings)",AUS-A001,ABS SEIFA 2021 (IRSD / IRSAD / IER / IEO) — SA1,OEF shared city Vulnerability score (age/social screening),
AUS,Australia,A,88,CCRA-021,Industrial GDP share,1,0,covered,needs downscaling (national),national,National (needs downscaling),yes,ABS National Accounts / state GVA by industry (agriculture & industry shares),AUS-A020,,,
AUS,Australia,A,88,CCRA-022,Landslide Susceptibility,4,0,covered,mixed,modeled_grid,Modeled grid (city screening),no,GA National Landslide Database / state landslide susceptibility inventories + DEM drivers,AUS-A015,OEF Landslide Hazard Score (city screening ensemble),OEF Landslide Risk Score H×E×V (city screening),
AUS,Australia,A,88,CCRA-023,Landslide Threat Index,5,0,covered,mixed,modeled_grid,Modeled grid (city screening),no,GA National Landslide Database / state landslide susceptibility inventories + DEM drivers,AUS-A015,OEF Landslide Hazard Score (city screening ensemble),OEF Landslide Risk Score H×E×V (city screening),
AUS,Australia,A,88,CCRA-024,Maximum Consecutive Dry Days (CDD),3,0,covered,city-ready,modeled_grid,Modeled grid (city screening),no,Bureau of Meteorology climate grids / AWAP / AGCD + drought statements; SPEI/CDD/Rx5day derivable,AUS-A012,Climate Change in Australia / NCRA / CSIRO–BoM national climate projections (CMIP),CHIRPS + ERA5-Land extremes / OEF HWM & FRI inputs,
AUS,Australia,A,88,CCRA-025,Maximum Precipitation 5 days (Rx5day),3,0,covered,city-ready,modeled_grid,Modeled grid (city screening),no,Bureau of Meteorology climate grids / AWAP / AGCD + drought statements; SPEI/CDD/Rx5day derivable,AUS-A012,Climate Change in Australia / NCRA / CSIRO–BoM national climate projections (CMIP),CHIRPS + ERA5-Land extremes / OEF HWM & FRI inputs,
AUS,Australia,A,88,CCRA-026,Maximum temperature,5,0,covered,city-ready,modeled_grid,Modeled grid (city screening),no,Bureau of Meteorology climate grids / AWAP / AGCD + drought statements; SPEI/CDD/Rx5day derivable,AUS-A012,Climate Change in Australia / NCRA / CSIRO–BoM national climate projections (CMIP),OEF Heat Hazard Score (city screening ensemble),
AUS,Australia,A,88,CCRA-027,Natural vegetation cover,1,0,covered,city-ready,modeled_grid,Modeled grid (city screening),no,Australia's State of the Forests / National Forest Inventory + Hansen GFC + DEA land cover,AUS-A017,,,
AUS,Australia,A,88,CCRA-028,Population density,6,0,covered,city-ready,neighborhood_or_small_area,Neighborhood / small area (city-ready),no,"ABS Census of Population and Housing 2021 — SA1/SA2 General Community Profiles (age, income, housing, dwellings)",AUS-A001,OEF shared city Exposure score (population density screening),OEF Flood Risk Score H×E×V (city screening),
AUS,Australia,A,88,CCRA-029,Port infrastructures,2,0,covered,mixed,facility_or_asset,Facility / asset (city-usable),no,CoastAdapt / Canute / GA coastal + IPCC AR6 regional SLR; state coastal hazard overlays,AUS-A014,Ports Australia / GA maritime infrastructure / OSM harbour features,,
AUS,Australia,A,88,CCRA-030,Power generation facilities,1,0,covered,facility,facility_or_asset,Facility / asset (city-usable),no,AEMO / CER generator registers + WRI Global Power Plant Database,AUS-A022,,,
AUS,Australia,A,88,CCRA-031,Protected areas,1,0,covered,facility,facility_or_asset,Facility / asset (city-usable),no,Collaborative Australian Protected Areas Database (CAPAD) / WDPA,AUS-A018,,,
AUS,Australia,A,88,CCRA-032,Railroad density,1,0,covered,facility,facility_or_asset,Facility / asset (city-usable),no,"Geoscape / OSM / PSMA — roads, rail, ports, buildings; Microsoft footprints",AUS-A021,,,
AUS,Australia,A,88,CCRA-033,Relative humidity,2,0,covered,city-ready,modeled_grid,Modeled grid (city screening),no,Bureau of Meteorology climate grids / AWAP / AGCD + drought statements; SPEI/CDD/Rx5day derivable,AUS-A012,CHIRPS + ERA5-Land extremes / OEF HWM & FRI inputs,,
AUS,Australia,A,88,CCRA-034,Road density,1,0,covered,facility,facility_or_asset,Facility / asset (city-usable),no,"Geoscape / OSM / PSMA — roads, rail, ports, buildings; Microsoft footprints",AUS-A021,,,
AUS,Australia,A,88,CCRA-035,Sea Level change,2,0,covered,mixed,modeled_grid,Modeled grid (city screening),no,Climate Change in Australia / NCRA / CSIRO–BoM national climate projections (CMIP),AUS-A011,CoastAdapt / Canute / GA coastal + IPCC AR6 regional SLR; state coastal hazard overlays,,
AUS,Australia,A,88,CCRA-036,Standardized Precipitation Evapotranspiration Index (SPEI),3,0,covered,city-ready,modeled_grid,Modeled grid (city screening),no,Bureau of Meteorology climate grids / AWAP / AGCD + drought statements; SPEI/CDD/Rx5day derivable,AUS-A012,Climate Change in Australia / NCRA / CSIRO–BoM national climate projections (CMIP),CHIRPS + ERA5-Land extremes / OEF HWM & FRI inputs,
AUS,Australia,A,88,CCRA-037,Total precipitation,3,0,covered,city-ready,modeled_grid,Modeled grid (city screening),no,Bureau of Meteorology climate grids / AWAP / AGCD + drought statements; SPEI/CDD/Rx5day derivable,AUS-A012,Climate Change in Australia / NCRA / CSIRO–BoM national climate projections (CMIP),CHIRPS + ERA5-Land extremes / OEF HWM & FRI inputs,
AUS,Australia,A,88,CCRA-038,Urban infrastructure social vulnerability,4,0,covered,city-ready,neighborhood_or_small_area,Neighborhood / small area (city-ready),no,"ABS Census of Population and Housing 2021 — SA1/SA2 General Community Profiles (age, income, housing, dwellings)",AUS-A001,ABS SEIFA 2021 (IRSD / IRSAD / IER / IEO) — SA1,"Geoscape / OSM / PSMA — roads, rail, ports, buildings; Microsoft footprints",
AUS,Australia,A,88,CCRA-039,Urban stormwater drainage coverage,0,0,missing,missing,unknown,Gap,n/a,,,,,
AUS,Australia,A,88,CCRA-040,Waste Collection,1,0,covered,city-ready,city_or_municipality,City / municipality (city-ready),no,ABS / state waste statistics + council kerbside collection open data,AUS-A025,,,
AUS,Australia,A,88,CCRA-041,Water security index,2,0,covered,city-ready,modeled_grid,Modeled grid (city screening),no,BOM National Performance Report (urban water) + National Water Account + Water Market Information,AUS-A024,Bureau of Meteorology climate grids / AWAP / AGCD + drought statements; SPEI/CDD/Rx5day derivable,,
CAN,Canada,A,86,CCRA-001,Age Distribution,4,0,covered,city-ready,neighborhood_or_small_area,Neighborhood / small area (city-ready),no,"Statistics Canada Census of Population 2021 — Dissemination Area profiles (age, income, housing, dwelling)",CAN-A001,OEF shared city Vulnerability score (age/social screening),OEF Heat Risk Score H×E×V (city screening),
CAN,Canada,A,86,CCRA-002,Agricultural GDP share,2,0,covered,mixed,modeled_grid,Modeled grid (city screening),no,AAFC Annual Crop Inventory + Census of Agriculture,CAN-A016,StatCan National Accounts / provincial GDP by industry,,
CAN,Canada,A,86,CCRA-003,Agricultural establishment density,1,0,covered,city-ready,modeled_grid,Modeled grid (city screening),no,AAFC Annual Crop Inventory + Census of Agriculture,CAN-A016,,,
CAN,Canada,A,86,CCRA-004,Agricultural land area,1,0,covered,city-ready,modeled_grid,Modeled grid (city screening),no,AAFC Annual Crop Inventory + Census of Agriculture,CAN-A016,,,
CAN,Canada,A,86,CCRA-005,Areas of global conservation value,2,0,covered,city-ready,modeled_grid,Modeled grid (city screening),no,Canadian Protected and Conserved Areas Database (CPCAD) / WDPA,CAN-A018,Biodiversity Intactness Index + KBAs (Canada),,
CAN,Canada,A,86,CCRA-006,Biodiversity Intactness Index (BII),1,0,covered,city-ready,modeled_grid,Modeled grid (city screening),no,Biodiversity Intactness Index + KBAs (Canada),CAN-A019,,,
CAN,Canada,A,86,CCRA-007,Confirmed disease cases,1,0,covered,needs downscaling (state),state_or_province,State / province (needs downscaling),yes,CCHS / provincial health indicators; PHAC disease surveillance (aggregates),CAN-A005,,,
CAN,Canada,A,86,CCRA-008,Dependence on large-scale irrigation,1,0,covered,city-ready,modeled_grid,Modeled grid (city screening),no,AAFC Annual Crop Inventory + Census of Agriculture,CAN-A016,,,
CAN,Canada,A,86,CCRA-009,Electricity consumption,1,0,covered,mixed,other_or_mixed,Mixed / other,no,StatCan / CER energy use; provincial utility open data; energy poverty research,CAN-A025,,,
CAN,Canada,A,86,CCRA-010,Energy poverty,3,0,covered,mixed,neighborhood_or_small_area,Neighborhood / small area (city-ready),no,"Statistics Canada Census of Population 2021 — Dissemination Area profiles (age, income, housing, dwelling)",CAN-A001,StatCan / CER energy use; provincial utility open data; energy poverty research,Canadian Area-Level Social Determinants of Health Indicators (CASDOHI) / DA socioeconomic compilations,
CAN,Canada,A,86,CCRA-011,Flood Threat Index,9,0,covered,mixed,modeled_grid,Modeled grid (city screening),no,"NRCan Flood Susceptibility Mapping (historic, trends, future) — national ~30 m",CAN-A006,Canada Flood Map Inventory (CFM) + FHIMP provincial/territorial flood hazard maps,OEF Flood Hazard Score (city screening ensemble),
CAN,Canada,A,86,CCRA-012,Food production and marketing,1,0,covered,city-ready,modeled_grid,Modeled grid (city screening),no,AAFC Annual Crop Inventory + Census of Agriculture,CAN-A016,,,
CAN,Canada,A,86,CCRA-013,Forest cover,1,0,covered,city-ready,modeled_grid,Modeled grid (city screening),no,"NRCAN / CFS forest inventories, Hansen GFC, ESA WorldCover",CAN-A017,,,
CAN,Canada,A,86,CCRA-014,Forest loss,1,0,covered,city-ready,modeled_grid,Modeled grid (city screening),no,"NRCAN / CFS forest inventories, Hansen GFC, ESA WorldCover",CAN-A017,,,
CAN,Canada,A,86,CCRA-015,Health and basic services access,4,0,covered,mixed,neighborhood_or_small_area,Neighborhood / small area (city-ready),no,"Statistics Canada Census of Population 2021 — Dissemination Area profiles (age, income, housing, dwelling)",CAN-A001,CCHS / provincial health indicators; PHAC disease surveillance (aggregates),Health facility locations (CIHI / provincial open data / OSM),
CAN,Canada,A,86,CCRA-016,Health facility density,2,0,covered,mixed,facility_or_asset,Facility / asset (city-usable),no,CCHS / provincial health indicators; PHAC disease surveillance (aggregates),CAN-A005,Health facility locations (CIHI / provincial open data / OSM),,
CAN,Canada,A,86,CCRA-017,Households in hazard-prone areas,12,0,covered,mixed,neighborhood_or_small_area,Neighborhood / small area (city-ready),no,Statistics Canada Census Boundary Files + Cartographic Boundary Files (DA/CSD/CT),CAN-A002,CanCoast coastal sensitivity indices + relative sea-level change,"NRCan Flood Susceptibility Mapping (historic, trends, future) — national ~30 m",
CAN,Canada,A,86,CCRA-018,Inadequate Sanitation,1,0,covered,city-ready,neighborhood_or_small_area,Neighborhood / small area (city-ready),no,"Statistics Canada Census of Population 2021 — Dissemination Area profiles (age, income, housing, dwelling)",CAN-A001,,,
CAN,Canada,A,86,CCRA-019,Inadequate water access,2,0,covered,city-ready,neighborhood_or_small_area,Neighborhood / small area (city-ready),no,"Statistics Canada Census of Population 2021 — Dissemination Area profiles (age, income, housing, dwelling)",CAN-A001,WRI Aqueduct Water Risk + StatCan water use / municipal water surveys,,
CAN,Canada,A,86,CCRA-020,Income,3,0,covered,city-ready,neighborhood_or_small_area,Neighborhood / small area (city-ready),no,"Statistics Canada Census of Population 2021 — Dissemination Area profiles (age, income, housing, dwelling)",CAN-A001,OEF shared city Vulnerability score (age/social screening),Canadian Area-Level Social Determinants of Health Indicators (CASDOHI) / DA socioeconomic compilations,
CAN,Canada,A,86,CCRA-021,Industrial GDP share,1,0,covered,needs downscaling (national),national,National (needs downscaling),yes,StatCan National Accounts / provincial GDP by industry,CAN-A020,,,
CAN,Canada,A,86,CCRA-022,Landslide Susceptibility,4,0,covered,mixed,modeled_grid,Modeled grid (city screening),no,GSC / provincial landslide inventories & susceptibility products,CAN-A009,OEF Landslide Hazard Score (city screening ensemble),OEF Landslide Risk Score H×E×V (city screening),
CAN,Canada,A,86,CCRA-023,Landslide Threat Index,5,0,covered,mixed,modeled_grid,Modeled grid (city screening),no,GSC / provincial landslide inventories & susceptibility products,CAN-A009,OEF Landslide Hazard Score (city screening ensemble),OEF Landslide Risk Score H×E×V (city screening),
CAN,Canada,A,86,CCRA-024,Maximum Consecutive Dry Days (CDD),3,0,covered,city-ready,modeled_grid,Modeled grid (city screening),no,"AAFC / ECCC drought monitoring (CGMS, SPEI/SPI products)",CAN-A012,"ClimateData.ca / ECCC climate normals, extremes, and CMIP projections",CHIRPS + ERA5-Land extremes / OEF HWM & FRI inputs,
CAN,Canada,A,86,CCRA-025,Maximum Precipitation 5 days (Rx5day),2,0,covered,city-ready,modeled_grid,Modeled grid (city screening),no,"ClimateData.ca / ECCC climate normals, extremes, and CMIP projections",CAN-A011,CHIRPS + ERA5-Land extremes / OEF HWM & FRI inputs,,
CAN,Canada,A,86,CCRA-026,Maximum temperature,5,0,covered,city-ready,modeled_grid,Modeled grid (city screening),no,"ClimateData.ca / ECCC climate normals, extremes, and CMIP projections",CAN-A011,OEF Heat Hazard Score (city screening ensemble),OEF Heat Risk Score H×E×V (city screening),
CAN,Canada,A,86,CCRA-027,Natural vegetation cover,1,0,covered,city-ready,modeled_grid,Modeled grid (city screening),no,"NRCAN / CFS forest inventories, Hansen GFC, ESA WorldCover",CAN-A017,,,
CAN,Canada,A,86,CCRA-028,Population density,7,0,covered,city-ready,neighborhood_or_small_area,Neighborhood / small area (city-ready),no,Statistics Canada Census Boundary Files + Cartographic Boundary Files (DA/CSD/CT),CAN-A002,"Statistics Canada Census of Population 2021 — Dissemination Area profiles (age, income, housing, dwelling)",OEF shared city Exposure score (population density screening),
CAN,Canada,A,86,CCRA-029,Port infrastructures,4,0,covered,city-ready,modeled_grid,Modeled grid (city screening),no,CAN-EWLAT — Canadian Extreme Water Level Adaptation Tool,CAN-A015,CanCoast coastal sensitivity indices + relative sea-level change,"National Road Network / CanVec / OpenStreetMap — roads, rail, ports, buildings",
CAN,Canada,A,86,CCRA-030,Power generation facilities,1,0,covered,facility,facility_or_asset,Facility / asset (city-usable),no,CER / WRI Global Power Plant Database — generation facilities,CAN-A024,,,
CAN,Canada,A,86,CCRA-031,Protected areas,1,0,covered,facility,facility_or_asset,Facility / asset (city-usable),no,Canadian Protected and Conserved Areas Database (CPCAD) / WDPA,CAN-A018,,,
CAN,Canada,A,86,CCRA-032,Railroad density,1,0,covered,facility,facility_or_asset,Facility / asset (city-usable),no,"National Road Network / CanVec / OpenStreetMap — roads, rail, ports, buildings",CAN-A021,,,
CAN,Canada,A,86,CCRA-033,Relative humidity,2,0,covered,city-ready,modeled_grid,Modeled grid (city screening),no,"ClimateData.ca / ECCC climate normals, extremes, and CMIP projections",CAN-A011,CHIRPS + ERA5-Land extremes / OEF HWM & FRI inputs,,
CAN,Canada,A,86,CCRA-034,Road density,1,0,covered,facility,facility_or_asset,Facility / asset (city-usable),no,"National Road Network / CanVec / OpenStreetMap — roads, rail, ports, buildings",CAN-A021,,,
CAN,Canada,A,86,CCRA-035,Sea Level change,2,0,covered,city-ready,modeled_grid,Modeled grid (city screening),no,CAN-EWLAT — Canadian Extreme Water Level Adaptation Tool,CAN-A015,CanCoast coastal sensitivity indices + relative sea-level change,,
CAN,Canada,A,86,CCRA-036,Standardized Precipitation Evapotranspiration Index (SPEI),3,0,covered,city-ready,modeled_grid,Modeled grid (city screening),no,"AAFC / ECCC drought monitoring (CGMS, SPEI/SPI products)",CAN-A012,"ClimateData.ca / ECCC climate normals, extremes, and CMIP projections",CHIRPS + ERA5-Land extremes / OEF HWM & FRI inputs,
CAN,Canada,A,86,CCRA-037,Total precipitation,2,0,covered,city-ready,modeled_grid,Modeled grid (city screening),no,"AAFC / ECCC drought monitoring (CGMS, SPEI/SPI products)",CAN-A012,"ClimateData.ca / ECCC climate normals, extremes, and CMIP projections",,
CAN,Canada,A,86,CCRA-038,Urban infrastructure social vulnerability,5,0,covered,city-ready,neighborhood_or_small_area,Neighborhood / small area (city-ready),no,"Statistics Canada Census of Population 2021 — Dissemination Area profiles (age, income, housing, dwelling)",CAN-A001,"National Road Network / CanVec / OpenStreetMap — roads, rail, ports, buildings",OEF shared city Vulnerability score (age/social screening),
CAN,Canada,A,86,CCRA-039,Urban stormwater drainage coverage,0,1,missing,missing,unknown,Gap,n/a,OEF Flood / Heat / Landslide mechanism-type layers (NbS screening),CAN-A037,,,related proxies only (hard gap)
CAN,Canada,A,86,CCRA-040,Waste Collection,1,0,covered,city-ready,neighborhood_or_small_area,Neighborhood / small area (city-ready),no,"Statistics Canada Census of Population 2021 — Dissemination Area profiles (age, income, housing, dwelling)",CAN-A001,,,
CAN,Canada,A,86,CCRA-041,Water security index,1,0,covered,city-ready,modeled_grid,Modeled grid (city screening),no,WRI Aqueduct Water Risk + StatCan water use / municipal water surveys,CAN-A027,,,
CRI,Costa Rica,B,72,CCRA-001,Age Distribution,3,0,covered,city-ready,neighborhood_or_small_area,Neighborhood / small area (city-ready),no,INEC Censo 2011 + Estimaciones de población y vivienda 2022 (distrito) / proyecciones 2000–2050,CRI-A001,OEF Heat Risk Score H×E×V (city screening),OEF shared city Vulnerability score (age/social screening),
CRI,Costa Rica,B,72,CCRA-002,Agricultural GDP share,2,0,covered,needs downscaling (national),other_or_mixed,Mixed / other,yes,INEC Encuesta Nacional Agropecuaria (ENA) + MAG land use / SENARA irrigation districts,CRI-A013,BCCR / INEC national accounts — agriculture & industry GDP shares,,
CRI,Costa Rica,B,72,CCRA-003,Agricultural establishment density,1,0,covered,mixed,other_or_mixed,Mixed / other,no,INEC Encuesta Nacional Agropecuaria (ENA) + MAG land use / SENARA irrigation districts,CRI-A013,,,
CRI,Costa Rica,B,72,CCRA-004,Agricultural land area,1,0,covered,mixed,other_or_mixed,Mixed / other,no,INEC Encuesta Nacional Agropecuaria (ENA) + MAG land use / SENARA irrigation districts,CRI-A013,,,
CRI,Costa Rica,B,72,CCRA-005,Areas of global conservation value,2,0,covered,city-ready,modeled_grid,Modeled grid (city screening),no,SINAC Áreas Silvestres Protegidas (ASP) + WDPA Costa Rica,CRI-A015,Biodiversity Intactness Index + KBAs (Costa Rica),,
CRI,Costa Rica,B,72,CCRA-006,Biodiversity Intactness Index (BII),1,0,covered,city-ready,modeled_grid,Modeled grid (city screening),no,Biodiversity Intactness Index + KBAs (Costa Rica),CRI-A016,,,
CRI,Costa Rica,B,72,CCRA-007,Confirmed disease cases,1,0,covered,facility,facility_or_asset,Facility / asset (city-usable),no,Ministerio de Salud / CCSS establecimientos + OSM healthcare POIs,CRI-A005,,,
CRI,Costa Rica,B,72,CCRA-008,Dependence on large-scale irrigation,1,0,covered,mixed,other_or_mixed,Mixed / other,no,INEC Encuesta Nacional Agropecuaria (ENA) + MAG land use / SENARA irrigation districts,CRI-A013,,,
CRI,Costa Rica,B,72,CCRA-009,Electricity consumption,2,0,covered,mixed,facility_or_asset,Facility / asset (city-usable),no,ICE / ARESEP generation & plant registers; WRI Global Power Plant Database,CRI-A019,SEPSE BNE / ARESEP electricity; Census/EHPM energy access proxies,,
CRI,Costa Rica,B,72,CCRA-010,Energy poverty,3,0,covered,mixed,neighborhood_or_small_area,Neighborhood / small area (city-ready),no,INEC Censo 2011 + Estimaciones de población y vivienda 2022 (distrito) / proyecciones 2000–2050,CRI-A001,SEPSE BNE / ARESEP electricity; Census/EHPM energy access proxies,PNUD–UCR–SINIRUBE Atlas de Desarrollo Humano Cantonal (IDH / IPM cantonal),
CRI,Costa Rica,B,72,CCRA-011,Flood Threat Index,8,0,covered,city-ready,modeled_grid,Modeled grid (city screening),no,CNE threat layers via SNIT — áreas con potencial a inundación + deslizamientos / mapas de amenaza,CRI-A006,Municipal / cantonal risk atlases & CNE DesInventar / MIDEPLAN disaster loss records,OEF Flood Hazard Score (city screening ensemble),
CRI,Costa Rica,B,72,CCRA-012,Food production and marketing,1,0,covered,mixed,other_or_mixed,Mixed / other,no,INEC Encuesta Nacional Agropecuaria (ENA) + MAG land use / SENARA irrigation districts,CRI-A013,,,
CRI,Costa Rica,B,72,CCRA-013,Forest cover,1,0,covered,city-ready,modeled_grid,Modeled grid (city screening),no,SINAC / FONAFIFO forest & land-cover products + Hansen GFC,CRI-A014,,,
CRI,Costa Rica,B,72,CCRA-014,Forest loss,1,0,covered,city-ready,modeled_grid,Modeled grid (city screening),no,SINAC / FONAFIFO forest & land-cover products + Hansen GFC,CRI-A014,,,
CRI,Costa Rica,B,72,CCRA-015,Health and basic services access,3,0,covered,city-ready,neighborhood_or_small_area,Neighborhood / small area (city-ready),no,INEC Censo 2011 + Estimaciones de población y vivienda 2022 (distrito) / proyecciones 2000–2050,CRI-A001,Ministerio de Salud / CCSS establecimientos + OSM healthcare POIs,PNUD–UCR–SINIRUBE Atlas de Desarrollo Humano Cantonal (IDH / IPM cantonal),
CRI,Costa Rica,B,72,CCRA-016,Health facility density,1,0,covered,facility,facility_or_asset,Facility / asset (city-usable),no,Ministerio de Salud / CCSS establecimientos + OSM healthcare POIs,CRI-A005,,,
CRI,Costa Rica,B,72,CCRA-017,Households in hazard-prone areas,9,0,covered,city-ready,neighborhood_or_small_area,Neighborhood / small area (city-ready),no,IGN / SNIT límites distritales y cantonales + cartografía oficial,CRI-A003,CNE threat layers via SNIT — áreas con potencial a inundación + deslizamientos / mapas de amenaza,"IGN / MOPT / OSM — roads, rail, ports, buildings; Microsoft footprints",
CRI,Costa Rica,B,72,CCRA-018,Inadequate Sanitation,1,0,covered,city-ready,neighborhood_or_small_area,Neighborhood / small area (city-ready),no,INEC Censo 2011 + Estimaciones de población y vivienda 2022 (distrito) / proyecciones 2000–2050,CRI-A001,,,
CRI,Costa Rica,B,72,CCRA-019,Inadequate water access,2,0,covered,mixed,neighborhood_or_small_area,Neighborhood / small area (city-ready),no,INEC Censo 2011 + Estimaciones de población y vivienda 2022 (distrito) / proyecciones 2000–2050,CRI-A001,AyA / ASADAS / SENARA–SINIGIRH water security & aquifer vulnerability,,
CRI,Costa Rica,B,72,CCRA-020,Income,3,0,covered,city-ready,neighborhood_or_small_area,Neighborhood / small area (city-ready),no,INEC Censo 2011 + Estimaciones de población y vivienda 2022 (distrito) / proyecciones 2000–2050,CRI-A001,OEF shared city Vulnerability score (age/social screening),PNUD–UCR–SINIRUBE Atlas de Desarrollo Humano Cantonal (IDH / IPM cantonal),
CRI,Costa Rica,B,72,CCRA-021,Industrial GDP share,1,0,covered,needs downscaling (national),national,National (needs downscaling),yes,BCCR / INEC national accounts — agriculture & industry GDP shares,CRI-A017,,,
CRI,Costa Rica,B,72,CCRA-022,Landslide Susceptibility,4,0,covered,city-ready,modeled_grid,Modeled grid (city screening),no,CNE threat layers via SNIT — áreas con potencial a inundación + deslizamientos / mapas de amenaza,CRI-A006,OEF Landslide Hazard Score (city screening ensemble),OEF Landslide Risk Score H×E×V (city screening),
CRI,Costa Rica,B,72,CCRA-023,Landslide Threat Index,5,0,covered,city-ready,modeled_grid,Modeled grid (city screening),no,CNE threat layers via SNIT — áreas con potencial a inundación + deslizamientos / mapas de amenaza,CRI-A006,OEF Landslide Hazard Score (city screening ensemble),OEF Landslide Risk Score H×E×V (city screening),
CRI,Costa Rica,B,72,CCRA-024,Maximum Consecutive Dry Days (CDD),2,0,covered,city-ready,modeled_grid,Modeled grid (city screening),no,IMN climate observations + proyecciones regionalizadas (RCP/SSP) / análisis de riesgo hidrometeorológico,CRI-A010,CHIRPS + ERA5-Land extremes / OEF HWM & FRI inputs,,
CRI,Costa Rica,B,72,CCRA-025,Maximum Precipitation 5 days (Rx5day),2,0,covered,city-ready,modeled_grid,Modeled grid (city screening),no,IMN climate observations + proyecciones regionalizadas (RCP/SSP) / análisis de riesgo hidrometeorológico,CRI-A010,CHIRPS + ERA5-Land extremes / OEF HWM & FRI inputs,,
CRI,Costa Rica,B,72,CCRA-026,Maximum temperature,5,0,covered,city-ready,modeled_grid,Modeled grid (city screening),no,IMN climate observations + proyecciones regionalizadas (RCP/SSP) / análisis de riesgo hidrometeorológico,CRI-A010,OEF Heat Hazard Score (city screening ensemble),OEF Heat Risk Score H×E×V (city screening),
CRI,Costa Rica,B,72,CCRA-027,Natural vegetation cover,1,0,covered,city-ready,modeled_grid,Modeled grid (city screening),no,SINAC / FONAFIFO forest & land-cover products + Hansen GFC,CRI-A014,,,
CRI,Costa Rica,B,72,CCRA-028,Population density,6,0,covered,city-ready,neighborhood_or_small_area,Neighborhood / small area (city-ready),no,INEC Censo 2011 + Estimaciones de población y vivienda 2022 (distrito) / proyecciones 2000–2050,CRI-A001,OEF shared city Exposure score (population density screening),OEF Flood Risk Score H×E×V (city screening),
CRI,Costa Rica,B,72,CCRA-029,Port infrastructures,2,0,covered,mixed,facility_or_asset,Facility / asset (city-usable),no,IMN / MINAE / coastal studies + IPCC AR6 regional SLR (Pacífico & Caribe),CRI-A012,INCOP / JAPDEVA ports + OSM harbour features,,
CRI,Costa Rica,B,72,CCRA-030,Power generation facilities,1,0,covered,facility,facility_or_asset,Facility / asset (city-usable),no,ICE / ARESEP generation & plant registers; WRI Global Power Plant Database,CRI-A019,,,
CRI,Costa Rica,B,72,CCRA-031,Protected areas,1,0,covered,facility,facility_or_asset,Facility / asset (city-usable),no,SINAC Áreas Silvestres Protegidas (ASP) + WDPA Costa Rica,CRI-A015,,,
CRI,Costa Rica,B,72,CCRA-032,Railroad density,1,0,covered,facility,facility_or_asset,Facility / asset (city-usable),no,"IGN / MOPT / OSM — roads, rail, ports, buildings; Microsoft footprints",CRI-A018,,,
CRI,Costa Rica,B,72,CCRA-033,Relative humidity,2,0,covered,city-ready,modeled_grid,Modeled grid (city screening),no,IMN climate observations + proyecciones regionalizadas (RCP/SSP) / análisis de riesgo hidrometeorológico,CRI-A010,CHIRPS + ERA5-Land extremes / OEF HWM & FRI inputs,,
CRI,Costa Rica,B,72,CCRA-034,Road density,1,0,covered,facility,facility_or_asset,Facility / asset (city-usable),no,"IGN / MOPT / OSM — roads, rail, ports, buildings; Microsoft footprints",CRI-A018,,,
CRI,Costa Rica,B,72,CCRA-035,Sea Level change,2,0,covered,mixed,modeled_grid,Modeled grid (city screening),no,IMN climate observations + proyecciones regionalizadas (RCP/SSP) / análisis de riesgo hidrometeorológico,CRI-A010,IMN / MINAE / coastal studies + IPCC AR6 regional SLR (Pacífico & Caribe),,
CRI,Costa Rica,B,72,CCRA-036,Standardized Precipitation Evapotranspiration Index (SPEI),3,0,covered,mixed,modeled_grid,Modeled grid (city screening),no,IMN climate observations + proyecciones regionalizadas (RCP/SSP) / análisis de riesgo hidrometeorológico,CRI-A010,AyA / ASADAS / SENARA–SINIGIRH water security & aquifer vulnerability,CHIRPS + ERA5-Land extremes / OEF HWM & FRI inputs,
CRI,Costa Rica,B,72,CCRA-037,Total precipitation,2,0,covered,city-ready,modeled_grid,Modeled grid (city screening),no,IMN climate observations + proyecciones regionalizadas (RCP/SSP) / análisis de riesgo hidrometeorológico,CRI-A010,CHIRPS + ERA5-Land extremes / OEF HWM & FRI inputs,,
CRI,Costa Rica,B,72,CCRA-038,Urban infrastructure social vulnerability,4,0,covered,city-ready,neighborhood_or_small_area,Neighborhood / small area (city-ready),no,INEC Censo 2011 + Estimaciones de población y vivienda 2022 (distrito) / proyecciones 2000–2050,CRI-A001,"IGN / MOPT / OSM — roads, rail, ports, buildings; Microsoft footprints",OEF shared city Vulnerability score (age/social screening),
CRI,Costa Rica,B,72,CCRA-039,Urban stormwater drainage coverage,0,0,missing,missing,unknown,Gap,n/a,,,,,
CRI,Costa Rica,B,72,CCRA-040,Waste Collection,1,0,covered,city-ready,city_or_municipality,City / municipality (city-ready),no,Ministerio de Salud / municipal solid-waste service statistics,CRI-A022,,,
CRI,Costa Rica,B,72,CCRA-041,Water security index,2,0,covered,mixed,modeled_grid,Modeled grid (city screening),no,IMN climate observations + proyecciones regionalizadas (RCP/SSP) / análisis de riesgo hidrometeorológico,CRI-A010,AyA / ASADAS / SENARA–SINIGIRH water security & aquifer vulnerability,,
ARG,Argentina,B,68,CCRA-001,Age Distribution,3,0,covered,city-ready,neighborhood_or_small_area,Neighborhood / small area (city-ready),no,"INDEC Censo Nacional de Población, Hogares y Viviendas 2022 — radios censales (edad, NBI, vivienda, agua/saneamiento)",ARG-A001,OEF shared city Vulnerability score (age/social screening),OEF Heat Risk Score H×E×V (city screening),
ARG,Argentina,B,68,CCRA-002,Agricultural GDP share,2,0,covered,needs downscaling (state),state_or_province,State / province (needs downscaling),yes,INDEC Censo Nacional Agropecuario 2018 + MAGyP land use / irrigation statistics,ARG-A014,INDEC Cuentas Nacionales / provincial GVA by industry (agro & industry shares),,
ARG,Argentina,B,68,CCRA-003,Agricultural establishment density,1,0,covered,needs downscaling (state),state_or_province,State / province (needs downscaling),yes,INDEC Censo Nacional Agropecuario 2018 + MAGyP land use / irrigation statistics,ARG-A014,,,
ARG,Argentina,B,68,CCRA-004,Agricultural land area,1,0,covered,needs downscaling (state),state_or_province,State / province (needs downscaling),yes,INDEC Censo Nacional Agropecuario 2018 + MAGyP land use / irrigation statistics,ARG-A014,,,
ARG,Argentina,B,68,CCRA-005,Areas of global conservation value,2,0,covered,city-ready,modeled_grid,Modeled grid (city screening),no,SIB / APN áreas protegidas + WDPA Argentina,ARG-A016,Biodiversity Intactness Index + KBAs (Argentina),,
ARG,Argentina,B,68,CCRA-006,Biodiversity Intactness Index (BII),1,0,covered,city-ready,modeled_grid,Modeled grid (city screening),no,Biodiversity Intactness Index + KBAs (Argentina),ARG-A017,,,
ARG,Argentina,B,68,CCRA-007,Confirmed disease cases,1,0,covered,facility,facility_or_asset,Facility / asset (city-usable),no,Ministerio de Salud / provincial health open data + OSM healthcare POIs,ARG-A005,,,
ARG,Argentina,B,68,CCRA-008,Dependence on large-scale irrigation,1,0,covered,needs downscaling (state),state_or_province,State / province (needs downscaling),yes,INDEC Censo Nacional Agropecuario 2018 + MAGyP land use / irrigation statistics,ARG-A014,,,
ARG,Argentina,B,68,CCRA-009,Electricity consumption,2,0,covered,mixed,facility_or_asset,Facility / asset (city-usable),no,CAMMESA / Secretaría de Energía generation & SESCO; WRI Global Power Plant Database,ARG-A020,Balance Energético Nacional (BEN) / CAMMESA demand; ENRE–ENARGAS; census energy proxies,,
ARG,Argentina,B,68,CCRA-010,Energy poverty,3,0,covered,mixed,neighborhood_or_small_area,Neighborhood / small area (city-ready),no,"INDEC Censo Nacional de Población, Hogares y Viviendas 2022 — radios censales (edad, NBI, vivienda, agua/saneamiento)",ARG-A001,INDEC NBI / EPH poverty & income indicators (aglomerados + census NBI at radio),Balance Energético Nacional (BEN) / CAMMESA demand; ENRE–ENARGAS; census energy proxies,
ARG,Argentina,B,68,CCRA-011,Flood Threat Index,8,0,covered,mixed,city_or_municipality,City / municipality (city-ready),no,INA / provincial flood hazard & floodplain studies + CABA/AMBA inundación open layers,ARG-A006,SINAGIR / Defensa Civil risk inventories & municipal risk maps (flood/landslide where published),OEF Flood Hazard Score (city screening ensemble),
ARG,Argentina,B,68,CCRA-012,Food production and marketing,1,0,covered,needs downscaling (state),state_or_province,State / province (needs downscaling),yes,INDEC Censo Nacional Agropecuario 2018 + MAGyP land use / irrigation statistics,ARG-A014,,,
ARG,Argentina,B,68,CCRA-013,Forest cover,1,0,covered,city-ready,modeled_grid,Modeled grid (city screening),no,UMSEF / Dirección de Bosques monitores + Hansen GFC + ESA WorldCover,ARG-A015,,,
ARG,Argentina,B,68,CCRA-014,Forest loss,1,0,covered,city-ready,modeled_grid,Modeled grid (city screening),no,UMSEF / Dirección de Bosques monitores + Hansen GFC + ESA WorldCover,ARG-A015,,,
ARG,Argentina,B,68,CCRA-015,Health and basic services access,3,0,covered,city-ready,neighborhood_or_small_area,Neighborhood / small area (city-ready),no,"INDEC Censo Nacional de Población, Hogares y Viviendas 2022 — radios censales (edad, NBI, vivienda, agua/saneamiento)",ARG-A001,INDEC NBI / EPH poverty & income indicators (aglomerados + census NBI at radio),Ministerio de Salud / provincial health open data + OSM healthcare POIs,
ARG,Argentina,B,68,CCRA-016,Health facility density,1,0,covered,facility,facility_or_asset,Facility / asset (city-usable),no,Ministerio de Salud / provincial health open data + OSM healthcare POIs,ARG-A005,,,
ARG,Argentina,B,68,CCRA-017,Households in hazard-prone areas,10,0,covered,mixed,neighborhood_or_small_area,Neighborhood / small area (city-ready),no,INDEC Portal Geoestadístico — radios/fracciones/departamentos + IGN administrative boundaries,ARG-A003,INA / provincial flood hazard & floodplain studies + CABA/AMBA inundación open layers,SEGEMAR geological hazard / landslide inventories + provincial susceptibility (Andes/Sierras),
ARG,Argentina,B,68,CCRA-018,Inadequate Sanitation,1,0,covered,city-ready,neighborhood_or_small_area,Neighborhood / small area (city-ready),no,"INDEC Censo Nacional de Población, Hogares y Viviendas 2022 — radios censales (edad, NBI, vivienda, agua/saneamiento)",ARG-A001,,,
ARG,Argentina,B,68,CCRA-019,Inadequate water access,2,0,covered,city-ready,neighborhood_or_small_area,Neighborhood / small area (city-ready),no,"INDEC Censo Nacional de Población, Hogares y Viviendas 2022 — radios censales (edad, NBI, vivienda, agua/saneamiento)",ARG-A001,INA / AySA & provincial water utilities performance; Water Security / drought indicators,,
ARG,Argentina,B,68,CCRA-020,Income,3,0,covered,city-ready,neighborhood_or_small_area,Neighborhood / small area (city-ready),no,"INDEC Censo Nacional de Población, Hogares y Viviendas 2022 — radios censales (edad, NBI, vivienda, agua/saneamiento)",ARG-A001,INDEC NBI / EPH poverty & income indicators (aglomerados + census NBI at radio),OEF shared city Vulnerability score (age/social screening),
ARG,Argentina,B,68,CCRA-021,Industrial GDP share,1,0,covered,needs downscaling (national),national,National (needs downscaling),yes,INDEC Cuentas Nacionales / provincial GVA by industry (agro & industry shares),ARG-A018,,,
ARG,Argentina,B,68,CCRA-022,Landslide Susceptibility,4,0,covered,mixed,modeled_grid,Modeled grid (city screening),no,SEGEMAR geological hazard / landslide inventories + provincial susceptibility (Andes/Sierras),ARG-A013,OEF Landslide Hazard Score (city screening ensemble),OEF Landslide Risk Score H×E×V (city screening),
ARG,Argentina,B,68,CCRA-023,Landslide Threat Index,5,0,covered,mixed,modeled_grid,Modeled grid (city screening),no,SEGEMAR geological hazard / landslide inventories + provincial susceptibility (Andes/Sierras),ARG-A013,OEF Landslide Hazard Score (city screening ensemble),OEF Landslide Risk Score H×E×V (city screening),
ARG,Argentina,B,68,CCRA-024,Maximum Consecutive Dry Days (CDD),2,0,covered,city-ready,modeled_grid,Modeled grid (city screening),no,SMN observational climate + 3ra Comunicación Nacional / proyecciones climáticas nacionales,ARG-A010,CHIRPS + ERA5-Land extremes / OEF HWM & FRI inputs,,
ARG,Argentina,B,68,CCRA-025,Maximum Precipitation 5 days (Rx5day),2,0,covered,city-ready,modeled_grid,Modeled grid (city screening),no,SMN observational climate + 3ra Comunicación Nacional / proyecciones climáticas nacionales,ARG-A010,CHIRPS + ERA5-Land extremes / OEF HWM & FRI inputs,,
ARG,Argentina,B,68,CCRA-026,Maximum temperature,5,0,covered,city-ready,modeled_grid,Modeled grid (city screening),no,SMN observational climate + 3ra Comunicación Nacional / proyecciones climáticas nacionales,ARG-A010,OEF Heat Hazard Score (city screening ensemble),OEF Heat Risk Score H×E×V (city screening),
ARG,Argentina,B,68,CCRA-027,Natural vegetation cover,1,0,covered,city-ready,modeled_grid,Modeled grid (city screening),no,UMSEF / Dirección de Bosques monitores + Hansen GFC + ESA WorldCover,ARG-A015,,,
ARG,Argentina,B,68,CCRA-028,Population density,6,0,covered,city-ready,neighborhood_or_small_area,Neighborhood / small area (city-ready),no,"INDEC Censo Nacional de Población, Hogares y Viviendas 2022 — radios censales (edad, NBI, vivienda, agua/saneamiento)",ARG-A001,OEF shared city Exposure score (population density screening),OEF Flood Risk Score H×E×V (city screening),
ARG,Argentina,B,68,CCRA-029,Port infrastructures,2,0,covered,mixed,facility_or_asset,Facility / asset (city-usable),no,Servicio de Hidrografía Naval (SHN) / IPCC AR6 regional SLR + Río de la Plata coastal/sudestada studies,ARG-A012,AGP / puertos nacionales & provinciales + OSM harbour features,,
ARG,Argentina,B,68,CCRA-030,Power generation facilities,1,0,covered,facility,facility_or_asset,Facility / asset (city-usable),no,CAMMESA / Secretaría de Energía generation & SESCO; WRI Global Power Plant Database,ARG-A020,,,
ARG,Argentina,B,68,CCRA-031,Protected areas,1,0,covered,facility,facility_or_asset,Facility / asset (city-usable),no,SIB / APN áreas protegidas + WDPA Argentina,ARG-A016,,,
ARG,Argentina,B,68,CCRA-032,Railroad density,1,0,covered,facility,facility_or_asset,Facility / asset (city-usable),no,"IGN / OSM — roads, rail, ports, buildings; Microsoft footprints",ARG-A019,,,
ARG,Argentina,B,68,CCRA-033,Relative humidity,2,0,covered,city-ready,modeled_grid,Modeled grid (city screening),no,SMN observational climate + 3ra Comunicación Nacional / proyecciones climáticas nacionales,ARG-A010,CHIRPS + ERA5-Land extremes / OEF HWM & FRI inputs,,
ARG,Argentina,B,68,CCRA-034,Road density,1,0,covered,facility,facility_or_asset,Facility / asset (city-usable),no,"IGN / OSM — roads, rail, ports, buildings; Microsoft footprints",ARG-A019,,,
ARG,Argentina,B,68,CCRA-035,Sea Level change,2,0,covered,mixed,modeled_grid,Modeled grid (city screening),no,SMN observational climate + 3ra Comunicación Nacional / proyecciones climáticas nacionales,ARG-A010,Servicio de Hidrografía Naval (SHN) / IPCC AR6 regional SLR + Río de la Plata coastal/sudestada studies,,
ARG,Argentina,B,68,CCRA-036,Standardized Precipitation Evapotranspiration Index (SPEI),2,0,covered,city-ready,modeled_grid,Modeled grid (city screening),no,SMN observational climate + 3ra Comunicación Nacional / proyecciones climáticas nacionales,ARG-A010,CHIRPS + ERA5-Land extremes / OEF HWM & FRI inputs,,
ARG,Argentina,B,68,CCRA-037,Total precipitation,2,0,covered,city-ready,modeled_grid,Modeled grid (city screening),no,SMN observational climate + 3ra Comunicación Nacional / proyecciones climáticas nacionales,ARG-A010,CHIRPS + ERA5-Land extremes / OEF HWM & FRI inputs,,
ARG,Argentina,B,68,CCRA-038,Urban infrastructure social vulnerability,4,0,covered,city-ready,neighborhood_or_small_area,Neighborhood / small area (city-ready),no,"INDEC Censo Nacional de Población, Hogares y Viviendas 2022 — radios censales (edad, NBI, vivienda, agua/saneamiento)",ARG-A001,INDEC NBI / EPH poverty & income indicators (aglomerados + census NBI at radio),"IGN / OSM — roads, rail, ports, buildings; Microsoft footprints",
ARG,Argentina,B,68,CCRA-039,Urban stormwater drainage coverage,0,0,missing,missing,unknown,Gap,n/a,,,,,
ARG,Argentina,B,68,CCRA-040,Waste Collection,1,0,covered,city-ready,city_or_municipality,City / municipality (city-ready),no,ENGIRSU / Observatorio RSU + CEAMSE (AMBA) + municipal waste open data,ARG-A023,,,
ARG,Argentina,B,68,CCRA-041,Water security index,2,0,covered,city-ready,modeled_grid,Modeled grid (city screening),no,SMN observational climate + 3ra Comunicación Nacional / proyecciones climáticas nacionales,ARG-A010,INA / AySA & provincial water utilities performance; Water Security / drought indicators,,
MAR,Morocco,C,52,CCRA-001,Age Distribution,5,0,covered,mixed,neighborhood_or_small_area,Neighborhood / small area (city-ready),no,"RGPH 2024 — résultats interactifs (démographie, habitat, services)",MAR-A001,OEF shared city Vulnerability score (age/social screening),OEF Heat Risk Score H×E×V (city screening),
MAR,Morocco,C,52,CCRA-002,Agricultural GDP share,2,0,covered,needs downscaling (national),national,National (needs downscaling),yes,"Indicateurs sectoriels (agriculture, énergie, eau, transport…) — data.gov.ma",MAR-A024,Agriculture et pêche — open data MEF / data.gov.ma,,
MAR,Morocco,C,52,CCRA-003,Agricultural establishment density,2,0,covered,mixed,facility_or_asset,Facility / asset (city-usable),no,Agriculture et pêche — open data MEF / data.gov.ma,MAR-A025,Crop and irrigation types ground-truth (5 major agricultural regions),,
MAR,Morocco,C,52,CCRA-004,Agricultural land area,4,0,covered,mixed,modeled_grid,Modeled grid (city screening),no,"Indicateurs sectoriels (agriculture, énergie, eau, transport…) — data.gov.ma",MAR-A024,Agriculture et pêche — open data MEF / data.gov.ma,Crop and irrigation types ground-truth (5 major agricultural regions),
MAR,Morocco,C,52,CCRA-005,Areas of global conservation value,2,0,covered,facility,facility_or_asset,Facility / asset (city-usable),no,World Database on Protected Areas (WDPA),MAR-A021,Key Biodiversity Areas / conservation-value layers,,
MAR,Morocco,C,52,CCRA-006,Biodiversity Intactness Index (BII),1,0,covered,city-ready,modeled_grid,Modeled grid (city screening),no,Biodiversity Intactness Index (BII) / related intactness layers,MAR-A022,,,
MAR,Morocco,C,52,CCRA-007,Confirmed disease cases,0,0,missing,missing,unknown,Gap,n/a,,,,,
MAR,Morocco,C,52,CCRA-008,Dependence on large-scale irrigation,1,0,covered,facility,facility_or_asset,Facility / asset (city-usable),no,Crop and irrigation types ground-truth (5 major agricultural regions),MAR-A026,,,
MAR,Morocco,C,52,CCRA-009,Electricity consumption,2,0,covered,needs downscaling (national),other_or_mixed,Mixed / other,yes,"Indicateurs sectoriels (agriculture, énergie, eau, transport…) — data.gov.ma",MAR-A024,ONEE / ANRE — electricity production & consumption statistics,,
MAR,Morocco,C,52,CCRA-010,Energy poverty,2,0,covered,mixed,neighborhood_or_small_area,Neighborhood / small area (city-ready),no,Cartographie de la pauvreté multidimensionnelle (Mai 2025),MAR-A002,ONEE / ANRE — electricity production & consumption statistics,,
MAR,Morocco,C,52,CCRA-011,Flood Threat Index,11,0,covered,mixed,modeled_grid,Modeled grid (city screening),no,Atlas des zones inondables — ABH du Tensift (web atlas),MAR-A008,Atlas des zones inondables (AZI) — programme national ABH / Intérieur,OEF Flood Hazard Score (city screening ensemble),
MAR,Morocco,C,52,CCRA-012,Food production and marketing,3,0,covered,mixed,facility_or_asset,Facility / asset (city-usable),no,"Indicateurs sectoriels (agriculture, énergie, eau, transport…) — data.gov.ma",MAR-A024,Agriculture et pêche — open data MEF / data.gov.ma,Crop and irrigation types ground-truth (5 major agricultural regions),
MAR,Morocco,C,52,CCRA-013,Forest cover,2,0,covered,city-ready,modeled_grid,Modeled grid (city screening),no,ESA WorldCover / Dynamic World land cover,MAR-A020,Hansen Global Forest Change (treecover / loss),,
MAR,Morocco,C,52,CCRA-014,Forest loss,1,0,covered,city-ready,modeled_grid,Modeled grid (city screening),no,Hansen Global Forest Change (treecover / loss),MAR-A019,,,
MAR,Morocco,C,52,CCRA-015,Health and basic services access,4,0,covered,mixed,neighborhood_or_small_area,Neighborhood / small area (city-ready),no,Cartographie de la pauvreté multidimensionnelle (Mai 2025),MAR-A002,"RGPH 2024 — résultats interactifs (démographie, habitat, services)",Cartographie des établissements économiques / services publics (HCP 2023/2024),
MAR,Morocco,C,52,CCRA-016,Health facility density,3,0,covered,mixed,facility_or_asset,Facility / asset (city-usable),no,Cartographie des établissements économiques / services publics (HCP 2023/2024),MAR-A030,"OpenStreetMap — roads, railways, ports, health facilities, buildings","Morocco — Risk Assessment Indicators (HeiGIT GAIA / HDX, ADM2)",
MAR,Morocco,C,52,CCRA-017,Households in hazard-prone areas,13,0,covered,mixed,modeled_grid,Modeled grid (city screening),no,Atlas des zones inondables — ABH du Tensift (web atlas),MAR-A008,Atlas des zones inondables (AZI) — programme national ABH / Intérieur,Morocco COD-AB — subnational administrative boundaries (ADM0–ADM2),
MAR,Morocco,C,52,CCRA-018,Inadequate Sanitation,1,0,covered,city-ready,city_or_municipality,City / municipality (city-ready),no,"RGPH 2024 — résultats interactifs (démographie, habitat, services)",MAR-A001,,,
MAR,Morocco,C,52,CCRA-019,Inadequate water access,2,0,covered,city-ready,modeled_grid,Modeled grid (city screening),no,"RGPH 2024 — résultats interactifs (démographie, habitat, services)",MAR-A001,WRI Aqueduct Water Risk / water security composites,,
MAR,Morocco,C,52,CCRA-020,Income,3,0,covered,city-ready,neighborhood_or_small_area,Neighborhood / small area (city-ready),no,Cartographie de la pauvreté multidimensionnelle (Mai 2025),MAR-A002,"RGPH 2024 — résultats interactifs (démographie, habitat, services)",OEF shared city Vulnerability score (age/social screening),
MAR,Morocco,C,52,CCRA-021,Industrial GDP share,1,0,covered,needs downscaling (national),national,National (needs downscaling),yes,"Indicateurs sectoriels (agriculture, énergie, eau, transport…) — data.gov.ma",MAR-A024,,,
MAR,Morocco,C,52,CCRA-022,Landslide Susceptibility,4,0,covered,city-ready,modeled_grid,Modeled grid (city screening),no,OEF Landslide Hazard Score (city screening ensemble),MAR-A037,OEF Landslide Risk Score H×E×V (city screening),Copernicus DEM GLO-30 (+ slope/HAND derivatives),
MAR,Morocco,C,52,CCRA-023,Landslide Threat Index,6,0,covered,city-ready,modeled_grid,Modeled grid (city screening),no,OEF Landslide Hazard Score (city screening ensemble),MAR-A037,OEF Landslide Risk Score H×E×V (city screening),OEF Flood / Heat / Landslide mechanism-type layers (NbS screening),
MAR,Morocco,C,52,CCRA-024,Maximum Consecutive Dry Days (CDD),2,0,covered,city-ready,modeled_grid,Modeled grid (city screening),no,DGM / Direction Générale de la Météorologie — station climate & drought indices (SPI/SPEI),MAR-A015,SPEIbase / global SPEI gridded drought index,,
MAR,Morocco,C,52,CCRA-025,Maximum Precipitation 5 days (Rx5day),1,0,covered,city-ready,modeled_grid,Modeled grid (city screening),no,"CHIRPS extreme precipitation indices (Rx5day, R90p/R95p/R99p) + climatology",MAR-A012,,,
MAR,Morocco,C,52,CCRA-026,Maximum temperature,5,0,covered,city-ready,modeled_grid,Modeled grid (city screening),no,DGM / Direction Générale de la Météorologie — station climate & drought indices (SPI/SPEI),MAR-A015,OEF Heat Hazard Score (city screening ensemble),OEF Heat Risk Score H×E×V (city screening),
MAR,Morocco,C,52,CCRA-027,Natural vegetation cover,2,0,covered,city-ready,modeled_grid,Modeled grid (city screening),no,ESA WorldCover / Dynamic World land cover,MAR-A020,Hansen Global Forest Change (treecover / loss),,
MAR,Morocco,C,52,CCRA-028,Population density,9,0,covered,mixed,modeled_grid,Modeled grid (city screening),no,"RGPH 2024 — résultats interactifs (démographie, habitat, services)",MAR-A001,Morocco COD-AB — subnational administrative boundaries (ADM0–ADM2),OEF Flood Risk Score H×E×V (city screening),
MAR,Morocco,C,52,CCRA-029,Port infrastructures,3,0,covered,city-ready,modeled_grid,Modeled grid (city screening),no,Statistiques de trafic portuaire / infrastructures portuaires (ANP / équipement),MAR-A029,NASA / IPCC sea-level change & coastal elevation proxies,"OpenStreetMap — roads, railways, ports, health facilities, buildings",
MAR,Morocco,C,52,CCRA-030,Power generation facilities,1,0,covered,facility,facility_or_asset,Facility / asset (city-usable),no,Global Power Plant Database / WRI energy infrastructure,MAR-A028,,,
MAR,Morocco,C,52,CCRA-031,Protected areas,1,0,covered,facility,facility_or_asset,Facility / asset (city-usable),no,World Database on Protected Areas (WDPA),MAR-A021,,,
MAR,Morocco,C,52,CCRA-032,Railroad density,1,0,covered,facility,facility_or_asset,Facility / asset (city-usable),no,"OpenStreetMap — roads, railways, ports, health facilities, buildings",MAR-A027,,,
MAR,Morocco,C,52,CCRA-033,Relative humidity,2,0,covered,city-ready,modeled_grid,Modeled grid (city screening),no,DGM / Direction Générale de la Météorologie — station climate & drought indices (SPI/SPEI),MAR-A015,"ERA5-Land extreme temperature / heatwave indices (TXx, TX90p, HWM, …)",,
MAR,Morocco,C,52,CCRA-034,Road density,2,0,covered,mixed,facility_or_asset,Facility / asset (city-usable),no,"Indicateurs sectoriels (agriculture, énergie, eau, transport…) — data.gov.ma",MAR-A024,"OpenStreetMap — roads, railways, ports, health facilities, buildings",,
MAR,Morocco,C,52,CCRA-035,Sea Level change,1,0,covered,city-ready,modeled_grid,Modeled grid (city screening),no,NASA / IPCC sea-level change & coastal elevation proxies,MAR-A018,,,
MAR,Morocco,C,52,CCRA-036,Standardized Precipitation Evapotranspiration Index (SPEI),2,0,covered,city-ready,modeled_grid,Modeled grid (city screening),no,DGM / Direction Générale de la Météorologie — station climate & drought indices (SPI/SPEI),MAR-A015,SPEIbase / global SPEI gridded drought index,,
MAR,Morocco,C,52,CCRA-037,Total precipitation,3,0,covered,mixed,modeled_grid,Modeled grid (city screening),no,DGM / Direction Générale de la Météorologie — station climate & drought indices (SPI/SPEI),MAR-A015,"Indicateurs sectoriels (agriculture, énergie, eau, transport…) — data.gov.ma","CHIRPS extreme precipitation indices (Rx5day, R90p/R95p/R99p) + climatology",
MAR,Morocco,C,52,CCRA-038,Urban infrastructure social vulnerability,5,0,covered,city-ready,neighborhood_or_small_area,Neighborhood / small area (city-ready),no,Cartographie de la pauvreté multidimensionnelle (Mai 2025),MAR-A002,"RGPH 2024 — résultats interactifs (démographie, habitat, services)",OEF shared city Vulnerability score (age/social screening),
MAR,Morocco,C,52,CCRA-039,Urban stormwater drainage coverage,0,1,missing,missing,unknown,Gap,n/a,OEF Flood / Heat / Landslide mechanism-type layers (NbS screening),MAR-A043,,,related proxies only (hard gap)
MAR,Morocco,C,52,CCRA-040,Waste Collection,1,0,covered,city-ready,city_or_municipality,City / municipality (city-ready),no,"RGPH 2024 — résultats interactifs (démographie, habitat, services)",MAR-A001,,,
MAR,Morocco,C,52,CCRA-041,Water security index,2,0,covered,mixed,modeled_grid,Modeled grid (city screening),no,"Indicateurs sectoriels (agriculture, énergie, eau, transport…) — data.gov.ma",MAR-A024,WRI Aqueduct Water Risk / water security composites,,
ETH,Ethiopia,C,48,CCRA-001,Age Distribution,5,0,covered,mixed,neighborhood_or_small_area,Neighborhood / small area (city-ready),no,ESS / CSA population & housing census + projections (via IMIS / StatBank / HDX COD-PS),ETH-A001,OEF shared city Vulnerability score (age/social screening),OEF Heat Risk Score H×E×V (city screening),
ETH,Ethiopia,C,48,CCRA-002,Agricultural GDP share,2,0,covered,needs downscaling (state),state_or_province,State / province (needs downscaling),yes,"ESS Agricultural Sample Survey (AgSS) — crops, livestock, land use",ETH-A023,"National Accounts / MoF — sectoral GDP (agriculture, industry)",,
ETH,Ethiopia,C,48,CCRA-003,Agricultural establishment density,1,0,covered,needs downscaling (state),state_or_province,State / province (needs downscaling),yes,"ESS Agricultural Sample Survey (AgSS) — crops, livestock, land use",ETH-A023,,,
ETH,Ethiopia,C,48,CCRA-004,Agricultural land area,3,0,covered,mixed,modeled_grid,Modeled grid (city screening),no,"ESS Agricultural Sample Survey (AgSS) — crops, livestock, land use",ETH-A023,ESA WorldCover / Dynamic World land cover,FAO / WaPOR / AQUASTAT — irrigated area & agricultural water,
ETH,Ethiopia,C,48,CCRA-005,Areas of global conservation value,2,0,covered,facility,facility_or_asset,Facility / asset (city-usable),no,World Database on Protected Areas (WDPA),ETH-A020,Key Biodiversity Areas / conservation-value sites,,
ETH,Ethiopia,C,48,CCRA-006,Biodiversity Intactness Index (BII),1,0,covered,city-ready,modeled_grid,Modeled grid (city screening),no,Biodiversity Intactness Index (BII),ETH-A021,,,
ETH,Ethiopia,C,48,CCRA-007,Confirmed disease cases,1,0,covered,needs downscaling (state),state_or_province,State / province (needs downscaling),yes,"DHS Ethiopia — water, sanitation, health & nutrition indicators",ETH-A003,,,
ETH,Ethiopia,C,48,CCRA-008,Dependence on large-scale irrigation,2,0,covered,mixed,modeled_grid,Modeled grid (city screening),no,"ESS Agricultural Sample Survey (AgSS) — crops, livestock, land use",ETH-A023,FAO / WaPOR / AQUASTAT — irrigated area & agricultural water,,
ETH,Ethiopia,C,48,CCRA-009,Electricity consumption,1,0,covered,mixed,other_or_mixed,Mixed / other,no,EEU / MoWE electricity access & consumption statistics; Multi-Tier Framework (MTF),ETH-A029,,,
ETH,Ethiopia,C,48,CCRA-010,Energy poverty,2,0,covered,needs downscaling (state),other_or_mixed,Mixed / other,yes,"HCES / LSMS-ISA Ethiopia — poverty, consumption, energy access",ETH-A004,EEU / MoWE electricity access & consumption statistics; Multi-Tier Framework (MTF),,
ETH,Ethiopia,C,48,CCRA-011,Flood Threat Index,10,0,covered,mixed,modeled_grid,Modeled grid (city screening),no,OEF Flood Hazard Score (city screening ensemble),ETH-A033,OEF Flood Risk Score H×E×V (city screening),OEF CHIRPS–COPDEM Flood Risk Index (FRI) — global/present+SSP inputs,
ETH,Ethiopia,C,48,CCRA-012,Food production and marketing,1,0,covered,needs downscaling (state),state_or_province,State / province (needs downscaling),yes,"ESS Agricultural Sample Survey (AgSS) — crops, livestock, land use",ETH-A023,,,
ETH,Ethiopia,C,48,CCRA-013,Forest cover,2,0,covered,city-ready,modeled_grid,Modeled grid (city screening),no,ESA WorldCover / Dynamic World land cover,ETH-A019,Hansen Global Forest Change (treecover / loss),,
ETH,Ethiopia,C,48,CCRA-014,Forest loss,1,0,covered,city-ready,modeled_grid,Modeled grid (city screening),no,Hansen Global Forest Change (treecover / loss),ETH-A018,,,
ETH,Ethiopia,C,48,CCRA-015,Health and basic services access,5,0,covered,mixed,facility_or_asset,Facility / asset (city-usable),no,ESS / CSA population & housing census + projections (via IMIS / StatBank / HDX COD-PS),ETH-A001,"HCES / LSMS-ISA Ethiopia — poverty, consumption, energy access","DHS Ethiopia — water, sanitation, health & nutrition indicators",
ETH,Ethiopia,C,48,CCRA-016,Health facility density,3,0,covered,mixed,facility_or_asset,Facility / asset (city-usable),no,"OpenStreetMap — roads, rail, health facilities, buildings",ETH-A026,healthsites.io / HDX health facilities (Ethiopia),"Ethiopia — Risk Assessment Indicators (HeiGIT GAIA / HDX, ADM2)",
ETH,Ethiopia,C,48,CCRA-017,Households in hazard-prone areas,11,0,covered,mixed,modeled_grid,Modeled grid (city screening),no,Ethiopia COD-AB — subnational administrative boundaries (ADM0–3),ETH-A002,OEF Flood Hazard Score (city screening ensemble),OEF Flood Risk Score H×E×V (city screening),
ETH,Ethiopia,C,48,CCRA-018,Inadequate Sanitation,2,0,covered,mixed,city_or_municipality,City / municipality (city-ready),no,ESS / CSA population & housing census + projections (via IMIS / StatBank / HDX COD-PS),ETH-A001,"DHS Ethiopia — water, sanitation, health & nutrition indicators",,
ETH,Ethiopia,C,48,CCRA-019,Inadequate water access,3,0,covered,mixed,modeled_grid,Modeled grid (city screening),no,ESS / CSA population & housing census + projections (via IMIS / StatBank / HDX COD-PS),ETH-A001,"DHS Ethiopia — water, sanitation, health & nutrition indicators",WRI Aqueduct Water Risk / water security composites,
ETH,Ethiopia,C,48,CCRA-020,Income,2,0,covered,mixed,neighborhood_or_small_area,Neighborhood / small area (city-ready),no,"HCES / LSMS-ISA Ethiopia — poverty, consumption, energy access",ETH-A004,OEF shared city Vulnerability score (age/social screening),,
ETH,Ethiopia,C,48,CCRA-021,Industrial GDP share,1,0,covered,needs downscaling (national),national,National (needs downscaling),yes,"National Accounts / MoF — sectoral GDP (agriculture, industry)",ETH-A025,,,
ETH,Ethiopia,C,48,CCRA-022,Landslide Susceptibility,5,0,covered,mixed,modeled_grid,Modeled grid (city screening),no,OEF Landslide Hazard Score (city screening ensemble),ETH-A035,OEF Landslide Risk Score H×E×V (city screening),Copernicus DEM GLO-30 (+ slope/HAND derivatives),
ETH,Ethiopia,C,48,CCRA-023,Landslide Threat Index,7,0,covered,mixed,modeled_grid,Modeled grid (city screening),no,OEF Landslide Hazard Score (city screening ensemble),ETH-A035,OEF Landslide Risk Score H×E×V (city screening),OEF Flood / Heat / Landslide mechanism-type layers (NbS screening),
ETH,Ethiopia,C,48,CCRA-024,Maximum Consecutive Dry Days (CDD),3,0,covered,city-ready,modeled_grid,Modeled grid (city screening),no,NMA Ethiopia — meteorological station & climate bulletins,ETH-A013,"CHIRPS extreme precipitation (Rx5day, R90p…) + drought monitoring",SPEIbase / Global Drought Hazard (SPEI-6 extremes),
ETH,Ethiopia,C,48,CCRA-025,Maximum Precipitation 5 days (Rx5day),1,0,covered,city-ready,modeled_grid,Modeled grid (city screening),no,"CHIRPS extreme precipitation (Rx5day, R90p…) + drought monitoring",ETH-A011,,,
ETH,Ethiopia,C,48,CCRA-026,Maximum temperature,5,0,covered,city-ready,modeled_grid,Modeled grid (city screening),no,NMA Ethiopia — meteorological station & climate bulletins,ETH-A013,OEF Heat Hazard Score (city screening ensemble),OEF Heat Risk Score H×E×V (city screening),
ETH,Ethiopia,C,48,CCRA-027,Natural vegetation cover,2,0,covered,city-ready,modeled_grid,Modeled grid (city screening),no,ESA WorldCover / Dynamic World land cover,ETH-A019,Hansen Global Forest Change (treecover / loss),,
ETH,Ethiopia,C,48,CCRA-028,Population density,9,0,covered,mixed,modeled_grid,Modeled grid (city screening),no,ESS / CSA population & housing census + projections (via IMIS / StatBank / HDX COD-PS),ETH-A001,Ethiopia COD-AB — subnational administrative boundaries (ADM0–3),OEF Flood Risk Score H×E×V (city screening),
ETH,Ethiopia,C,48,CCRA-029,Port infrastructures,1,0,covered,facility,facility_or_asset,Facility / asset (city-usable),no,"OpenStreetMap — roads, rail, health facilities, buildings",ETH-A026,,,
ETH,Ethiopia,C,48,CCRA-030,Power generation facilities,1,0,covered,facility,facility_or_asset,Facility / asset (city-usable),no,Global Power Plant Database / WRI (+ EEP plant lists),ETH-A028,,,
ETH,Ethiopia,C,48,CCRA-031,Protected areas,1,0,covered,facility,facility_or_asset,Facility / asset (city-usable),no,World Database on Protected Areas (WDPA),ETH-A020,,,
ETH,Ethiopia,C,48,CCRA-032,Railroad density,1,0,covered,facility,facility_or_asset,Facility / asset (city-usable),no,"OpenStreetMap — roads, rail, health facilities, buildings",ETH-A026,,,
ETH,Ethiopia,C,48,CCRA-033,Relative humidity,2,0,covered,city-ready,modeled_grid,Modeled grid (city screening),no,NMA Ethiopia — meteorological station & climate bulletins,ETH-A013,"ERA5-Land extreme temperature / heatwave indices (TXx, HWM, …)",,
ETH,Ethiopia,C,48,CCRA-034,Road density,1,0,covered,facility,facility_or_asset,Facility / asset (city-usable),no,"OpenStreetMap — roads, rail, health facilities, buildings",ETH-A026,,,
ETH,Ethiopia,C,48,CCRA-035,Sea Level change,0,0,n/a,n/a,unknown,N/A,n/a,,,,,
ETH,Ethiopia,C,48,CCRA-036,Standardized Precipitation Evapotranspiration Index (SPEI),2,0,covered,city-ready,modeled_grid,Modeled grid (city screening),no,NMA Ethiopia — meteorological station & climate bulletins,ETH-A013,SPEIbase / Global Drought Hazard (SPEI-6 extremes),,
ETH,Ethiopia,C,48,CCRA-037,Total precipitation,2,0,covered,city-ready,modeled_grid,Modeled grid (city screening),no,NMA Ethiopia — meteorological station & climate bulletins,ETH-A013,"CHIRPS extreme precipitation (Rx5day, R90p…) + drought monitoring",,
ETH,Ethiopia,C,48,CCRA-038,Urban infrastructure social vulnerability,5,0,covered,mixed,neighborhood_or_small_area,Neighborhood / small area (city-ready),no,ESS / CSA population & housing census + projections (via IMIS / StatBank / HDX COD-PS),ETH-A001,"HCES / LSMS-ISA Ethiopia — poverty, consumption, energy access",OEF shared city Vulnerability score (age/social screening),
ETH,Ethiopia,C,48,CCRA-039,Urban stormwater drainage coverage,0,0,missing,missing,unknown,Gap,n/a,,,,,
ETH,Ethiopia,C,48,CCRA-040,Waste Collection,1,0,covered,city-ready,city_or_municipality,City / municipality (city-ready),no,ESS / CSA population & housing census + projections (via IMIS / StatBank / HDX COD-PS),ETH-A001,,,
ETH,Ethiopia,C,48,CCRA-041,Water security index,2,0,covered,city-ready,modeled_grid,Modeled grid (city screening),no,FAO / WaPOR / AQUASTAT — irrigated area & agricultural water,ETH-A024,WRI Aqueduct Water Risk / water security composites,,
