iso3,country,related_ccra_indicator,indicator_name,rank,dataset_id,dataset_name,publisher,granularity_class,authoritative_tier,confidence_level,horizons_covered,role
GBR,United Kingdom,CCRA-001,Age Distribution,1,GBR-A001,"ONS Census 2021 — population, age/sex, housing & deprivation dimensions (LSOA/MSOA)",Office for National Statistics (ONS),neighborhood_or_small_area,Primary official,High,present,primary_mapping
GBR,United Kingdom,CCRA-001,Age Distribution,2,GBR-A036,OEF shared city Vulnerability score (age/social screening),Open Earth Foundation,neighborhood_or_small_area,OEF derived screening,High,present,primary_mapping
GBR,United Kingdom,CCRA-001,Age Distribution,3,GBR-A033,OEF Heat Risk Score H×E×V (city screening),Open Earth Foundation (heat_risk),modeled_grid,OEF derived screening,High,present,primary_mapping
GBR,United Kingdom,CCRA-002,Agricultural GDP share,1,GBR-A016,"Defra / RPA agricultural land classification, June Survey, Crop Map of England",Defra / RPA / devolved administrations,facility_or_asset,Primary official,High,present,primary_mapping
GBR,United Kingdom,CCRA-002,Agricultural GDP share,2,GBR-A020,ONS / OBR National Accounts — agriculture & industry GVA shares,Office for National Statistics,national,Primary official,High,present,primary_mapping
GBR,United Kingdom,CCRA-003,Agricultural establishment density,1,GBR-A016,"Defra / RPA agricultural land classification, June Survey, Crop Map of England",Defra / RPA / devolved administrations,facility_or_asset,Primary official,High,present,primary_mapping
GBR,United Kingdom,CCRA-004,Agricultural land area,1,GBR-A016,"Defra / RPA agricultural land classification, June Survey, Crop Map of England",Defra / RPA / devolved administrations,facility_or_asset,Primary official,High,present,primary_mapping
GBR,United Kingdom,CCRA-005,Areas of global conservation value,1,GBR-A018,Natural England / NRW / NatureScot protected sites + WDPA,Natural England / NRW / NatureScot / JNCC,facility_or_asset,Primary official,High,present,primary_mapping
GBR,United Kingdom,CCRA-005,Areas of global conservation value,2,GBR-A019,Biodiversity Intactness Index + KBAs (UK),NHM / BirdLife,modeled_grid,Research/NGO,Medium,present,primary_mapping
GBR,United Kingdom,CCRA-006,Biodiversity Intactness Index (BII),1,GBR-A019,Biodiversity Intactness Index + KBAs (UK),NHM / BirdLife,modeled_grid,Research/NGO,Medium,present,primary_mapping
GBR,United Kingdom,CCRA-007,Confirmed disease cases,1,GBR-A005,NHS Digital / ODS health sites + OSM healthcare POIs,NHS England / OSM,facility_or_asset,Primary official,High,present,primary_mapping
GBR,United Kingdom,CCRA-008,Dependence on large-scale irrigation,1,GBR-A016,"Defra / RPA agricultural land classification, June Survey, Crop Map of England",Defra / RPA / devolved administrations,facility_or_asset,Primary official,High,present,primary_mapping
GBR,United Kingdom,CCRA-009,Electricity consumption,1,GBR-A023,DESNZ DUKES / Digest of UK Energy Statistics; subnational electricity & gas; WRI power plants,DESNZ / WRI,neighborhood_or_small_area,Primary official,High,present,primary_mapping
GBR,United Kingdom,CCRA-010,Energy poverty,1,GBR-A023,DESNZ DUKES / Digest of UK Energy Statistics; subnational electricity & gas; WRI power plants,DESNZ / WRI,neighborhood_or_small_area,Primary official,High,present,primary_mapping
GBR,United Kingdom,CCRA-010,Energy poverty,2,GBR-A024,DESNZ Fuel Poverty statistics (England) + devolved fuel poverty measures,DESNZ / devolved governments,neighborhood_or_small_area,Primary official,High,present,primary_mapping
GBR,United Kingdom,CCRA-010,Energy poverty,3,GBR-A002,English Indices of Deprivation (IoD/IMD) + Welsh/Scottish/NI IMD,MHCLG / Welsh Government / Scottish Government / NISRA,neighborhood_or_small_area,Primary official,High,present,primary_mapping
GBR,United Kingdom,CCRA-010,Energy poverty,4,GBR-A001,"ONS Census 2021 — population, age/sex, housing & deprivation dimensions (LSOA/MSOA)",Office for National Statistics (ONS),neighborhood_or_small_area,Primary official,High,present,primary_mapping
GBR,United Kingdom,CCRA-011,Flood Threat Index,1,GBR-A006,Environment Agency — Risk of Flooding from Rivers and Sea (RoFRS) + climate-change scenarios,Environment Agency (Defra DSP),modeled_grid,Primary official,High,present;2030;2050,primary_mapping
GBR,United Kingdom,CCRA-011,Flood Threat Index,2,GBR-A007,Environment Agency — Risk of Flooding from Surface Water (RoFSW) + climate change,Environment Agency,modeled_grid,Primary official,High,present;2030;2050,primary_mapping
GBR,United Kingdom,CCRA-011,Flood Threat Index,3,GBR-A008,Flood Map for Planning — Flood Zones (+ climate change),Environment Agency,modeled_grid,Primary official,High,present;2030;2050,primary_mapping
GBR,United Kingdom,CCRA-011,Flood Threat Index,4,GBR-A029,OEF Flood Hazard Score (city screening ensemble),Open Earth Foundation (models/flood_hazard),modeled_grid,OEF derived screening,High,present,primary_mapping
GBR,United Kingdom,CCRA-011,Flood Threat Index,5,GBR-A032,OEF Flood Risk Score H×E×V (city screening),Open Earth Foundation (flood_risk),modeled_grid,OEF derived screening,High,present,primary_mapping
GBR,United Kingdom,CCRA-012,Food production and marketing,1,GBR-A016,"Defra / RPA agricultural land classification, June Survey, Crop Map of England",Defra / RPA / devolved administrations,facility_or_asset,Primary official,High,present,primary_mapping
GBR,United Kingdom,CCRA-013,Forest cover,1,GBR-A017,National Forest Inventory / Forest Research + Hansen GFC + Living England/Wales land cover,Forest Research / JNCC / UMD / EA,modeled_grid,Primary official,High,present,primary_mapping
GBR,United Kingdom,CCRA-014,Forest loss,1,GBR-A017,National Forest Inventory / Forest Research + Hansen GFC + Living England/Wales land cover,Forest Research / JNCC / UMD / EA,modeled_grid,Primary official,High,present,primary_mapping
GBR,United Kingdom,CCRA-015,Health and basic services access,1,GBR-A002,English Indices of Deprivation (IoD/IMD) + Welsh/Scottish/NI IMD,MHCLG / Welsh Government / Scottish Government / NISRA,neighborhood_or_small_area,Primary official,High,present,primary_mapping
GBR,United Kingdom,CCRA-015,Health and basic services access,2,GBR-A001,"ONS Census 2021 — population, age/sex, housing & deprivation dimensions (LSOA/MSOA)",Office for National Statistics (ONS),neighborhood_or_small_area,Primary official,High,present,primary_mapping
GBR,United Kingdom,CCRA-015,Health and basic services access,3,GBR-A005,NHS Digital / ODS health sites + OSM healthcare POIs,NHS England / OSM,facility_or_asset,Primary official,High,present,primary_mapping
GBR,United Kingdom,CCRA-016,Health facility density,1,GBR-A005,NHS Digital / ODS health sites + OSM healthcare POIs,NHS England / OSM,facility_or_asset,Primary official,High,present,primary_mapping
GBR,United Kingdom,CCRA-017,Households in hazard-prone areas,1,GBR-A003,ONS / OS Boundary-Line & Census geographies (OA/LSOA/MSOA/LAD),ONS / Ordnance Survey,neighborhood_or_small_area,Primary official,High,n/a,primary_mapping
GBR,United Kingdom,CCRA-017,Households in hazard-prone areas,2,GBR-A012,BGS GeoSure / landslide susceptibility & mass-movement datasets,British Geological Survey,modeled_grid,Primary official,High,present,primary_mapping
GBR,United Kingdom,CCRA-017,Households in hazard-prone areas,3,GBR-A006,Environment Agency — Risk of Flooding from Rivers and Sea (RoFRS) + climate-change scenarios,Environment Agency (Defra DSP),modeled_grid,Primary official,High,present;2030;2050,primary_mapping
GBR,United Kingdom,CCRA-017,Households in hazard-prone areas,4,GBR-A007,Environment Agency — Risk of Flooding from Surface Water (RoFSW) + climate change,Environment Agency,modeled_grid,Primary official,High,present;2030;2050,primary_mapping
GBR,United Kingdom,CCRA-017,Households in hazard-prone areas,5,GBR-A008,Flood Map for Planning — Flood Zones (+ climate change),Environment Agency,modeled_grid,Primary official,High,present;2030;2050,primary_mapping
GBR,United Kingdom,CCRA-018,Inadequate Sanitation,1,GBR-A001,"ONS Census 2021 — population, age/sex, housing & deprivation dimensions (LSOA/MSOA)",Office for National Statistics (ONS),neighborhood_or_small_area,Primary official,High,present,primary_mapping
GBR,United Kingdom,CCRA-019,Inadequate water access,1,GBR-A001,"ONS Census 2021 — population, age/sex, housing & deprivation dimensions (LSOA/MSOA)",Office for National Statistics (ONS),neighborhood_or_small_area,Primary official,High,present,primary_mapping
GBR,United Kingdom,CCRA-019,Inadequate water access,2,GBR-A026,WRI Aqueduct + water company / EA water resources plans,WRI / water companies / EA,other_or_mixed,Secondary official,Medium,present;2030;2050,primary_mapping
GBR,United Kingdom,CCRA-020,Income,1,GBR-A002,English Indices of Deprivation (IoD/IMD) + Welsh/Scottish/NI IMD,MHCLG / Welsh Government / Scottish Government / NISRA,neighborhood_or_small_area,Primary official,High,present,primary_mapping
GBR,United Kingdom,CCRA-020,Income,2,GBR-A001,"ONS Census 2021 — population, age/sex, housing & deprivation dimensions (LSOA/MSOA)",Office for National Statistics (ONS),neighborhood_or_small_area,Primary official,High,present,primary_mapping
GBR,United Kingdom,CCRA-020,Income,3,GBR-A036,OEF shared city Vulnerability score (age/social screening),Open Earth Foundation,neighborhood_or_small_area,OEF derived screening,High,present,primary_mapping
GBR,United Kingdom,CCRA-021,Industrial GDP share,1,GBR-A020,ONS / OBR National Accounts — agriculture & industry GVA shares,Office for National Statistics,national,Primary official,High,present,primary_mapping
GBR,United Kingdom,CCRA-022,Landslide Susceptibility,1,GBR-A012,BGS GeoSure / landslide susceptibility & mass-movement datasets,British Geological Survey,modeled_grid,Primary official,High,present,primary_mapping
GBR,United Kingdom,CCRA-022,Landslide Susceptibility,2,GBR-A031,OEF Landslide Hazard Score (city screening ensemble),Open Earth Foundation (models/landslide_hazard),modeled_grid,OEF derived screening,High,present,primary_mapping
GBR,United Kingdom,CCRA-022,Landslide Susceptibility,3,GBR-A034,OEF Landslide Risk Score H×E×V (city screening),Open Earth Foundation (landslide_risk),modeled_grid,OEF derived screening,High,present,primary_mapping
GBR,United Kingdom,CCRA-022,Landslide Susceptibility,4,GBR-A013,NASA LHASA + Copernicus DEM (landslide drivers / global hazard),NASA / ESA,modeled_grid,International modeled,Medium,present,primary_mapping
GBR,United Kingdom,CCRA-023,Landslide Threat Index,1,GBR-A012,BGS GeoSure / landslide susceptibility & mass-movement datasets,British Geological Survey,modeled_grid,Primary official,High,present,primary_mapping
GBR,United Kingdom,CCRA-023,Landslide Threat Index,2,GBR-A031,OEF Landslide Hazard Score (city screening ensemble),Open Earth Foundation (models/landslide_hazard),modeled_grid,OEF derived screening,High,present,primary_mapping
GBR,United Kingdom,CCRA-023,Landslide Threat Index,3,GBR-A034,OEF Landslide Risk Score H×E×V (city screening),Open Earth Foundation (landslide_risk),modeled_grid,OEF derived screening,High,present,primary_mapping
GBR,United Kingdom,CCRA-023,Landslide Threat Index,4,GBR-A037,OEF Flood / Heat / Landslide mechanism-type layers (NbS screening),Open Earth Foundation (nbs_*_mechanism_type),modeled_grid,OEF derived screening,Medium,present,primary_mapping
GBR,United Kingdom,CCRA-023,Landslide Threat Index,5,GBR-A013,NASA LHASA + Copernicus DEM (landslide drivers / global hazard),NASA / ESA,modeled_grid,International modeled,Medium,present,primary_mapping
GBR,United Kingdom,CCRA-024,Maximum Consecutive Dry Days (CDD),1,GBR-A011,HadUK-Grid / Met Office drought & extreme rainfall indices,Met Office,modeled_grid,Primary official,High,present,primary_mapping
GBR,United Kingdom,CCRA-024,Maximum Consecutive Dry Days (CDD),2,GBR-A010,UKCP18 / Met Office climate projections + UK Climate Projections user tools,Met Office / Defra,modeled_grid,Primary official,High,present;2030;2050,primary_mapping
GBR,United Kingdom,CCRA-024,Maximum Consecutive Dry Days (CDD),3,GBR-A014,CHIRPS / ERA5-Land / OEF HWM & FRI inputs,UCSB / ECMWF / OEF,modeled_grid,International modeled,High,present;2030;2050,primary_mapping
GBR,United Kingdom,CCRA-025,Maximum Precipitation 5 days (Rx5day),1,GBR-A011,HadUK-Grid / Met Office drought & extreme rainfall indices,Met Office,modeled_grid,Primary official,High,present,primary_mapping
GBR,United Kingdom,CCRA-025,Maximum Precipitation 5 days (Rx5day),2,GBR-A010,UKCP18 / Met Office climate projections + UK Climate Projections user tools,Met Office / Defra,modeled_grid,Primary official,High,present;2030;2050,primary_mapping
GBR,United Kingdom,CCRA-025,Maximum Precipitation 5 days (Rx5day),3,GBR-A014,CHIRPS / ERA5-Land / OEF HWM & FRI inputs,UCSB / ECMWF / OEF,modeled_grid,International modeled,High,present;2030;2050,primary_mapping
GBR,United Kingdom,CCRA-026,Maximum temperature,1,GBR-A011,HadUK-Grid / Met Office drought & extreme rainfall indices,Met Office,modeled_grid,Primary official,High,present,primary_mapping
GBR,United Kingdom,CCRA-026,Maximum temperature,2,GBR-A010,UKCP18 / Met Office climate projections + UK Climate Projections user tools,Met Office / Defra,modeled_grid,Primary official,High,present;2030;2050,primary_mapping
GBR,United Kingdom,CCRA-026,Maximum temperature,3,GBR-A030,OEF Heat Hazard Score (city screening ensemble),Open Earth Foundation (models/heat_hazard),modeled_grid,OEF derived screening,High,present,primary_mapping
GBR,United Kingdom,CCRA-026,Maximum temperature,4,GBR-A033,OEF Heat Risk Score H×E×V (city screening),Open Earth Foundation (heat_risk),modeled_grid,OEF derived screening,High,present,primary_mapping
GBR,United Kingdom,CCRA-026,Maximum temperature,5,GBR-A037,OEF Flood / Heat / Landslide mechanism-type layers (NbS screening),Open Earth Foundation (nbs_*_mechanism_type),modeled_grid,OEF derived screening,Medium,present,primary_mapping
GBR,United Kingdom,CCRA-027,Natural vegetation cover,1,GBR-A017,National Forest Inventory / Forest Research + Hansen GFC + Living England/Wales land cover,Forest Research / JNCC / UMD / EA,modeled_grid,Primary official,High,present,primary_mapping
GBR,United Kingdom,CCRA-028,Population density,1,GBR-A003,ONS / OS Boundary-Line & Census geographies (OA/LSOA/MSOA/LAD),ONS / Ordnance Survey,neighborhood_or_small_area,Primary official,High,n/a,primary_mapping
GBR,United Kingdom,CCRA-028,Population density,2,GBR-A001,"ONS Census 2021 — population, age/sex, housing & deprivation dimensions (LSOA/MSOA)",Office for National Statistics (ONS),neighborhood_or_small_area,Primary official,High,present,primary_mapping
GBR,United Kingdom,CCRA-028,Population density,3,GBR-A035,OEF shared city Exposure score (population density screening),Open Earth Foundation,neighborhood_or_small_area,OEF derived screening,High,present,primary_mapping
GBR,United Kingdom,CCRA-028,Population density,4,GBR-A032,OEF Flood Risk Score H×E×V (city screening),Open Earth Foundation (flood_risk),modeled_grid,OEF derived screening,High,present,primary_mapping
GBR,United Kingdom,CCRA-028,Population density,5,GBR-A033,OEF Heat Risk Score H×E×V (city screening),Open Earth Foundation (heat_risk),modeled_grid,OEF derived screening,High,present,primary_mapping
GBR,United Kingdom,CCRA-029,Port infrastructures,1,GBR-A022,DfT / port authorities — UK port infrastructure & maritime statistics,Department for Transport / port authorities,facility_or_asset,Primary official,High,present,primary_mapping
GBR,United Kingdom,CCRA-029,Port infrastructures,2,GBR-A009,National Coastal Erosion Risk Mapping (NCERM) 2024,Environment Agency,modeled_grid,Primary official,High,present;2030;2050,primary_mapping
GBR,United Kingdom,CCRA-029,Port infrastructures,3,GBR-A021,"OS Open Roads / OpenMap / OSM — roads, rail, ports, buildings",Ordnance Survey / OSM,facility_or_asset,Primary official,High,present,primary_mapping
GBR,United Kingdom,CCRA-029,Port infrastructures,4,GBR-A015,UK sea-level projections (UKCP18 marine / MCCIP) + EA coastal flood products,Met Office / MCCIP / Environment Agency,modeled_grid,Primary official,High,present;2030;2050,primary_mapping
GBR,United Kingdom,CCRA-030,Power generation facilities,1,GBR-A023,DESNZ DUKES / Digest of UK Energy Statistics; subnational electricity & gas; WRI power plants,DESNZ / WRI,neighborhood_or_small_area,Primary official,High,present,primary_mapping
GBR,United Kingdom,CCRA-031,Protected areas,1,GBR-A018,Natural England / NRW / NatureScot protected sites + WDPA,Natural England / NRW / NatureScot / JNCC,facility_or_asset,Primary official,High,present,primary_mapping
GBR,United Kingdom,CCRA-032,Railroad density,1,GBR-A021,"OS Open Roads / OpenMap / OSM — roads, rail, ports, buildings",Ordnance Survey / OSM,facility_or_asset,Primary official,High,present,primary_mapping
GBR,United Kingdom,CCRA-033,Relative humidity,1,GBR-A010,UKCP18 / Met Office climate projections + UK Climate Projections user tools,Met Office / Defra,modeled_grid,Primary official,High,present;2030;2050,primary_mapping
GBR,United Kingdom,CCRA-033,Relative humidity,2,GBR-A014,CHIRPS / ERA5-Land / OEF HWM & FRI inputs,UCSB / ECMWF / OEF,modeled_grid,International modeled,High,present;2030;2050,primary_mapping
GBR,United Kingdom,CCRA-034,Road density,1,GBR-A021,"OS Open Roads / OpenMap / OSM — roads, rail, ports, buildings",Ordnance Survey / OSM,facility_or_asset,Primary official,High,present,primary_mapping
GBR,United Kingdom,CCRA-035,Sea Level change,1,GBR-A006,Environment Agency — Risk of Flooding from Rivers and Sea (RoFRS) + climate-change scenarios,Environment Agency (Defra DSP),modeled_grid,Primary official,High,present;2030;2050,primary_mapping
GBR,United Kingdom,CCRA-035,Sea Level change,2,GBR-A009,National Coastal Erosion Risk Mapping (NCERM) 2024,Environment Agency,modeled_grid,Primary official,High,present;2030;2050,primary_mapping
GBR,United Kingdom,CCRA-035,Sea Level change,3,GBR-A015,UK sea-level projections (UKCP18 marine / MCCIP) + EA coastal flood products,Met Office / MCCIP / Environment Agency,modeled_grid,Primary official,High,present;2030;2050,primary_mapping
GBR,United Kingdom,CCRA-036,Standardized Precipitation Evapotranspiration Index (SPEI),1,GBR-A011,HadUK-Grid / Met Office drought & extreme rainfall indices,Met Office,modeled_grid,Primary official,High,present,primary_mapping
GBR,United Kingdom,CCRA-036,Standardized Precipitation Evapotranspiration Index (SPEI),2,GBR-A010,UKCP18 / Met Office climate projections + UK Climate Projections user tools,Met Office / Defra,modeled_grid,Primary official,High,present;2030;2050,primary_mapping
GBR,United Kingdom,CCRA-036,Standardized Precipitation Evapotranspiration Index (SPEI),3,GBR-A014,CHIRPS / ERA5-Land / OEF HWM & FRI inputs,UCSB / ECMWF / OEF,modeled_grid,International modeled,High,present;2030;2050,primary_mapping
GBR,United Kingdom,CCRA-037,Total precipitation,1,GBR-A011,HadUK-Grid / Met Office drought & extreme rainfall indices,Met Office,modeled_grid,Primary official,High,present,primary_mapping
GBR,United Kingdom,CCRA-037,Total precipitation,2,GBR-A010,UKCP18 / Met Office climate projections + UK Climate Projections user tools,Met Office / Defra,modeled_grid,Primary official,High,present;2030;2050,primary_mapping
GBR,United Kingdom,CCRA-038,Urban infrastructure social vulnerability,1,GBR-A002,English Indices of Deprivation (IoD/IMD) + Welsh/Scottish/NI IMD,MHCLG / Welsh Government / Scottish Government / NISRA,neighborhood_or_small_area,Primary official,High,present,primary_mapping
GBR,United Kingdom,CCRA-038,Urban infrastructure social vulnerability,2,GBR-A001,"ONS Census 2021 — population, age/sex, housing & deprivation dimensions (LSOA/MSOA)",Office for National Statistics (ONS),neighborhood_or_small_area,Primary official,High,present,primary_mapping
GBR,United Kingdom,CCRA-038,Urban infrastructure social vulnerability,3,GBR-A021,"OS Open Roads / OpenMap / OSM — roads, rail, ports, buildings",Ordnance Survey / OSM,facility_or_asset,Primary official,High,present,primary_mapping
GBR,United Kingdom,CCRA-038,Urban infrastructure social vulnerability,4,GBR-A036,OEF shared city Vulnerability score (age/social screening),Open Earth Foundation,neighborhood_or_small_area,OEF derived screening,High,present,primary_mapping
GBR,United Kingdom,CCRA-038,Urban infrastructure social vulnerability,5,GBR-A025,Microsoft / OS Open Buildings footprints,Microsoft / Ordnance Survey,facility_or_asset,International modeled,Medium,present,primary_mapping
GBR,United Kingdom,CCRA-039,Urban stormwater drainage coverage,1,GBR-A007,Environment Agency — Risk of Flooding from Surface Water (RoFSW) + climate change,Environment Agency,modeled_grid,Primary official,High,present;2030;2050,related_proxy
GBR,United Kingdom,CCRA-039,Urban stormwater drainage coverage,2,GBR-A037,OEF Flood / Heat / Landslide mechanism-type layers (NbS screening),Open Earth Foundation (nbs_*_mechanism_type),modeled_grid,OEF derived screening,Medium,present,related_proxy
GBR,United Kingdom,CCRA-040,Waste Collection,1,GBR-A001,"ONS Census 2021 — population, age/sex, housing & deprivation dimensions (LSOA/MSOA)",Office for National Statistics (ONS),neighborhood_or_small_area,Primary official,High,present,primary_mapping
GBR,United Kingdom,CCRA-041,Water security index,1,GBR-A026,WRI Aqueduct + water company / EA water resources plans,WRI / water companies / EA,other_or_mixed,Secondary official,Medium,present;2030;2050,primary_mapping
MEX,Mexico,CCRA-001,Age Distribution,1,MEX-A001,INEGI Censo de Población y Vivienda 2020 — Principales resultados por AGEB y manzana urbana,Instituto Nacional de Estadística y Geografía (INEGI),neighborhood_or_small_area,Primary official,High,present,primary_mapping
MEX,Mexico,CCRA-001,Age Distribution,2,MEX-A036,OEF shared city Vulnerability score (age/social screening),Open Earth Foundation,neighborhood_or_small_area,OEF derived screening,High,present,primary_mapping
MEX,Mexico,CCRA-001,Age Distribution,3,MEX-A033,OEF Heat Risk Score H×E×V (city screening),Open Earth Foundation (heat_risk),modeled_grid,OEF derived screening,High,present,primary_mapping
MEX,Mexico,CCRA-002,Agricultural GDP share,1,MEX-A013,INEGI Censo Agropecuario / SIAP land use & irrigation statistics,INEGI / SIAP–SADER,state_or_province,Primary official,High,present,primary_mapping
MEX,Mexico,CCRA-002,Agricultural GDP share,2,MEX-A017,INEGI SCN / Cuentas por sectores — agroindustria e industria (PIB shares),INEGI,national,Primary official,High,present,primary_mapping
MEX,Mexico,CCRA-003,Agricultural establishment density,1,MEX-A013,INEGI Censo Agropecuario / SIAP land use & irrigation statistics,INEGI / SIAP–SADER,state_or_province,Primary official,High,present,primary_mapping
MEX,Mexico,CCRA-004,Agricultural land area,1,MEX-A013,INEGI Censo Agropecuario / SIAP land use & irrigation statistics,INEGI / SIAP–SADER,state_or_province,Primary official,High,present,primary_mapping
MEX,Mexico,CCRA-005,Areas of global conservation value,1,MEX-A015,CONANP / CONABIO Áreas Naturales Protegidas + WDPA México,CONANP / CONABIO / UNEP-WCMC,facility_or_asset,Primary official,High,present,primary_mapping
MEX,Mexico,CCRA-005,Areas of global conservation value,2,MEX-A016,Biodiversity Intactness Index + KBAs (México),NHM / BirdLife,modeled_grid,Research/NGO,Medium,present,primary_mapping
MEX,Mexico,CCRA-006,Biodiversity Intactness Index (BII),1,MEX-A016,Biodiversity Intactness Index + KBAs (México),NHM / BirdLife,modeled_grid,Research/NGO,Medium,present,primary_mapping
MEX,Mexico,CCRA-007,Confirmed disease cases,1,MEX-A005,CLUES / SSA establecimientos de salud + OSM healthcare POIs,Secretaría de Salud / DGIS / OSM,facility_or_asset,Primary official,High,present,primary_mapping
MEX,Mexico,CCRA-008,Dependence on large-scale irrigation,1,MEX-A013,INEGI Censo Agropecuario / SIAP land use & irrigation statistics,INEGI / SIAP–SADER,state_or_province,Primary official,High,present,primary_mapping
MEX,Mexico,CCRA-009,Electricity consumption,1,MEX-A019,CENACE / CFE / CRE generation registers + WRI Global Power Plant Database,CENACE / CFE / CRE / WRI,facility_or_asset,Primary official,High,present,primary_mapping
MEX,Mexico,CCRA-009,Electricity consumption,2,MEX-A020,SENER BNE/SIE electricity sales; Census dwelling electricity & CONEVAL energy-related carencias,SENER / INEGI / CONEVAL,other_or_mixed,Primary official,Medium,present,primary_mapping
MEX,Mexico,CCRA-010,Energy poverty,1,MEX-A002,CONEVAL Grado de Rezago Social AGEB urbana 2020 + estimaciones de pobreza urbana (AGEB/localidad),CONEVAL,neighborhood_or_small_area,Primary official,High,present,primary_mapping
MEX,Mexico,CCRA-010,Energy poverty,2,MEX-A001,INEGI Censo de Población y Vivienda 2020 — Principales resultados por AGEB y manzana urbana,Instituto Nacional de Estadística y Geografía (INEGI),neighborhood_or_small_area,Primary official,High,present,primary_mapping
MEX,Mexico,CCRA-010,Energy poverty,3,MEX-A020,SENER BNE/SIE electricity sales; Census dwelling electricity & CONEVAL energy-related carencias,SENER / INEGI / CONEVAL,other_or_mixed,Primary official,Medium,present,primary_mapping
MEX,Mexico,CCRA-011,Flood Threat Index,1,MEX-A006,CENAPRED Atlas Nacional de Riesgos — peligro/vulnerabilidad por inundación + catálogo de inundaciones,CENAPRED,modeled_grid,Primary official,High,present,primary_mapping
MEX,Mexico,CCRA-011,Flood Threat Index,2,MEX-A007,Atlas estatales/municipales de riesgos + CONAGUA puntos críticos de inundación,Estados / municipios / CONAGUA–CENAPRED,other_or_mixed,Primary official,High,present,primary_mapping
MEX,Mexico,CCRA-011,Flood Threat Index,3,MEX-A029,OEF Flood Hazard Score (city screening ensemble),Open Earth Foundation (models/flood_hazard),modeled_grid,OEF derived screening,High,present,primary_mapping
MEX,Mexico,CCRA-011,Flood Threat Index,4,MEX-A032,OEF Flood Risk Score H×E×V (city screening),Open Earth Foundation (flood_risk),modeled_grid,OEF derived screening,High,present,primary_mapping
MEX,Mexico,CCRA-011,Flood Threat Index,5,MEX-A028,OEF CHIRPS–COPDEM Flood Risk Index (FRI) — present+SSP,Open Earth Foundation,modeled_grid,OEF derived screening,Medium,present;2030;2050,primary_mapping
MEX,Mexico,CCRA-012,Food production and marketing,1,MEX-A013,INEGI Censo Agropecuario / SIAP land use & irrigation statistics,INEGI / SIAP–SADER,state_or_province,Primary official,High,present,primary_mapping
MEX,Mexico,CCRA-013,Forest cover,1,MEX-A014,CONAFOR INFyS / MAD-MEX land cover + Hansen GFC,CONAFOR / CONABIO / UMD,modeled_grid,Primary official,High,present,primary_mapping
MEX,Mexico,CCRA-014,Forest loss,1,MEX-A014,CONAFOR INFyS / MAD-MEX land cover + Hansen GFC,CONAFOR / CONABIO / UMD,modeled_grid,Primary official,High,present,primary_mapping
MEX,Mexico,CCRA-015,Health and basic services access,1,MEX-A002,CONEVAL Grado de Rezago Social AGEB urbana 2020 + estimaciones de pobreza urbana (AGEB/localidad),CONEVAL,neighborhood_or_small_area,Primary official,High,present,primary_mapping
MEX,Mexico,CCRA-015,Health and basic services access,2,MEX-A001,INEGI Censo de Población y Vivienda 2020 — Principales resultados por AGEB y manzana urbana,Instituto Nacional de Estadística y Geografía (INEGI),neighborhood_or_small_area,Primary official,High,present,primary_mapping
MEX,Mexico,CCRA-015,Health and basic services access,3,MEX-A005,CLUES / SSA establecimientos de salud + OSM healthcare POIs,Secretaría de Salud / DGIS / OSM,facility_or_asset,Primary official,High,present,primary_mapping
MEX,Mexico,CCRA-016,Health facility density,1,MEX-A005,CLUES / SSA establecimientos de salud + OSM healthcare POIs,Secretaría de Salud / DGIS / OSM,facility_or_asset,Primary official,High,present,primary_mapping
MEX,Mexico,CCRA-017,Households in hazard-prone areas,1,MEX-A003,INEGI Marco Geoestadístico — AGEB / manzana / municipio / entidad,INEGI,neighborhood_or_small_area,Primary official,High,n/a,primary_mapping
MEX,Mexico,CCRA-017,Households in hazard-prone areas,2,MEX-A006,CENAPRED Atlas Nacional de Riesgos — peligro/vulnerabilidad por inundación + catálogo de inundaciones,CENAPRED,modeled_grid,Primary official,High,present,primary_mapping
MEX,Mexico,CCRA-017,Households in hazard-prone areas,3,MEX-A009,CENAPRED Mapa Nacional de Susceptibilidad por Inestabilidad de Laderas (2020) + NASA LHASA/DEM drivers,CENAPRED / NASA / ESA,modeled_grid,Primary official,High,present,primary_mapping
MEX,Mexico,CCRA-017,Households in hazard-prone areas,4,MEX-A007,Atlas estatales/municipales de riesgos + CONAGUA puntos críticos de inundación,Estados / municipios / CONAGUA–CENAPRED,other_or_mixed,Primary official,High,present,primary_mapping
MEX,Mexico,CCRA-017,Households in hazard-prone areas,5,MEX-A018,"INEGI / OSM — carretera, ferrocarril, puertos, edificios; Microsoft footprints",INEGI / OSM / Microsoft,facility_or_asset,Secondary official,High,present,primary_mapping
MEX,Mexico,CCRA-018,Inadequate Sanitation,1,MEX-A001,INEGI Censo de Población y Vivienda 2020 — Principales resultados por AGEB y manzana urbana,Instituto Nacional de Estadística y Geografía (INEGI),neighborhood_or_small_area,Primary official,High,present,primary_mapping
MEX,Mexico,CCRA-019,Inadequate water access,1,MEX-A001,INEGI Censo de Población y Vivienda 2020 — Principales resultados por AGEB y manzana urbana,Instituto Nacional de Estadística y Geografía (INEGI),neighborhood_or_small_area,Primary official,High,present,primary_mapping
MEX,Mexico,CCRA-019,Inadequate water access,2,MEX-A021,CONAGUA REPDA / availability & drought monitors; organismos operadores urban water,CONAGUA / organismos operadores,other_or_mixed,Primary official,High,present,primary_mapping
MEX,Mexico,CCRA-020,Income,1,MEX-A002,CONEVAL Grado de Rezago Social AGEB urbana 2020 + estimaciones de pobreza urbana (AGEB/localidad),CONEVAL,neighborhood_or_small_area,Primary official,High,present,primary_mapping
MEX,Mexico,CCRA-020,Income,2,MEX-A001,INEGI Censo de Población y Vivienda 2020 — Principales resultados por AGEB y manzana urbana,Instituto Nacional de Estadística y Geografía (INEGI),neighborhood_or_small_area,Primary official,High,present,primary_mapping
MEX,Mexico,CCRA-020,Income,3,MEX-A036,OEF shared city Vulnerability score (age/social screening),Open Earth Foundation,neighborhood_or_small_area,OEF derived screening,High,present,primary_mapping
MEX,Mexico,CCRA-021,Industrial GDP share,1,MEX-A017,INEGI SCN / Cuentas por sectores — agroindustria e industria (PIB shares),INEGI,national,Primary official,High,present,primary_mapping
MEX,Mexico,CCRA-022,Landslide Susceptibility,1,MEX-A009,CENAPRED Mapa Nacional de Susceptibilidad por Inestabilidad de Laderas (2020) + NASA LHASA/DEM drivers,CENAPRED / NASA / ESA,modeled_grid,Primary official,High,present,primary_mapping
MEX,Mexico,CCRA-022,Landslide Susceptibility,2,MEX-A031,OEF Landslide Hazard Score (city screening ensemble),Open Earth Foundation (models/landslide_hazard),modeled_grid,OEF derived screening,High,present,primary_mapping
MEX,Mexico,CCRA-022,Landslide Susceptibility,3,MEX-A034,OEF Landslide Risk Score H×E×V (city screening),Open Earth Foundation (landslide_risk),modeled_grid,OEF derived screening,High,present,primary_mapping
MEX,Mexico,CCRA-023,Landslide Threat Index,1,MEX-A009,CENAPRED Mapa Nacional de Susceptibilidad por Inestabilidad de Laderas (2020) + NASA LHASA/DEM drivers,CENAPRED / NASA / ESA,modeled_grid,Primary official,High,present,primary_mapping
MEX,Mexico,CCRA-023,Landslide Threat Index,2,MEX-A031,OEF Landslide Hazard Score (city screening ensemble),Open Earth Foundation (models/landslide_hazard),modeled_grid,OEF derived screening,High,present,primary_mapping
MEX,Mexico,CCRA-023,Landslide Threat Index,3,MEX-A034,OEF Landslide Risk Score H×E×V (city screening),Open Earth Foundation (landslide_risk),modeled_grid,OEF derived screening,High,present,primary_mapping
MEX,Mexico,CCRA-023,Landslide Threat Index,4,MEX-A037,OEF Flood / Heat / Landslide mechanism-type layers (NbS screening),Open Earth Foundation (nbs_*_mechanism_type),modeled_grid,OEF derived screening,Medium,present,primary_mapping
MEX,Mexico,CCRA-024,Maximum Consecutive Dry Days (CDD),1,MEX-A010,SMN / CONAGUA climate + INECC escenarios de cambio climático (proyecciones nacionales),SMN / CONAGUA / INECC,modeled_grid,Primary official,High,present;2030;2050,primary_mapping
MEX,Mexico,CCRA-024,Maximum Consecutive Dry Days (CDD),2,MEX-A011,CHIRPS + ERA5-Land extremes / OEF HWM & FRI inputs,UCSB CHIRPS / ECMWF / OEF,modeled_grid,International modeled,High,present;2030;2050,primary_mapping
MEX,Mexico,CCRA-025,Maximum Precipitation 5 days (Rx5day),1,MEX-A010,SMN / CONAGUA climate + INECC escenarios de cambio climático (proyecciones nacionales),SMN / CONAGUA / INECC,modeled_grid,Primary official,High,present;2030;2050,primary_mapping
MEX,Mexico,CCRA-025,Maximum Precipitation 5 days (Rx5day),2,MEX-A011,CHIRPS + ERA5-Land extremes / OEF HWM & FRI inputs,UCSB CHIRPS / ECMWF / OEF,modeled_grid,International modeled,High,present;2030;2050,primary_mapping
MEX,Mexico,CCRA-026,Maximum temperature,1,MEX-A010,SMN / CONAGUA climate + INECC escenarios de cambio climático (proyecciones nacionales),SMN / CONAGUA / INECC,modeled_grid,Primary official,High,present;2030;2050,primary_mapping
MEX,Mexico,CCRA-026,Maximum temperature,2,MEX-A030,OEF Heat Hazard Score (city screening ensemble),Open Earth Foundation (models/heat_hazard),modeled_grid,OEF derived screening,High,present,primary_mapping
MEX,Mexico,CCRA-026,Maximum temperature,3,MEX-A033,OEF Heat Risk Score H×E×V (city screening),Open Earth Foundation (heat_risk),modeled_grid,OEF derived screening,High,present,primary_mapping
MEX,Mexico,CCRA-026,Maximum temperature,4,MEX-A037,OEF Flood / Heat / Landslide mechanism-type layers (NbS screening),Open Earth Foundation (nbs_*_mechanism_type),modeled_grid,OEF derived screening,Medium,present,primary_mapping
MEX,Mexico,CCRA-026,Maximum temperature,5,MEX-A011,CHIRPS + ERA5-Land extremes / OEF HWM & FRI inputs,UCSB CHIRPS / ECMWF / OEF,modeled_grid,International modeled,High,present;2030;2050,primary_mapping
MEX,Mexico,CCRA-027,Natural vegetation cover,1,MEX-A014,CONAFOR INFyS / MAD-MEX land cover + Hansen GFC,CONAFOR / CONABIO / UMD,modeled_grid,Primary official,High,present,primary_mapping
MEX,Mexico,CCRA-028,Population density,1,MEX-A001,INEGI Censo de Población y Vivienda 2020 — Principales resultados por AGEB y manzana urbana,Instituto Nacional de Estadística y Geografía (INEGI),neighborhood_or_small_area,Primary official,High,present,primary_mapping
MEX,Mexico,CCRA-028,Population density,2,MEX-A035,OEF shared city Exposure score (population density screening),Open Earth Foundation,neighborhood_or_small_area,OEF derived screening,High,present,primary_mapping
MEX,Mexico,CCRA-028,Population density,3,MEX-A032,OEF Flood Risk Score H×E×V (city screening),Open Earth Foundation (flood_risk),modeled_grid,OEF derived screening,High,present,primary_mapping
MEX,Mexico,CCRA-028,Population density,4,MEX-A033,OEF Heat Risk Score H×E×V (city screening),Open Earth Foundation (heat_risk),modeled_grid,OEF derived screening,High,present,primary_mapping
MEX,Mexico,CCRA-028,Population density,5,MEX-A034,OEF Landslide Risk Score H×E×V (city screening),Open Earth Foundation (landslide_risk),modeled_grid,OEF derived screening,High,present,primary_mapping
MEX,Mexico,CCRA-029,Port infrastructures,1,MEX-A012,INECC / SEMARNAT coastal vulnerability & SLR studies + tide gauges; IPCC AR6 regional SLR,INECC / SEMARNAT / UNAM / IPCC,other_or_mixed,Primary official,Medium,present;2030;2050,primary_mapping
MEX,Mexico,CCRA-029,Port infrastructures,2,MEX-A023,API / SCT / SEMAR ports & OSM harbour features,Administración Portuaria Integral / SCT / OSM,facility_or_asset,Secondary official,Medium,present,primary_mapping
MEX,Mexico,CCRA-030,Power generation facilities,1,MEX-A019,CENACE / CFE / CRE generation registers + WRI Global Power Plant Database,CENACE / CFE / CRE / WRI,facility_or_asset,Primary official,High,present,primary_mapping
MEX,Mexico,CCRA-031,Protected areas,1,MEX-A015,CONANP / CONABIO Áreas Naturales Protegidas + WDPA México,CONANP / CONABIO / UNEP-WCMC,facility_or_asset,Primary official,High,present,primary_mapping
MEX,Mexico,CCRA-032,Railroad density,1,MEX-A018,"INEGI / OSM — carretera, ferrocarril, puertos, edificios; Microsoft footprints",INEGI / OSM / Microsoft,facility_or_asset,Secondary official,High,present,primary_mapping
MEX,Mexico,CCRA-033,Relative humidity,1,MEX-A010,SMN / CONAGUA climate + INECC escenarios de cambio climático (proyecciones nacionales),SMN / CONAGUA / INECC,modeled_grid,Primary official,High,present;2030;2050,primary_mapping
MEX,Mexico,CCRA-033,Relative humidity,2,MEX-A011,CHIRPS + ERA5-Land extremes / OEF HWM & FRI inputs,UCSB CHIRPS / ECMWF / OEF,modeled_grid,International modeled,High,present;2030;2050,primary_mapping
MEX,Mexico,CCRA-034,Road density,1,MEX-A018,"INEGI / OSM — carretera, ferrocarril, puertos, edificios; Microsoft footprints",INEGI / OSM / Microsoft,facility_or_asset,Secondary official,High,present,primary_mapping
MEX,Mexico,CCRA-035,Sea Level change,1,MEX-A010,SMN / CONAGUA climate + INECC escenarios de cambio climático (proyecciones nacionales),SMN / CONAGUA / INECC,modeled_grid,Primary official,High,present;2030;2050,primary_mapping
MEX,Mexico,CCRA-035,Sea Level change,2,MEX-A012,INECC / SEMARNAT coastal vulnerability & SLR studies + tide gauges; IPCC AR6 regional SLR,INECC / SEMARNAT / UNAM / IPCC,other_or_mixed,Primary official,Medium,present;2030;2050,primary_mapping
MEX,Mexico,CCRA-036,Standardized Precipitation Evapotranspiration Index (SPEI),1,MEX-A010,SMN / CONAGUA climate + INECC escenarios de cambio climático (proyecciones nacionales),SMN / CONAGUA / INECC,modeled_grid,Primary official,High,present;2030;2050,primary_mapping
MEX,Mexico,CCRA-036,Standardized Precipitation Evapotranspiration Index (SPEI),2,MEX-A021,CONAGUA REPDA / availability & drought monitors; organismos operadores urban water,CONAGUA / organismos operadores,other_or_mixed,Primary official,High,present,primary_mapping
MEX,Mexico,CCRA-036,Standardized Precipitation Evapotranspiration Index (SPEI),3,MEX-A011,CHIRPS + ERA5-Land extremes / OEF HWM & FRI inputs,UCSB CHIRPS / ECMWF / OEF,modeled_grid,International modeled,High,present;2030;2050,primary_mapping
MEX,Mexico,CCRA-037,Total precipitation,1,MEX-A010,SMN / CONAGUA climate + INECC escenarios de cambio climático (proyecciones nacionales),SMN / CONAGUA / INECC,modeled_grid,Primary official,High,present;2030;2050,primary_mapping
MEX,Mexico,CCRA-037,Total precipitation,2,MEX-A011,CHIRPS + ERA5-Land extremes / OEF HWM & FRI inputs,UCSB CHIRPS / ECMWF / OEF,modeled_grid,International modeled,High,present;2030;2050,primary_mapping
MEX,Mexico,CCRA-038,Urban infrastructure social vulnerability,1,MEX-A002,CONEVAL Grado de Rezago Social AGEB urbana 2020 + estimaciones de pobreza urbana (AGEB/localidad),CONEVAL,neighborhood_or_small_area,Primary official,High,present,primary_mapping
MEX,Mexico,CCRA-038,Urban infrastructure social vulnerability,2,MEX-A001,INEGI Censo de Población y Vivienda 2020 — Principales resultados por AGEB y manzana urbana,Instituto Nacional de Estadística y Geografía (INEGI),neighborhood_or_small_area,Primary official,High,present,primary_mapping
MEX,Mexico,CCRA-038,Urban infrastructure social vulnerability,3,MEX-A018,"INEGI / OSM — carretera, ferrocarril, puertos, edificios; Microsoft footprints",INEGI / OSM / Microsoft,facility_or_asset,Secondary official,High,present,primary_mapping
MEX,Mexico,CCRA-038,Urban infrastructure social vulnerability,4,MEX-A036,OEF shared city Vulnerability score (age/social screening),Open Earth Foundation,neighborhood_or_small_area,OEF derived screening,High,present,primary_mapping
MEX,Mexico,CCRA-040,Waste Collection,1,MEX-A022,SEMARNAT residuos / INEGI waste statistics + municipal collection open data,SEMARNAT / INEGI / municipios,city_or_municipality,Secondary official,Medium,present,primary_mapping
MEX,Mexico,CCRA-041,Water security index,1,MEX-A010,SMN / CONAGUA climate + INECC escenarios de cambio climático (proyecciones nacionales),SMN / CONAGUA / INECC,modeled_grid,Primary official,High,present;2030;2050,primary_mapping
MEX,Mexico,CCRA-041,Water security index,2,MEX-A021,CONAGUA REPDA / availability & drought monitors; organismos operadores urban water,CONAGUA / organismos operadores,other_or_mixed,Primary official,High,present,primary_mapping
PHL,Philippines,CCRA-001,Age Distribution,1,PHL-A001,"PSA Census of Population and Housing 2020 — barangay population, age/sex, housing & WASH",Philippine Statistics Authority (PSA),neighborhood_or_small_area,Primary official,High,present,primary_mapping
PHL,Philippines,CCRA-001,Age Distribution,2,PHL-A042,OEF shared city Vulnerability score (age/social screening),Open Earth Foundation,neighborhood_or_small_area,OEF derived screening,High,present,primary_mapping
PHL,Philippines,CCRA-001,Age Distribution,3,PHL-A039,OEF Heat Risk Score H×E×V (city screening),Open Earth Foundation (heat_risk),modeled_grid,OEF derived screening,High,present,primary_mapping
PHL,Philippines,CCRA-001,Age Distribution,4,PHL-A004,"WorldPop constrained population & age-sex (PHL, ~100 m)",WorldPop / University of Southampton,modeled_grid,International modeled,High,present;2030,primary_mapping
PHL,Philippines,CCRA-001,Age Distribution,5,PHL-A033,HeiGIT / HDX risk assessment style composites (if published) + COD population joins,Humanitarian partners / HDX,state_or_province,Research/NGO,Medium,present,primary_mapping
PHL,Philippines,CCRA-002,Agricultural GDP share,1,PHL-A023,PSA / DA agriculture & fisheries statistics (OpenSTAT),PSA / Department of Agriculture,state_or_province,Primary official,High,present,primary_mapping
PHL,Philippines,CCRA-002,Agricultural GDP share,2,PHL-A025,PSA National Accounts — agriculture & industry GDP shares,Philippine Statistics Authority,national,Primary official,High,present,primary_mapping
PHL,Philippines,CCRA-003,Agricultural establishment density,1,PHL-A023,PSA / DA agriculture & fisheries statistics (OpenSTAT),PSA / Department of Agriculture,state_or_province,Primary official,High,present,primary_mapping
PHL,Philippines,CCRA-004,Agricultural land area,1,PHL-A023,PSA / DA agriculture & fisheries statistics (OpenSTAT),PSA / Department of Agriculture,state_or_province,Primary official,High,present,primary_mapping
PHL,Philippines,CCRA-004,Agricultural land area,2,PHL-A024,NIA / DA irrigation service areas + FAO WaPOR,National Irrigation Administration / FAO,facility_or_asset,Primary official,Medium,present,primary_mapping
PHL,Philippines,CCRA-004,Agricultural land area,3,PHL-A020,ESA WorldCover / Dynamic World + NAMRIA land cover,ESA / Google+WRI / NAMRIA,modeled_grid,International modeled,High,present,primary_mapping
PHL,Philippines,CCRA-005,Areas of global conservation value,1,PHL-A021,World Database on Protected Areas (WDPA) + NIPAS sites,UNEP-WCMC / DENR-BMB,facility_or_asset,International modeled,High,present,primary_mapping
PHL,Philippines,CCRA-005,Areas of global conservation value,2,PHL-A022,Biodiversity Intactness Index (BII) + KBAs,NHM / BirdLife KBA Partnership,modeled_grid,Research/NGO,Medium,present,primary_mapping
PHL,Philippines,CCRA-006,Biodiversity Intactness Index (BII),1,PHL-A022,Biodiversity Intactness Index (BII) + KBAs,NHM / BirdLife KBA Partnership,modeled_grid,Research/NGO,Medium,present,primary_mapping
PHL,Philippines,CCRA-007,Confirmed disease cases,1,PHL-A006,"NDHS / DHS Philippines — health, WASH, nutrition",PSA / The DHS Program,state_or_province,Secondary official,High,present,primary_mapping
PHL,Philippines,CCRA-008,Dependence on large-scale irrigation,1,PHL-A023,PSA / DA agriculture & fisheries statistics (OpenSTAT),PSA / Department of Agriculture,state_or_province,Primary official,High,present,primary_mapping
PHL,Philippines,CCRA-008,Dependence on large-scale irrigation,2,PHL-A024,NIA / DA irrigation service areas + FAO WaPOR,National Irrigation Administration / FAO,facility_or_asset,Primary official,Medium,present,primary_mapping
PHL,Philippines,CCRA-009,Electricity consumption,1,PHL-A030,DOE Power Statistics / Meralco & electric cooperative sales; HECS,DOE / distribution utilities / PSA HECS,other_or_mixed,Primary official,High,present,primary_mapping
PHL,Philippines,CCRA-010,Energy poverty,1,PHL-A002,PSA poverty statistics (FIES / SAE) + OpenSTAT poverty,Philippine Statistics Authority (PSA),city_or_municipality,Primary official,High,present,primary_mapping
PHL,Philippines,CCRA-010,Energy poverty,2,PHL-A030,DOE Power Statistics / Meralco & electric cooperative sales; HECS,DOE / distribution utilities / PSA HECS,other_or_mixed,Primary official,High,present,primary_mapping
PHL,Philippines,CCRA-011,Flood Threat Index,1,PHL-A007,Project NOAH — Flood hazard maps (5 / 25 / 100-year return periods),DOST / UP Resilience Institute (Project NOAH),modeled_grid,Primary official,High,present,primary_mapping
PHL,Philippines,CCRA-011,Flood Threat Index,2,PHL-A035,OEF Flood Hazard Score (city screening ensemble),Open Earth Foundation (models/flood_hazard),modeled_grid,OEF derived screening,High,present,primary_mapping
PHL,Philippines,CCRA-011,Flood Threat Index,3,PHL-A038,OEF Flood Risk Score H×E×V (city screening),Open Earth Foundation (flood_risk),modeled_grid,OEF derived screening,High,present,primary_mapping
PHL,Philippines,CCRA-011,Flood Threat Index,4,PHL-A034,OEF CHIRPS–COPDEM Flood Risk Index (FRI) — global/present+SSP,Open Earth Foundation,modeled_grid,OEF derived screening,Medium,present;2030;2050,primary_mapping
PHL,Philippines,CCRA-011,Flood Threat Index,5,PHL-A043,OEF Flood / Heat / Landslide mechanism-type layers (NbS screening),Open Earth Foundation (nbs_*_mechanism_type),modeled_grid,OEF derived screening,Medium,present,primary_mapping
PHL,Philippines,CCRA-012,Food production and marketing,1,PHL-A023,PSA / DA agriculture & fisheries statistics (OpenSTAT),PSA / Department of Agriculture,state_or_province,Primary official,High,present,primary_mapping
PHL,Philippines,CCRA-013,Forest cover,1,PHL-A020,ESA WorldCover / Dynamic World + NAMRIA land cover,ESA / Google+WRI / NAMRIA,modeled_grid,International modeled,High,present,primary_mapping
PHL,Philippines,CCRA-013,Forest cover,2,PHL-A019,Hansen Global Forest Change (treecover / loss),UMD / GLAD,modeled_grid,International modeled,High,present,primary_mapping
PHL,Philippines,CCRA-014,Forest loss,1,PHL-A019,Hansen Global Forest Change (treecover / loss),UMD / GLAD,modeled_grid,International modeled,High,present,primary_mapping
PHL,Philippines,CCRA-015,Health and basic services access,1,PHL-A001,"PSA Census of Population and Housing 2020 — barangay population, age/sex, housing & WASH",Philippine Statistics Authority (PSA),neighborhood_or_small_area,Primary official,High,present,primary_mapping
PHL,Philippines,CCRA-015,Health and basic services access,2,PHL-A027,DOH National Health Facility Registry / healthsites.io,Department of Health / healthsites.io,facility_or_asset,Primary official,Medium,present,primary_mapping
PHL,Philippines,CCRA-015,Health and basic services access,3,PHL-A006,"NDHS / DHS Philippines — health, WASH, nutrition",PSA / The DHS Program,state_or_province,Secondary official,High,present,primary_mapping
PHL,Philippines,CCRA-015,Health and basic services access,4,PHL-A033,HeiGIT / HDX risk assessment style composites (if published) + COD population joins,Humanitarian partners / HDX,state_or_province,Research/NGO,Medium,present,primary_mapping
PHL,Philippines,CCRA-016,Health facility density,1,PHL-A027,DOH National Health Facility Registry / healthsites.io,Department of Health / healthsites.io,facility_or_asset,Primary official,Medium,present,primary_mapping
PHL,Philippines,CCRA-016,Health facility density,2,PHL-A026,"OpenStreetMap — roads, rail, ports, health, buildings",OpenStreetMap contributors,facility_or_asset,Research/NGO,Medium,present,primary_mapping
PHL,Philippines,CCRA-016,Health facility density,3,PHL-A033,HeiGIT / HDX risk assessment style composites (if published) + COD population joins,Humanitarian partners / HDX,state_or_province,Research/NGO,Medium,present,primary_mapping
PHL,Philippines,CCRA-017,Households in hazard-prone areas,1,PHL-A007,Project NOAH — Flood hazard maps (5 / 25 / 100-year return periods),DOST / UP Resilience Institute (Project NOAH),modeled_grid,Primary official,High,present,primary_mapping
PHL,Philippines,CCRA-017,Households in hazard-prone areas,2,PHL-A008,Project NOAH — Landslide susceptibility & debris-flow / alluvial-fan hazards,DOST / UP Resilience Institute (Project NOAH),modeled_grid,Primary official,High,present,primary_mapping
PHL,Philippines,CCRA-017,Households in hazard-prone areas,3,PHL-A009,Project NOAH — Storm surge advisory hazard maps (SSA 1–4),DOST / UP Resilience Institute (Project NOAH),modeled_grid,Primary official,High,present,primary_mapping
PHL,Philippines,CCRA-017,Households in hazard-prone areas,4,PHL-A003,Philippines COD-AB — subnational administrative boundaries (ADM0–4),OCHA / HDX (PSA PSGC lineage),neighborhood_or_small_area,Secondary official,High,n/a,primary_mapping
PHL,Philippines,CCRA-017,Households in hazard-prone areas,5,PHL-A041,OEF shared city Exposure score (population density screening),Open Earth Foundation,neighborhood_or_small_area,OEF derived screening,High,present,primary_mapping
PHL,Philippines,CCRA-018,Inadequate Sanitation,1,PHL-A001,"PSA Census of Population and Housing 2020 — barangay population, age/sex, housing & WASH",Philippine Statistics Authority (PSA),neighborhood_or_small_area,Primary official,High,present,primary_mapping
PHL,Philippines,CCRA-018,Inadequate Sanitation,2,PHL-A006,"NDHS / DHS Philippines — health, WASH, nutrition",PSA / The DHS Program,state_or_province,Secondary official,High,present,primary_mapping
PHL,Philippines,CCRA-019,Inadequate water access,1,PHL-A001,"PSA Census of Population and Housing 2020 — barangay population, age/sex, housing & WASH",Philippine Statistics Authority (PSA),neighborhood_or_small_area,Primary official,High,present,primary_mapping
PHL,Philippines,CCRA-019,Inadequate water access,2,PHL-A006,"NDHS / DHS Philippines — health, WASH, nutrition",PSA / The DHS Program,state_or_province,Secondary official,High,present,primary_mapping
PHL,Philippines,CCRA-019,Inadequate water access,3,PHL-A032,WRI Aqueduct Water Risk / water security composites,World Resources Institute,modeled_grid,International modeled,Medium,present;2030;2050,primary_mapping
PHL,Philippines,CCRA-020,Income,1,PHL-A002,PSA poverty statistics (FIES / SAE) + OpenSTAT poverty,Philippine Statistics Authority (PSA),city_or_municipality,Primary official,High,present,primary_mapping
PHL,Philippines,CCRA-020,Income,2,PHL-A042,OEF shared city Vulnerability score (age/social screening),Open Earth Foundation,neighborhood_or_small_area,OEF derived screening,High,present,primary_mapping
PHL,Philippines,CCRA-021,Industrial GDP share,1,PHL-A025,PSA National Accounts — agriculture & industry GDP shares,Philippine Statistics Authority,national,Primary official,High,present,primary_mapping
PHL,Philippines,CCRA-022,Landslide Susceptibility,1,PHL-A008,Project NOAH — Landslide susceptibility & debris-flow / alluvial-fan hazards,DOST / UP Resilience Institute (Project NOAH),modeled_grid,Primary official,High,present,primary_mapping
PHL,Philippines,CCRA-022,Landslide Susceptibility,2,PHL-A037,OEF Landslide Hazard Score (city screening ensemble),Open Earth Foundation (models/landslide_hazard),modeled_grid,OEF derived screening,High,present,primary_mapping
PHL,Philippines,CCRA-022,Landslide Susceptibility,3,PHL-A040,OEF Landslide Risk Score H×E×V (city screening),Open Earth Foundation (landslide_risk),modeled_grid,OEF derived screening,High,present,primary_mapping
PHL,Philippines,CCRA-022,Landslide Susceptibility,4,PHL-A018,Copernicus DEM GLO-30 (+ NAMRIA IfSAR/LiDAR via NOAH lineage),ESA Copernicus / NAMRIA (via NOAH inputs),modeled_grid,International modeled,High,n/a,primary_mapping
PHL,Philippines,CCRA-022,Landslide Susceptibility,5,PHL-A017,NASA LHASA landslide hazard (global),NASA GSFC,modeled_grid,International modeled,Medium,present,primary_mapping
PHL,Philippines,CCRA-023,Landslide Threat Index,1,PHL-A008,Project NOAH — Landslide susceptibility & debris-flow / alluvial-fan hazards,DOST / UP Resilience Institute (Project NOAH),modeled_grid,Primary official,High,present,primary_mapping
PHL,Philippines,CCRA-023,Landslide Threat Index,2,PHL-A037,OEF Landslide Hazard Score (city screening ensemble),Open Earth Foundation (models/landslide_hazard),modeled_grid,OEF derived screening,High,present,primary_mapping
PHL,Philippines,CCRA-023,Landslide Threat Index,3,PHL-A040,OEF Landslide Risk Score H×E×V (city screening),Open Earth Foundation (landslide_risk),modeled_grid,OEF derived screening,High,present,primary_mapping
PHL,Philippines,CCRA-023,Landslide Threat Index,4,PHL-A043,OEF Flood / Heat / Landslide mechanism-type layers (NbS screening),Open Earth Foundation (nbs_*_mechanism_type),modeled_grid,OEF derived screening,Medium,present,primary_mapping
PHL,Philippines,CCRA-023,Landslide Threat Index,5,PHL-A014,"CHIRPS extreme precipitation indices (Rx5day, CDD drivers)",UCSB Climate Hazards Center / CHIRPS,modeled_grid,International modeled,High,present,primary_mapping
PHL,Philippines,CCRA-024,Maximum Consecutive Dry Days (CDD),1,PHL-A013,PAGASA CliMap — historical & CMIP6 projected climate (municipal),DOST-PAGASA,city_or_municipality,Primary official,High,present;2030;2050,primary_mapping
PHL,Philippines,CCRA-024,Maximum Consecutive Dry Days (CDD),2,PHL-A012,PAGASA drought / dry-spell assessments + SPEI/SPI agri-impact maps,DOST-PAGASA,state_or_province,Primary official,High,present,primary_mapping
PHL,Philippines,CCRA-024,Maximum Consecutive Dry Days (CDD),3,PHL-A014,"CHIRPS extreme precipitation indices (Rx5day, CDD drivers)",UCSB Climate Hazards Center / CHIRPS,modeled_grid,International modeled,High,present,primary_mapping
PHL,Philippines,CCRA-025,Maximum Precipitation 5 days (Rx5day),1,PHL-A013,PAGASA CliMap — historical & CMIP6 projected climate (municipal),DOST-PAGASA,city_or_municipality,Primary official,High,present;2030;2050,primary_mapping
PHL,Philippines,CCRA-025,Maximum Precipitation 5 days (Rx5day),2,PHL-A012,PAGASA drought / dry-spell assessments + SPEI/SPI agri-impact maps,DOST-PAGASA,state_or_province,Primary official,High,present,primary_mapping
PHL,Philippines,CCRA-025,Maximum Precipitation 5 days (Rx5day),3,PHL-A014,"CHIRPS extreme precipitation indices (Rx5day, CDD drivers)",UCSB Climate Hazards Center / CHIRPS,modeled_grid,International modeled,High,present,primary_mapping
PHL,Philippines,CCRA-026,Maximum temperature,1,PHL-A013,PAGASA CliMap — historical & CMIP6 projected climate (municipal),DOST-PAGASA,city_or_municipality,Primary official,High,present;2030;2050,primary_mapping
PHL,Philippines,CCRA-026,Maximum temperature,2,PHL-A036,OEF Heat Hazard Score (city screening ensemble),Open Earth Foundation (models/heat_hazard),modeled_grid,OEF derived screening,High,present,primary_mapping
PHL,Philippines,CCRA-026,Maximum temperature,3,PHL-A039,OEF Heat Risk Score H×E×V (city screening),Open Earth Foundation (heat_risk),modeled_grid,OEF derived screening,High,present,primary_mapping
PHL,Philippines,CCRA-026,Maximum temperature,4,PHL-A043,OEF Flood / Heat / Landslide mechanism-type layers (NbS screening),Open Earth Foundation (nbs_*_mechanism_type),modeled_grid,OEF derived screening,Medium,present,primary_mapping
PHL,Philippines,CCRA-026,Maximum temperature,5,PHL-A015,SPEIbase / global SPEI + ERA5-Land heat indices (HWM/TXx),CSIC SPEI / ECMWF Copernicus (OEF transforms),modeled_grid,International modeled,High,present;2030;2050,primary_mapping
PHL,Philippines,CCRA-027,Natural vegetation cover,1,PHL-A020,ESA WorldCover / Dynamic World + NAMRIA land cover,ESA / Google+WRI / NAMRIA,modeled_grid,International modeled,High,present,primary_mapping
PHL,Philippines,CCRA-027,Natural vegetation cover,2,PHL-A019,Hansen Global Forest Change (treecover / loss),UMD / GLAD,modeled_grid,International modeled,High,present,primary_mapping
PHL,Philippines,CCRA-028,Population density,1,PHL-A001,"PSA Census of Population and Housing 2020 — barangay population, age/sex, housing & WASH",Philippine Statistics Authority (PSA),neighborhood_or_small_area,Primary official,High,present,primary_mapping
PHL,Philippines,CCRA-028,Population density,2,PHL-A003,Philippines COD-AB — subnational administrative boundaries (ADM0–4),OCHA / HDX (PSA PSGC lineage),neighborhood_or_small_area,Secondary official,High,n/a,primary_mapping
PHL,Philippines,CCRA-028,Population density,3,PHL-A041,OEF shared city Exposure score (population density screening),Open Earth Foundation,neighborhood_or_small_area,OEF derived screening,High,present,primary_mapping
PHL,Philippines,CCRA-028,Population density,4,PHL-A038,OEF Flood Risk Score H×E×V (city screening),Open Earth Foundation (flood_risk),modeled_grid,OEF derived screening,High,present,primary_mapping
PHL,Philippines,CCRA-028,Population density,5,PHL-A039,OEF Heat Risk Score H×E×V (city screening),Open Earth Foundation (heat_risk),modeled_grid,OEF derived screening,High,present,primary_mapping
PHL,Philippines,CCRA-029,Port infrastructures,1,PHL-A028,PPA port statistics & port infrastructure locations,Philippine Ports Authority,facility_or_asset,Primary official,High,present,primary_mapping
PHL,Philippines,CCRA-029,Port infrastructures,2,PHL-A009,Project NOAH — Storm surge advisory hazard maps (SSA 1–4),DOST / UP Resilience Institute (Project NOAH),modeled_grid,Primary official,High,present,primary_mapping
PHL,Philippines,CCRA-029,Port infrastructures,3,PHL-A016,NASA / IPCC sea-level change & coastal elevation proxies,NASA Sea Level Change / IPCC (+ CoastalDEM),modeled_grid,International modeled,Medium,present;2030;2050,primary_mapping
PHL,Philippines,CCRA-029,Port infrastructures,4,PHL-A026,"OpenStreetMap — roads, rail, ports, health, buildings",OpenStreetMap contributors,facility_or_asset,Research/NGO,Medium,present,primary_mapping
PHL,Philippines,CCRA-030,Power generation facilities,1,PHL-A029,Global Power Plant Database / DOE power plant lists,WRI / Department of Energy,facility_or_asset,International modeled,High,present,primary_mapping
PHL,Philippines,CCRA-031,Protected areas,1,PHL-A021,World Database on Protected Areas (WDPA) + NIPAS sites,UNEP-WCMC / DENR-BMB,facility_or_asset,International modeled,High,present,primary_mapping
PHL,Philippines,CCRA-032,Railroad density,1,PHL-A026,"OpenStreetMap — roads, rail, ports, health, buildings",OpenStreetMap contributors,facility_or_asset,Research/NGO,Medium,present,primary_mapping
PHL,Philippines,CCRA-033,Relative humidity,1,PHL-A013,PAGASA CliMap — historical & CMIP6 projected climate (municipal),DOST-PAGASA,city_or_municipality,Primary official,High,present;2030;2050,primary_mapping
PHL,Philippines,CCRA-033,Relative humidity,2,PHL-A015,SPEIbase / global SPEI + ERA5-Land heat indices (HWM/TXx),CSIC SPEI / ECMWF Copernicus (OEF transforms),modeled_grid,International modeled,High,present;2030;2050,primary_mapping
PHL,Philippines,CCRA-034,Road density,1,PHL-A026,"OpenStreetMap — roads, rail, ports, health, buildings",OpenStreetMap contributors,facility_or_asset,Research/NGO,Medium,present,primary_mapping
PHL,Philippines,CCRA-035,Sea Level change,1,PHL-A009,Project NOAH — Storm surge advisory hazard maps (SSA 1–4),DOST / UP Resilience Institute (Project NOAH),modeled_grid,Primary official,High,present,primary_mapping
PHL,Philippines,CCRA-035,Sea Level change,2,PHL-A016,NASA / IPCC sea-level change & coastal elevation proxies,NASA Sea Level Change / IPCC (+ CoastalDEM),modeled_grid,International modeled,Medium,present;2030;2050,primary_mapping
PHL,Philippines,CCRA-036,Standardized Precipitation Evapotranspiration Index (SPEI),1,PHL-A012,PAGASA drought / dry-spell assessments + SPEI/SPI agri-impact maps,DOST-PAGASA,state_or_province,Primary official,High,present,primary_mapping
PHL,Philippines,CCRA-036,Standardized Precipitation Evapotranspiration Index (SPEI),2,PHL-A015,SPEIbase / global SPEI + ERA5-Land heat indices (HWM/TXx),CSIC SPEI / ECMWF Copernicus (OEF transforms),modeled_grid,International modeled,High,present;2030;2050,primary_mapping
PHL,Philippines,CCRA-037,Total precipitation,1,PHL-A013,PAGASA CliMap — historical & CMIP6 projected climate (municipal),DOST-PAGASA,city_or_municipality,Primary official,High,present;2030;2050,primary_mapping
PHL,Philippines,CCRA-037,Total precipitation,2,PHL-A012,PAGASA drought / dry-spell assessments + SPEI/SPI agri-impact maps,DOST-PAGASA,state_or_province,Primary official,High,present,primary_mapping
PHL,Philippines,CCRA-037,Total precipitation,3,PHL-A014,"CHIRPS extreme precipitation indices (Rx5day, CDD drivers)",UCSB Climate Hazards Center / CHIRPS,modeled_grid,International modeled,High,present,primary_mapping
PHL,Philippines,CCRA-038,Urban infrastructure social vulnerability,1,PHL-A001,"PSA Census of Population and Housing 2020 — barangay population, age/sex, housing & WASH",Philippine Statistics Authority (PSA),neighborhood_or_small_area,Primary official,High,present,primary_mapping
PHL,Philippines,CCRA-038,Urban infrastructure social vulnerability,2,PHL-A002,PSA poverty statistics (FIES / SAE) + OpenSTAT poverty,Philippine Statistics Authority (PSA),city_or_municipality,Primary official,High,present,primary_mapping
PHL,Philippines,CCRA-038,Urban infrastructure social vulnerability,3,PHL-A042,OEF shared city Vulnerability score (age/social screening),Open Earth Foundation,neighborhood_or_small_area,OEF derived screening,High,present,primary_mapping
PHL,Philippines,CCRA-038,Urban infrastructure social vulnerability,4,PHL-A031,Microsoft Building Footprints / Google Open Buildings (PHL),Microsoft / Google,facility_or_asset,International modeled,Medium,present,primary_mapping
PHL,Philippines,CCRA-038,Urban infrastructure social vulnerability,5,PHL-A026,"OpenStreetMap — roads, rail, ports, health, buildings",OpenStreetMap contributors,facility_or_asset,Research/NGO,Medium,present,primary_mapping
PHL,Philippines,CCRA-039,Urban stormwater drainage coverage,1,PHL-A043,OEF Flood / Heat / Landslide mechanism-type layers (NbS screening),Open Earth Foundation (nbs_*_mechanism_type),modeled_grid,OEF derived screening,Medium,present,related_proxy
PHL,Philippines,CCRA-040,Waste Collection,1,PHL-A001,"PSA Census of Population and Housing 2020 — barangay population, age/sex, housing & WASH",Philippine Statistics Authority (PSA),neighborhood_or_small_area,Primary official,High,present,primary_mapping
PHL,Philippines,CCRA-041,Water security index,1,PHL-A024,NIA / DA irrigation service areas + FAO WaPOR,National Irrigation Administration / FAO,facility_or_asset,Primary official,Medium,present,primary_mapping
PHL,Philippines,CCRA-041,Water security index,2,PHL-A032,WRI Aqueduct Water Risk / water security composites,World Resources Institute,modeled_grid,International modeled,Medium,present;2030;2050,primary_mapping
AUS,Australia,CCRA-001,Age Distribution,1,AUS-A001,"ABS Census of Population and Housing 2021 — SA1/SA2 General Community Profiles (age, income, housing, dwellings)",Australian Bureau of Statistics (ABS),neighborhood_or_small_area,Primary official,High,present,primary_mapping
AUS,Australia,CCRA-001,Age Distribution,2,AUS-A036,OEF shared city Vulnerability score (age/social screening),Open Earth Foundation,neighborhood_or_small_area,OEF derived screening,High,present,primary_mapping
AUS,Australia,CCRA-001,Age Distribution,3,AUS-A033,OEF Heat Risk Score H×E×V (city screening),Open Earth Foundation (heat_risk),modeled_grid,OEF derived screening,High,present,primary_mapping
AUS,Australia,CCRA-002,Agricultural GDP share,1,AUS-A016,ABARES / ABS Agricultural Census + Catchment Scale Land Use (CLUM) / irrigated agriculture layers,ABARES / ABS / DAFF,modeled_grid,Primary official,High,present,primary_mapping
AUS,Australia,CCRA-002,Agricultural GDP share,2,AUS-A020,ABS National Accounts / state GVA by industry (agriculture & industry shares),Australian Bureau of Statistics,national,Primary official,High,present,primary_mapping
AUS,Australia,CCRA-003,Agricultural establishment density,1,AUS-A016,ABARES / ABS Agricultural Census + Catchment Scale Land Use (CLUM) / irrigated agriculture layers,ABARES / ABS / DAFF,modeled_grid,Primary official,High,present,primary_mapping
AUS,Australia,CCRA-004,Agricultural land area,1,AUS-A016,ABARES / ABS Agricultural Census + Catchment Scale Land Use (CLUM) / irrigated agriculture layers,ABARES / ABS / DAFF,modeled_grid,Primary official,High,present,primary_mapping
AUS,Australia,CCRA-005,Areas of global conservation value,1,AUS-A018,Collaborative Australian Protected Areas Database (CAPAD) / WDPA,DCCEEW / UNEP-WCMC,facility_or_asset,Primary official,High,present,primary_mapping
AUS,Australia,CCRA-005,Areas of global conservation value,2,AUS-A019,Biodiversity Intactness Index + Key Biodiversity Areas (Australia),NHM / BirdLife,modeled_grid,Research/NGO,Medium,present,primary_mapping
AUS,Australia,CCRA-006,Biodiversity Intactness Index (BII),1,AUS-A019,Biodiversity Intactness Index + Key Biodiversity Areas (Australia),NHM / BirdLife,modeled_grid,Research/NGO,Medium,present,primary_mapping
AUS,Australia,CCRA-007,Confirmed disease cases,1,AUS-A005,AIHW / state health facility directories + OSM healthcare POIs,AIHW / state health departments / OSM,facility_or_asset,Secondary official,Medium,present,primary_mapping
AUS,Australia,CCRA-008,Dependence on large-scale irrigation,1,AUS-A016,ABARES / ABS Agricultural Census + Catchment Scale Land Use (CLUM) / irrigated agriculture layers,ABARES / ABS / DAFF,modeled_grid,Primary official,High,present,primary_mapping
AUS,Australia,CCRA-009,Electricity consumption,1,AUS-A022,AEMO / CER generator registers + WRI Global Power Plant Database,AEMO / Clean Energy Regulator / WRI,facility_or_asset,Primary official,High,present,primary_mapping
AUS,Australia,CCRA-009,Electricity consumption,2,AUS-A023,Australian Energy Statistics / AER / ABS Energy Account; postcode/SA2 electricity use research,DCCEEW / AER / ABS,other_or_mixed,Primary official,Medium,present,primary_mapping
AUS,Australia,CCRA-010,Energy poverty,1,AUS-A001,"ABS Census of Population and Housing 2021 — SA1/SA2 General Community Profiles (age, income, housing, dwellings)",Australian Bureau of Statistics (ABS),neighborhood_or_small_area,Primary official,High,present,primary_mapping
AUS,Australia,CCRA-010,Energy poverty,2,AUS-A002,ABS SEIFA 2021 (IRSD / IRSAD / IER / IEO) — SA1,Australian Bureau of Statistics,neighborhood_or_small_area,Primary official,High,present,primary_mapping
AUS,Australia,CCRA-010,Energy poverty,3,AUS-A023,Australian Energy Statistics / AER / ABS Energy Account; postcode/SA2 electricity use research,DCCEEW / AER / ABS,other_or_mixed,Primary official,Medium,present,primary_mapping
AUS,Australia,CCRA-011,Flood Threat Index,1,AUS-A008,GA Water Observations from Space (WOfS) / DEA Water Observations — historic inundation frequency,Geoscience Australia / Digital Earth Australia,modeled_grid,Primary official,High,present,primary_mapping
AUS,Australia,CCRA-011,Flood Threat Index,2,AUS-A006,Australian Flood Risk Information Portal (AFRIP) / GA Flood Study Database + WMS/WFS,Geoscience Australia,other_or_mixed,Primary official,High,present,primary_mapping
AUS,Australia,CCRA-011,Flood Threat Index,3,AUS-A007,State/territory flood hazard portals (NSW SES Flood Data / QLD FloodCheck / VIC FloodZoom / WA/SA/NT/ACT council & SES layers),State SES / water / planning agencies,other_or_mixed,Primary official,High,present,primary_mapping
AUS,Australia,CCRA-011,Flood Threat Index,4,AUS-A029,OEF Flood Hazard Score (city screening ensemble),Open Earth Foundation (models/flood_hazard),modeled_grid,OEF derived screening,High,present,primary_mapping
AUS,Australia,CCRA-011,Flood Threat Index,5,AUS-A032,OEF Flood Risk Score H×E×V (city screening),Open Earth Foundation (flood_risk),modeled_grid,OEF derived screening,High,present,primary_mapping
AUS,Australia,CCRA-012,Food production and marketing,1,AUS-A016,ABARES / ABS Agricultural Census + Catchment Scale Land Use (CLUM) / irrigated agriculture layers,ABARES / ABS / DAFF,modeled_grid,Primary official,High,present,primary_mapping
AUS,Australia,CCRA-013,Forest cover,1,AUS-A017,Australia's State of the Forests / National Forest Inventory + Hansen GFC + DEA land cover,DAFF / ABARES / UMD / DEA,modeled_grid,Primary official,High,present,primary_mapping
AUS,Australia,CCRA-014,Forest loss,1,AUS-A017,Australia's State of the Forests / National Forest Inventory + Hansen GFC + DEA land cover,DAFF / ABARES / UMD / DEA,modeled_grid,Primary official,High,present,primary_mapping
AUS,Australia,CCRA-015,Health and basic services access,1,AUS-A001,"ABS Census of Population and Housing 2021 — SA1/SA2 General Community Profiles (age, income, housing, dwellings)",Australian Bureau of Statistics (ABS),neighborhood_or_small_area,Primary official,High,present,primary_mapping
AUS,Australia,CCRA-015,Health and basic services access,2,AUS-A002,ABS SEIFA 2021 (IRSD / IRSAD / IER / IEO) — SA1,Australian Bureau of Statistics,neighborhood_or_small_area,Primary official,High,present,primary_mapping
AUS,Australia,CCRA-015,Health and basic services access,3,AUS-A005,AIHW / state health facility directories + OSM healthcare POIs,AIHW / state health departments / OSM,facility_or_asset,Secondary official,Medium,present,primary_mapping
AUS,Australia,CCRA-016,Health facility density,1,AUS-A005,AIHW / state health facility directories + OSM healthcare POIs,AIHW / state health departments / OSM,facility_or_asset,Secondary official,Medium,present,primary_mapping
AUS,Australia,CCRA-017,Households in hazard-prone areas,1,AUS-A003,ABS ASGS Edition 3 digital boundaries (Mesh Block / SA1 / SA2 / LGA / GCCSA),Australian Bureau of Statistics,neighborhood_or_small_area,Primary official,High,n/a,primary_mapping
AUS,Australia,CCRA-017,Households in hazard-prone areas,2,AUS-A008,GA Water Observations from Space (WOfS) / DEA Water Observations — historic inundation frequency,Geoscience Australia / Digital Earth Australia,modeled_grid,Primary official,High,present,primary_mapping
AUS,Australia,CCRA-017,Households in hazard-prone areas,3,AUS-A006,Australian Flood Risk Information Portal (AFRIP) / GA Flood Study Database + WMS/WFS,Geoscience Australia,other_or_mixed,Primary official,High,present,primary_mapping
AUS,Australia,CCRA-017,Households in hazard-prone areas,4,AUS-A007,State/territory flood hazard portals (NSW SES Flood Data / QLD FloodCheck / VIC FloodZoom / WA/SA/NT/ACT council & SES layers),State SES / water / planning agencies,other_or_mixed,Primary official,High,present,primary_mapping
AUS,Australia,CCRA-017,Households in hazard-prone areas,5,AUS-A015,GA National Landslide Database / state landslide susceptibility inventories + DEM drivers,Geoscience Australia / state geological surveys,other_or_mixed,Primary official,Medium,present,primary_mapping
AUS,Australia,CCRA-018,Inadequate Sanitation,1,AUS-A001,"ABS Census of Population and Housing 2021 — SA1/SA2 General Community Profiles (age, income, housing, dwellings)",Australian Bureau of Statistics (ABS),neighborhood_or_small_area,Primary official,High,present,primary_mapping
AUS,Australia,CCRA-019,Inadequate water access,1,AUS-A001,"ABS Census of Population and Housing 2021 — SA1/SA2 General Community Profiles (age, income, housing, dwellings)",Australian Bureau of Statistics (ABS),neighborhood_or_small_area,Primary official,High,present,primary_mapping
AUS,Australia,CCRA-019,Inadequate water access,2,AUS-A024,BOM National Performance Report (urban water) + National Water Account + Water Market Information,Bureau of Meteorology / ABARES,city_or_municipality,Primary official,High,present,primary_mapping
AUS,Australia,CCRA-020,Income,1,AUS-A001,"ABS Census of Population and Housing 2021 — SA1/SA2 General Community Profiles (age, income, housing, dwellings)",Australian Bureau of Statistics (ABS),neighborhood_or_small_area,Primary official,High,present,primary_mapping
AUS,Australia,CCRA-020,Income,2,AUS-A002,ABS SEIFA 2021 (IRSD / IRSAD / IER / IEO) — SA1,Australian Bureau of Statistics,neighborhood_or_small_area,Primary official,High,present,primary_mapping
AUS,Australia,CCRA-020,Income,3,AUS-A036,OEF shared city Vulnerability score (age/social screening),Open Earth Foundation,neighborhood_or_small_area,OEF derived screening,High,present,primary_mapping
AUS,Australia,CCRA-021,Industrial GDP share,1,AUS-A020,ABS National Accounts / state GVA by industry (agriculture & industry shares),Australian Bureau of Statistics,national,Primary official,High,present,primary_mapping
AUS,Australia,CCRA-022,Landslide Susceptibility,1,AUS-A015,GA National Landslide Database / state landslide susceptibility inventories + DEM drivers,Geoscience Australia / state geological surveys,other_or_mixed,Primary official,Medium,present,primary_mapping
AUS,Australia,CCRA-022,Landslide Susceptibility,2,AUS-A031,OEF Landslide Hazard Score (city screening ensemble),Open Earth Foundation (models/landslide_hazard),modeled_grid,OEF derived screening,High,present,primary_mapping
AUS,Australia,CCRA-022,Landslide Susceptibility,3,AUS-A034,OEF Landslide Risk Score H×E×V (city screening),Open Earth Foundation (landslide_risk),modeled_grid,OEF derived screening,High,present,primary_mapping
AUS,Australia,CCRA-022,Landslide Susceptibility,4,AUS-A010,NASA LHASA + Copernicus DEM / MERIT HAND (landslide drivers),NASA / ESA / MERIT,modeled_grid,International modeled,Medium,present,primary_mapping
AUS,Australia,CCRA-023,Landslide Threat Index,1,AUS-A015,GA National Landslide Database / state landslide susceptibility inventories + DEM drivers,Geoscience Australia / state geological surveys,other_or_mixed,Primary official,Medium,present,primary_mapping
AUS,Australia,CCRA-023,Landslide Threat Index,2,AUS-A031,OEF Landslide Hazard Score (city screening ensemble),Open Earth Foundation (models/landslide_hazard),modeled_grid,OEF derived screening,High,present,primary_mapping
AUS,Australia,CCRA-023,Landslide Threat Index,3,AUS-A034,OEF Landslide Risk Score H×E×V (city screening),Open Earth Foundation (landslide_risk),modeled_grid,OEF derived screening,High,present,primary_mapping
AUS,Australia,CCRA-023,Landslide Threat Index,4,AUS-A037,OEF Flood / Heat / Landslide mechanism-type layers (NbS screening),Open Earth Foundation (nbs_*_mechanism_type),modeled_grid,OEF derived screening,Medium,present,primary_mapping
AUS,Australia,CCRA-023,Landslide Threat Index,5,AUS-A010,NASA LHASA + Copernicus DEM / MERIT HAND (landslide drivers),NASA / ESA / MERIT,modeled_grid,International modeled,Medium,present,primary_mapping
AUS,Australia,CCRA-024,Maximum Consecutive Dry Days (CDD),1,AUS-A012,Bureau of Meteorology climate grids / AWAP / AGCD + drought statements; SPEI/CDD/Rx5day derivable,Bureau of Meteorology,modeled_grid,Primary official,High,present,primary_mapping
AUS,Australia,CCRA-024,Maximum Consecutive Dry Days (CDD),2,AUS-A011,Climate Change in Australia / NCRA / CSIRO–BoM national climate projections (CMIP),CSIRO / Bureau of Meteorology / DCCEEW,modeled_grid,Primary official,High,present;2030;2050,primary_mapping
AUS,Australia,CCRA-024,Maximum Consecutive Dry Days (CDD),3,AUS-A013,CHIRPS + ERA5-Land extremes / OEF HWM & FRI inputs,UCSB CHIRPS / ECMWF / OEF transforms,modeled_grid,International modeled,High,present;2030;2050,primary_mapping
AUS,Australia,CCRA-025,Maximum Precipitation 5 days (Rx5day),1,AUS-A012,Bureau of Meteorology climate grids / AWAP / AGCD + drought statements; SPEI/CDD/Rx5day derivable,Bureau of Meteorology,modeled_grid,Primary official,High,present,primary_mapping
AUS,Australia,CCRA-025,Maximum Precipitation 5 days (Rx5day),2,AUS-A011,Climate Change in Australia / NCRA / CSIRO–BoM national climate projections (CMIP),CSIRO / Bureau of Meteorology / DCCEEW,modeled_grid,Primary official,High,present;2030;2050,primary_mapping
AUS,Australia,CCRA-025,Maximum Precipitation 5 days (Rx5day),3,AUS-A013,CHIRPS + ERA5-Land extremes / OEF HWM & FRI inputs,UCSB CHIRPS / ECMWF / OEF transforms,modeled_grid,International modeled,High,present;2030;2050,primary_mapping
AUS,Australia,CCRA-026,Maximum temperature,1,AUS-A012,Bureau of Meteorology climate grids / AWAP / AGCD + drought statements; SPEI/CDD/Rx5day derivable,Bureau of Meteorology,modeled_grid,Primary official,High,present,primary_mapping
AUS,Australia,CCRA-026,Maximum temperature,2,AUS-A011,Climate Change in Australia / NCRA / CSIRO–BoM national climate projections (CMIP),CSIRO / Bureau of Meteorology / DCCEEW,modeled_grid,Primary official,High,present;2030;2050,primary_mapping
AUS,Australia,CCRA-026,Maximum temperature,3,AUS-A030,OEF Heat Hazard Score (city screening ensemble),Open Earth Foundation (models/heat_hazard),modeled_grid,OEF derived screening,High,present,primary_mapping
AUS,Australia,CCRA-026,Maximum temperature,4,AUS-A033,OEF Heat Risk Score H×E×V (city screening),Open Earth Foundation (heat_risk),modeled_grid,OEF derived screening,High,present,primary_mapping
AUS,Australia,CCRA-026,Maximum temperature,5,AUS-A037,OEF Flood / Heat / Landslide mechanism-type layers (NbS screening),Open Earth Foundation (nbs_*_mechanism_type),modeled_grid,OEF derived screening,Medium,present,primary_mapping
AUS,Australia,CCRA-027,Natural vegetation cover,1,AUS-A017,Australia's State of the Forests / National Forest Inventory + Hansen GFC + DEA land cover,DAFF / ABARES / UMD / DEA,modeled_grid,Primary official,High,present,primary_mapping
AUS,Australia,CCRA-028,Population density,1,AUS-A001,"ABS Census of Population and Housing 2021 — SA1/SA2 General Community Profiles (age, income, housing, dwellings)",Australian Bureau of Statistics (ABS),neighborhood_or_small_area,Primary official,High,present,primary_mapping
AUS,Australia,CCRA-028,Population density,2,AUS-A035,OEF shared city Exposure score (population density screening),Open Earth Foundation,neighborhood_or_small_area,OEF derived screening,High,present,primary_mapping
AUS,Australia,CCRA-028,Population density,3,AUS-A032,OEF Flood Risk Score H×E×V (city screening),Open Earth Foundation (flood_risk),modeled_grid,OEF derived screening,High,present,primary_mapping
AUS,Australia,CCRA-028,Population density,4,AUS-A033,OEF Heat Risk Score H×E×V (city screening),Open Earth Foundation (heat_risk),modeled_grid,OEF derived screening,High,present,primary_mapping
AUS,Australia,CCRA-028,Population density,5,AUS-A034,OEF Landslide Risk Score H×E×V (city screening),Open Earth Foundation (landslide_risk),modeled_grid,OEF derived screening,High,present,primary_mapping
AUS,Australia,CCRA-029,Port infrastructures,1,AUS-A014,CoastAdapt / Canute / GA coastal + IPCC AR6 regional SLR; state coastal hazard overlays,NCCARF / CSIRO / Geoscience Australia / states,other_or_mixed,Primary official,High,present;2030;2050,primary_mapping
AUS,Australia,CCRA-029,Port infrastructures,2,AUS-A026,Ports Australia / GA maritime infrastructure / OSM harbour features,Ports Australia / Geoscience Australia / OSM,facility_or_asset,Secondary official,Medium,present,primary_mapping
AUS,Australia,CCRA-030,Power generation facilities,1,AUS-A022,AEMO / CER generator registers + WRI Global Power Plant Database,AEMO / Clean Energy Regulator / WRI,facility_or_asset,Primary official,High,present,primary_mapping
AUS,Australia,CCRA-031,Protected areas,1,AUS-A018,Collaborative Australian Protected Areas Database (CAPAD) / WDPA,DCCEEW / UNEP-WCMC,facility_or_asset,Primary official,High,present,primary_mapping
AUS,Australia,CCRA-032,Railroad density,1,AUS-A021,"Geoscape / OSM / PSMA — roads, rail, ports, buildings; Microsoft footprints",Geoscape / OSM / Microsoft,facility_or_asset,Secondary official,High,present,primary_mapping
AUS,Australia,CCRA-033,Relative humidity,1,AUS-A012,Bureau of Meteorology climate grids / AWAP / AGCD + drought statements; SPEI/CDD/Rx5day derivable,Bureau of Meteorology,modeled_grid,Primary official,High,present,primary_mapping
AUS,Australia,CCRA-033,Relative humidity,2,AUS-A013,CHIRPS + ERA5-Land extremes / OEF HWM & FRI inputs,UCSB CHIRPS / ECMWF / OEF transforms,modeled_grid,International modeled,High,present;2030;2050,primary_mapping
AUS,Australia,CCRA-034,Road density,1,AUS-A021,"Geoscape / OSM / PSMA — roads, rail, ports, buildings; Microsoft footprints",Geoscape / OSM / Microsoft,facility_or_asset,Secondary official,High,present,primary_mapping
AUS,Australia,CCRA-035,Sea Level change,1,AUS-A011,Climate Change in Australia / NCRA / CSIRO–BoM national climate projections (CMIP),CSIRO / Bureau of Meteorology / DCCEEW,modeled_grid,Primary official,High,present;2030;2050,primary_mapping
AUS,Australia,CCRA-035,Sea Level change,2,AUS-A014,CoastAdapt / Canute / GA coastal + IPCC AR6 regional SLR; state coastal hazard overlays,NCCARF / CSIRO / Geoscience Australia / states,other_or_mixed,Primary official,High,present;2030;2050,primary_mapping
AUS,Australia,CCRA-036,Standardized Precipitation Evapotranspiration Index (SPEI),1,AUS-A012,Bureau of Meteorology climate grids / AWAP / AGCD + drought statements; SPEI/CDD/Rx5day derivable,Bureau of Meteorology,modeled_grid,Primary official,High,present,primary_mapping
AUS,Australia,CCRA-036,Standardized Precipitation Evapotranspiration Index (SPEI),2,AUS-A011,Climate Change in Australia / NCRA / CSIRO–BoM national climate projections (CMIP),CSIRO / Bureau of Meteorology / DCCEEW,modeled_grid,Primary official,High,present;2030;2050,primary_mapping
AUS,Australia,CCRA-036,Standardized Precipitation Evapotranspiration Index (SPEI),3,AUS-A013,CHIRPS + ERA5-Land extremes / OEF HWM & FRI inputs,UCSB CHIRPS / ECMWF / OEF transforms,modeled_grid,International modeled,High,present;2030;2050,primary_mapping
AUS,Australia,CCRA-037,Total precipitation,1,AUS-A012,Bureau of Meteorology climate grids / AWAP / AGCD + drought statements; SPEI/CDD/Rx5day derivable,Bureau of Meteorology,modeled_grid,Primary official,High,present,primary_mapping
AUS,Australia,CCRA-037,Total precipitation,2,AUS-A011,Climate Change in Australia / NCRA / CSIRO–BoM national climate projections (CMIP),CSIRO / Bureau of Meteorology / DCCEEW,modeled_grid,Primary official,High,present;2030;2050,primary_mapping
AUS,Australia,CCRA-037,Total precipitation,3,AUS-A013,CHIRPS + ERA5-Land extremes / OEF HWM & FRI inputs,UCSB CHIRPS / ECMWF / OEF transforms,modeled_grid,International modeled,High,present;2030;2050,primary_mapping
AUS,Australia,CCRA-038,Urban infrastructure social vulnerability,1,AUS-A001,"ABS Census of Population and Housing 2021 — SA1/SA2 General Community Profiles (age, income, housing, dwellings)",Australian Bureau of Statistics (ABS),neighborhood_or_small_area,Primary official,High,present,primary_mapping
AUS,Australia,CCRA-038,Urban infrastructure social vulnerability,2,AUS-A002,ABS SEIFA 2021 (IRSD / IRSAD / IER / IEO) — SA1,Australian Bureau of Statistics,neighborhood_or_small_area,Primary official,High,present,primary_mapping
AUS,Australia,CCRA-038,Urban infrastructure social vulnerability,3,AUS-A021,"Geoscape / OSM / PSMA — roads, rail, ports, buildings; Microsoft footprints",Geoscape / OSM / Microsoft,facility_or_asset,Secondary official,High,present,primary_mapping
AUS,Australia,CCRA-038,Urban infrastructure social vulnerability,4,AUS-A036,OEF shared city Vulnerability score (age/social screening),Open Earth Foundation,neighborhood_or_small_area,OEF derived screening,High,present,primary_mapping
AUS,Australia,CCRA-040,Waste Collection,1,AUS-A025,ABS / state waste statistics + council kerbside collection open data,ABS / DCCEEW / councils,city_or_municipality,Secondary official,Medium,present,primary_mapping
AUS,Australia,CCRA-041,Water security index,1,AUS-A024,BOM National Performance Report (urban water) + National Water Account + Water Market Information,Bureau of Meteorology / ABARES,city_or_municipality,Primary official,High,present,primary_mapping
AUS,Australia,CCRA-041,Water security index,2,AUS-A012,Bureau of Meteorology climate grids / AWAP / AGCD + drought statements; SPEI/CDD/Rx5day derivable,Bureau of Meteorology,modeled_grid,Primary official,High,present,primary_mapping
CAN,Canada,CCRA-001,Age Distribution,1,CAN-A001,"Statistics Canada Census of Population 2021 — Dissemination Area profiles (age, income, housing, dwelling)",Statistics Canada,neighborhood_or_small_area,Primary official,High,present,primary_mapping
CAN,Canada,CCRA-001,Age Distribution,2,CAN-A036,OEF shared city Vulnerability score (age/social screening),Open Earth Foundation,neighborhood_or_small_area,OEF derived screening,High,present,primary_mapping
CAN,Canada,CCRA-001,Age Distribution,3,CAN-A033,OEF Heat Risk Score H×E×V (city screening),Open Earth Foundation (heat_risk),modeled_grid,OEF derived screening,High,present,primary_mapping
CAN,Canada,CCRA-001,Age Distribution,4,CAN-A003,Canadian Area-Level Social Determinants of Health Indicators (CASDOHI) / DA socioeconomic compilations,Research compilations from StatCan Census Profiles,neighborhood_or_small_area,Research/NGO,High,present,primary_mapping
CAN,Canada,CCRA-002,Agricultural GDP share,1,CAN-A016,AAFC Annual Crop Inventory + Census of Agriculture,Agriculture and Agri-Food Canada / Statistics Canada,modeled_grid,Primary official,High,present,primary_mapping
CAN,Canada,CCRA-002,Agricultural GDP share,2,CAN-A020,StatCan National Accounts / provincial GDP by industry,Statistics Canada,national,Primary official,High,present,primary_mapping
CAN,Canada,CCRA-003,Agricultural establishment density,1,CAN-A016,AAFC Annual Crop Inventory + Census of Agriculture,Agriculture and Agri-Food Canada / Statistics Canada,modeled_grid,Primary official,High,present,primary_mapping
CAN,Canada,CCRA-004,Agricultural land area,1,CAN-A016,AAFC Annual Crop Inventory + Census of Agriculture,Agriculture and Agri-Food Canada / Statistics Canada,modeled_grid,Primary official,High,present,primary_mapping
CAN,Canada,CCRA-005,Areas of global conservation value,1,CAN-A018,Canadian Protected and Conserved Areas Database (CPCAD) / WDPA,ECCC / UNEP-WCMC,facility_or_asset,Primary official,High,present,primary_mapping
CAN,Canada,CCRA-005,Areas of global conservation value,2,CAN-A019,Biodiversity Intactness Index + KBAs (Canada),NHM / BirdLife,modeled_grid,Research/NGO,Medium,present,primary_mapping
CAN,Canada,CCRA-006,Biodiversity Intactness Index (BII),1,CAN-A019,Biodiversity Intactness Index + KBAs (Canada),NHM / BirdLife,modeled_grid,Research/NGO,Medium,present,primary_mapping
CAN,Canada,CCRA-007,Confirmed disease cases,1,CAN-A005,CCHS / provincial health indicators; PHAC disease surveillance (aggregates),Statistics Canada / PHAC / provinces,state_or_province,Primary official,Medium,present,primary_mapping
CAN,Canada,CCRA-008,Dependence on large-scale irrigation,1,CAN-A016,AAFC Annual Crop Inventory + Census of Agriculture,Agriculture and Agri-Food Canada / Statistics Canada,modeled_grid,Primary official,High,present,primary_mapping
CAN,Canada,CCRA-009,Electricity consumption,1,CAN-A025,StatCan / CER energy use; provincial utility open data; energy poverty research,Statistics Canada / CER / utilities,other_or_mixed,Primary official,Medium,present,primary_mapping
CAN,Canada,CCRA-010,Energy poverty,1,CAN-A001,"Statistics Canada Census of Population 2021 — Dissemination Area profiles (age, income, housing, dwelling)",Statistics Canada,neighborhood_or_small_area,Primary official,High,present,primary_mapping
CAN,Canada,CCRA-010,Energy poverty,2,CAN-A025,StatCan / CER energy use; provincial utility open data; energy poverty research,Statistics Canada / CER / utilities,other_or_mixed,Primary official,Medium,present,primary_mapping
CAN,Canada,CCRA-010,Energy poverty,3,CAN-A003,Canadian Area-Level Social Determinants of Health Indicators (CASDOHI) / DA socioeconomic compilations,Research compilations from StatCan Census Profiles,neighborhood_or_small_area,Research/NGO,High,present,primary_mapping
CAN,Canada,CCRA-011,Flood Threat Index,1,CAN-A006,"NRCan Flood Susceptibility Mapping (historic, trends, future) — national ~30 m",Natural Resources Canada,modeled_grid,Primary official,High,present;2030;2050,primary_mapping
CAN,Canada,CCRA-011,Flood Threat Index,2,CAN-A007,Canada Flood Map Inventory (CFM) + FHIMP provincial/territorial flood hazard maps,NRCan / provinces & territories (FHIMP),other_or_mixed,Primary official,High,present,primary_mapping
CAN,Canada,CCRA-011,Flood Threat Index,3,CAN-A029,OEF Flood Hazard Score (city screening ensemble),Open Earth Foundation (models/flood_hazard),modeled_grid,OEF derived screening,High,present,primary_mapping
CAN,Canada,CCRA-011,Flood Threat Index,4,CAN-A032,OEF Flood Risk Score H×E×V (city screening),Open Earth Foundation (flood_risk),modeled_grid,OEF derived screening,High,present,primary_mapping
CAN,Canada,CCRA-011,Flood Threat Index,5,CAN-A028,OEF CHIRPS–COPDEM Flood Risk Index (FRI) — present+SSP,Open Earth Foundation,modeled_grid,OEF derived screening,Medium,present;2030;2050,primary_mapping
CAN,Canada,CCRA-012,Food production and marketing,1,CAN-A016,AAFC Annual Crop Inventory + Census of Agriculture,Agriculture and Agri-Food Canada / Statistics Canada,modeled_grid,Primary official,High,present,primary_mapping
CAN,Canada,CCRA-013,Forest cover,1,CAN-A017,"NRCAN / CFS forest inventories, Hansen GFC, ESA WorldCover",NRCan CFS / UMD / ESA,modeled_grid,Primary official,High,present,primary_mapping
CAN,Canada,CCRA-014,Forest loss,1,CAN-A017,"NRCAN / CFS forest inventories, Hansen GFC, ESA WorldCover",NRCan CFS / UMD / ESA,modeled_grid,Primary official,High,present,primary_mapping
CAN,Canada,CCRA-015,Health and basic services access,1,CAN-A001,"Statistics Canada Census of Population 2021 — Dissemination Area profiles (age, income, housing, dwelling)",Statistics Canada,neighborhood_or_small_area,Primary official,High,present,primary_mapping
CAN,Canada,CCRA-015,Health and basic services access,2,CAN-A005,CCHS / provincial health indicators; PHAC disease surveillance (aggregates),Statistics Canada / PHAC / provinces,state_or_province,Primary official,Medium,present,primary_mapping
CAN,Canada,CCRA-015,Health and basic services access,3,CAN-A022,Health facility locations (CIHI / provincial open data / OSM),CIHI / provinces / OSM,facility_or_asset,Secondary official,Medium,present,primary_mapping
CAN,Canada,CCRA-015,Health and basic services access,4,CAN-A003,Canadian Area-Level Social Determinants of Health Indicators (CASDOHI) / DA socioeconomic compilations,Research compilations from StatCan Census Profiles,neighborhood_or_small_area,Research/NGO,High,present,primary_mapping
CAN,Canada,CCRA-016,Health facility density,1,CAN-A005,CCHS / provincial health indicators; PHAC disease surveillance (aggregates),Statistics Canada / PHAC / provinces,state_or_province,Primary official,Medium,present,primary_mapping
CAN,Canada,CCRA-016,Health facility density,2,CAN-A022,Health facility locations (CIHI / provincial open data / OSM),CIHI / provinces / OSM,facility_or_asset,Secondary official,Medium,present,primary_mapping
CAN,Canada,CCRA-017,Households in hazard-prone areas,1,CAN-A002,Statistics Canada Census Boundary Files + Cartographic Boundary Files (DA/CSD/CT),Statistics Canada,neighborhood_or_small_area,Primary official,High,n/a,primary_mapping
CAN,Canada,CCRA-017,Households in hazard-prone areas,2,CAN-A014,CanCoast coastal sensitivity indices + relative sea-level change,Natural Resources Canada (GSC),modeled_grid,Primary official,High,present;2030;2050,primary_mapping
CAN,Canada,CCRA-017,Households in hazard-prone areas,3,CAN-A006,"NRCan Flood Susceptibility Mapping (historic, trends, future) — national ~30 m",Natural Resources Canada,modeled_grid,Primary official,High,present;2030;2050,primary_mapping
CAN,Canada,CCRA-017,Households in hazard-prone areas,4,CAN-A021,"National Road Network / CanVec / OpenStreetMap — roads, rail, ports, buildings",NRCan / OSM,facility_or_asset,Primary official,High,present,primary_mapping
CAN,Canada,CCRA-017,Households in hazard-prone areas,5,CAN-A007,Canada Flood Map Inventory (CFM) + FHIMP provincial/territorial flood hazard maps,NRCan / provinces & territories (FHIMP),other_or_mixed,Primary official,High,present,primary_mapping
CAN,Canada,CCRA-018,Inadequate Sanitation,1,CAN-A001,"Statistics Canada Census of Population 2021 — Dissemination Area profiles (age, income, housing, dwelling)",Statistics Canada,neighborhood_or_small_area,Primary official,High,present,primary_mapping
CAN,Canada,CCRA-019,Inadequate water access,1,CAN-A001,"Statistics Canada Census of Population 2021 — Dissemination Area profiles (age, income, housing, dwelling)",Statistics Canada,neighborhood_or_small_area,Primary official,High,present,primary_mapping
CAN,Canada,CCRA-019,Inadequate water access,2,CAN-A027,WRI Aqueduct Water Risk + StatCan water use / municipal water surveys,WRI / Statistics Canada,modeled_grid,International modeled,Medium,present;2030;2050,primary_mapping
CAN,Canada,CCRA-020,Income,1,CAN-A001,"Statistics Canada Census of Population 2021 — Dissemination Area profiles (age, income, housing, dwelling)",Statistics Canada,neighborhood_or_small_area,Primary official,High,present,primary_mapping
CAN,Canada,CCRA-020,Income,2,CAN-A036,OEF shared city Vulnerability score (age/social screening),Open Earth Foundation,neighborhood_or_small_area,OEF derived screening,High,present,primary_mapping
CAN,Canada,CCRA-020,Income,3,CAN-A003,Canadian Area-Level Social Determinants of Health Indicators (CASDOHI) / DA socioeconomic compilations,Research compilations from StatCan Census Profiles,neighborhood_or_small_area,Research/NGO,High,present,primary_mapping
CAN,Canada,CCRA-021,Industrial GDP share,1,CAN-A020,StatCan National Accounts / provincial GDP by industry,Statistics Canada,national,Primary official,High,present,primary_mapping
CAN,Canada,CCRA-022,Landslide Susceptibility,1,CAN-A009,GSC / provincial landslide inventories & susceptibility products,Geological Survey of Canada / provinces,other_or_mixed,Primary official,Medium,present,primary_mapping
CAN,Canada,CCRA-022,Landslide Susceptibility,2,CAN-A031,OEF Landslide Hazard Score (city screening ensemble),Open Earth Foundation (models/landslide_hazard),modeled_grid,OEF derived screening,High,present,primary_mapping
CAN,Canada,CCRA-022,Landslide Susceptibility,3,CAN-A034,OEF Landslide Risk Score H×E×V (city screening),Open Earth Foundation (landslide_risk),modeled_grid,OEF derived screening,High,present,primary_mapping
CAN,Canada,CCRA-022,Landslide Susceptibility,4,CAN-A010,NASA LHASA + Copernicus DEM / MERIT HAND (landslide drivers),NASA / ESA / MERIT,modeled_grid,International modeled,Medium,present,primary_mapping
CAN,Canada,CCRA-023,Landslide Threat Index,1,CAN-A009,GSC / provincial landslide inventories & susceptibility products,Geological Survey of Canada / provinces,other_or_mixed,Primary official,Medium,present,primary_mapping
CAN,Canada,CCRA-023,Landslide Threat Index,2,CAN-A031,OEF Landslide Hazard Score (city screening ensemble),Open Earth Foundation (models/landslide_hazard),modeled_grid,OEF derived screening,High,present,primary_mapping
CAN,Canada,CCRA-023,Landslide Threat Index,3,CAN-A034,OEF Landslide Risk Score H×E×V (city screening),Open Earth Foundation (landslide_risk),modeled_grid,OEF derived screening,High,present,primary_mapping
CAN,Canada,CCRA-023,Landslide Threat Index,4,CAN-A037,OEF Flood / Heat / Landslide mechanism-type layers (NbS screening),Open Earth Foundation (nbs_*_mechanism_type),modeled_grid,OEF derived screening,Medium,present,primary_mapping
CAN,Canada,CCRA-023,Landslide Threat Index,5,CAN-A010,NASA LHASA + Copernicus DEM / MERIT HAND (landslide drivers),NASA / ESA / MERIT,modeled_grid,International modeled,Medium,present,primary_mapping
CAN,Canada,CCRA-024,Maximum Consecutive Dry Days (CDD),1,CAN-A012,"AAFC / ECCC drought monitoring (CGMS, SPEI/SPI products)",Agriculture and Agri-Food Canada / ECCC,modeled_grid,Primary official,High,present,primary_mapping
CAN,Canada,CCRA-024,Maximum Consecutive Dry Days (CDD),2,CAN-A011,"ClimateData.ca / ECCC climate normals, extremes, and CMIP projections",Environment and Climate Change Canada / PCIC partners,modeled_grid,Primary official,High,present;2030;2050,primary_mapping
CAN,Canada,CCRA-024,Maximum Consecutive Dry Days (CDD),3,CAN-A013,CHIRPS + ERA5-Land extremes / OEF HWM & FRI inputs,UCSB CHIRPS / ECMWF / OEF transforms,modeled_grid,International modeled,High,present;2030;2050,primary_mapping
CAN,Canada,CCRA-025,Maximum Precipitation 5 days (Rx5day),1,CAN-A011,"ClimateData.ca / ECCC climate normals, extremes, and CMIP projections",Environment and Climate Change Canada / PCIC partners,modeled_grid,Primary official,High,present;2030;2050,primary_mapping
CAN,Canada,CCRA-025,Maximum Precipitation 5 days (Rx5day),2,CAN-A013,CHIRPS + ERA5-Land extremes / OEF HWM & FRI inputs,UCSB CHIRPS / ECMWF / OEF transforms,modeled_grid,International modeled,High,present;2030;2050,primary_mapping
CAN,Canada,CCRA-026,Maximum temperature,1,CAN-A011,"ClimateData.ca / ECCC climate normals, extremes, and CMIP projections",Environment and Climate Change Canada / PCIC partners,modeled_grid,Primary official,High,present;2030;2050,primary_mapping
CAN,Canada,CCRA-026,Maximum temperature,2,CAN-A030,OEF Heat Hazard Score (city screening ensemble),Open Earth Foundation (models/heat_hazard),modeled_grid,OEF derived screening,High,present,primary_mapping
CAN,Canada,CCRA-026,Maximum temperature,3,CAN-A033,OEF Heat Risk Score H×E×V (city screening),Open Earth Foundation (heat_risk),modeled_grid,OEF derived screening,High,present,primary_mapping
CAN,Canada,CCRA-026,Maximum temperature,4,CAN-A037,OEF Flood / Heat / Landslide mechanism-type layers (NbS screening),Open Earth Foundation (nbs_*_mechanism_type),modeled_grid,OEF derived screening,Medium,present,primary_mapping
CAN,Canada,CCRA-026,Maximum temperature,5,CAN-A013,CHIRPS + ERA5-Land extremes / OEF HWM & FRI inputs,UCSB CHIRPS / ECMWF / OEF transforms,modeled_grid,International modeled,High,present;2030;2050,primary_mapping
CAN,Canada,CCRA-027,Natural vegetation cover,1,CAN-A017,"NRCAN / CFS forest inventories, Hansen GFC, ESA WorldCover",NRCan CFS / UMD / ESA,modeled_grid,Primary official,High,present,primary_mapping
CAN,Canada,CCRA-028,Population density,1,CAN-A002,Statistics Canada Census Boundary Files + Cartographic Boundary Files (DA/CSD/CT),Statistics Canada,neighborhood_or_small_area,Primary official,High,n/a,primary_mapping
CAN,Canada,CCRA-028,Population density,2,CAN-A001,"Statistics Canada Census of Population 2021 — Dissemination Area profiles (age, income, housing, dwelling)",Statistics Canada,neighborhood_or_small_area,Primary official,High,present,primary_mapping
CAN,Canada,CCRA-028,Population density,3,CAN-A035,OEF shared city Exposure score (population density screening),Open Earth Foundation,neighborhood_or_small_area,OEF derived screening,High,present,primary_mapping
CAN,Canada,CCRA-028,Population density,4,CAN-A032,OEF Flood Risk Score H×E×V (city screening),Open Earth Foundation (flood_risk),modeled_grid,OEF derived screening,High,present,primary_mapping
CAN,Canada,CCRA-028,Population density,5,CAN-A033,OEF Heat Risk Score H×E×V (city screening),Open Earth Foundation (heat_risk),modeled_grid,OEF derived screening,High,present,primary_mapping
CAN,Canada,CCRA-029,Port infrastructures,1,CAN-A015,CAN-EWLAT — Canadian Extreme Water Level Adaptation Tool,Fisheries and Oceans Canada (DFO),facility_or_asset,Primary official,High,present;2030;2050,primary_mapping
CAN,Canada,CCRA-029,Port infrastructures,2,CAN-A014,CanCoast coastal sensitivity indices + relative sea-level change,Natural Resources Canada (GSC),modeled_grid,Primary official,High,present;2030;2050,primary_mapping
CAN,Canada,CCRA-029,Port infrastructures,3,CAN-A021,"National Road Network / CanVec / OpenStreetMap — roads, rail, ports, buildings",NRCan / OSM,facility_or_asset,Primary official,High,present,primary_mapping
CAN,Canada,CCRA-029,Port infrastructures,4,CAN-A023,Port authorities / Transport Canada — port infrastructure & traffic,Canada Port Authorities / Transport Canada,facility_or_asset,Primary official,High,present,primary_mapping
CAN,Canada,CCRA-030,Power generation facilities,1,CAN-A024,CER / WRI Global Power Plant Database — generation facilities,Canada Energy Regulator / WRI,facility_or_asset,Primary official,High,present,primary_mapping
CAN,Canada,CCRA-031,Protected areas,1,CAN-A018,Canadian Protected and Conserved Areas Database (CPCAD) / WDPA,ECCC / UNEP-WCMC,facility_or_asset,Primary official,High,present,primary_mapping
CAN,Canada,CCRA-032,Railroad density,1,CAN-A021,"National Road Network / CanVec / OpenStreetMap — roads, rail, ports, buildings",NRCan / OSM,facility_or_asset,Primary official,High,present,primary_mapping
CAN,Canada,CCRA-033,Relative humidity,1,CAN-A011,"ClimateData.ca / ECCC climate normals, extremes, and CMIP projections",Environment and Climate Change Canada / PCIC partners,modeled_grid,Primary official,High,present;2030;2050,primary_mapping
CAN,Canada,CCRA-033,Relative humidity,2,CAN-A013,CHIRPS + ERA5-Land extremes / OEF HWM & FRI inputs,UCSB CHIRPS / ECMWF / OEF transforms,modeled_grid,International modeled,High,present;2030;2050,primary_mapping
CAN,Canada,CCRA-034,Road density,1,CAN-A021,"National Road Network / CanVec / OpenStreetMap — roads, rail, ports, buildings",NRCan / OSM,facility_or_asset,Primary official,High,present,primary_mapping
CAN,Canada,CCRA-035,Sea Level change,1,CAN-A015,CAN-EWLAT — Canadian Extreme Water Level Adaptation Tool,Fisheries and Oceans Canada (DFO),facility_or_asset,Primary official,High,present;2030;2050,primary_mapping
CAN,Canada,CCRA-035,Sea Level change,2,CAN-A014,CanCoast coastal sensitivity indices + relative sea-level change,Natural Resources Canada (GSC),modeled_grid,Primary official,High,present;2030;2050,primary_mapping
CAN,Canada,CCRA-036,Standardized Precipitation Evapotranspiration Index (SPEI),1,CAN-A012,"AAFC / ECCC drought monitoring (CGMS, SPEI/SPI products)",Agriculture and Agri-Food Canada / ECCC,modeled_grid,Primary official,High,present,primary_mapping
CAN,Canada,CCRA-036,Standardized Precipitation Evapotranspiration Index (SPEI),2,CAN-A011,"ClimateData.ca / ECCC climate normals, extremes, and CMIP projections",Environment and Climate Change Canada / PCIC partners,modeled_grid,Primary official,High,present;2030;2050,primary_mapping
CAN,Canada,CCRA-036,Standardized Precipitation Evapotranspiration Index (SPEI),3,CAN-A013,CHIRPS + ERA5-Land extremes / OEF HWM & FRI inputs,UCSB CHIRPS / ECMWF / OEF transforms,modeled_grid,International modeled,High,present;2030;2050,primary_mapping
CAN,Canada,CCRA-037,Total precipitation,1,CAN-A012,"AAFC / ECCC drought monitoring (CGMS, SPEI/SPI products)",Agriculture and Agri-Food Canada / ECCC,modeled_grid,Primary official,High,present,primary_mapping
CAN,Canada,CCRA-037,Total precipitation,2,CAN-A011,"ClimateData.ca / ECCC climate normals, extremes, and CMIP projections",Environment and Climate Change Canada / PCIC partners,modeled_grid,Primary official,High,present;2030;2050,primary_mapping
CAN,Canada,CCRA-038,Urban infrastructure social vulnerability,1,CAN-A001,"Statistics Canada Census of Population 2021 — Dissemination Area profiles (age, income, housing, dwelling)",Statistics Canada,neighborhood_or_small_area,Primary official,High,present,primary_mapping
CAN,Canada,CCRA-038,Urban infrastructure social vulnerability,2,CAN-A021,"National Road Network / CanVec / OpenStreetMap — roads, rail, ports, buildings",NRCan / OSM,facility_or_asset,Primary official,High,present,primary_mapping
CAN,Canada,CCRA-038,Urban infrastructure social vulnerability,3,CAN-A036,OEF shared city Vulnerability score (age/social screening),Open Earth Foundation,neighborhood_or_small_area,OEF derived screening,High,present,primary_mapping
CAN,Canada,CCRA-038,Urban infrastructure social vulnerability,4,CAN-A003,Canadian Area-Level Social Determinants of Health Indicators (CASDOHI) / DA socioeconomic compilations,Research compilations from StatCan Census Profiles,neighborhood_or_small_area,Research/NGO,High,present,primary_mapping
CAN,Canada,CCRA-038,Urban infrastructure social vulnerability,5,CAN-A026,Microsoft / Google Open Buildings (Canada coverage),Microsoft / Google,facility_or_asset,International modeled,Medium,present,primary_mapping
CAN,Canada,CCRA-039,Urban stormwater drainage coverage,1,CAN-A037,OEF Flood / Heat / Landslide mechanism-type layers (NbS screening),Open Earth Foundation (nbs_*_mechanism_type),modeled_grid,OEF derived screening,Medium,present,related_proxy
CAN,Canada,CCRA-040,Waste Collection,1,CAN-A001,"Statistics Canada Census of Population 2021 — Dissemination Area profiles (age, income, housing, dwelling)",Statistics Canada,neighborhood_or_small_area,Primary official,High,present,primary_mapping
CAN,Canada,CCRA-041,Water security index,1,CAN-A027,WRI Aqueduct Water Risk + StatCan water use / municipal water surveys,WRI / Statistics Canada,modeled_grid,International modeled,Medium,present;2030;2050,primary_mapping
CRI,Costa Rica,CCRA-001,Age Distribution,1,CRI-A001,INEC Censo 2011 + Estimaciones de población y vivienda 2022 (distrito) / proyecciones 2000–2050,Instituto Nacional de Estadística y Censos (INEC),neighborhood_or_small_area,Primary official,High,present;2030;2050,primary_mapping
CRI,Costa Rica,CCRA-001,Age Distribution,2,CRI-A033,OEF Heat Risk Score H×E×V (city screening),Open Earth Foundation (heat_risk),modeled_grid,OEF derived screening,High,present,primary_mapping
CRI,Costa Rica,CCRA-001,Age Distribution,3,CRI-A036,OEF shared city Vulnerability score (age/social screening),Open Earth Foundation,neighborhood_or_small_area,OEF derived screening,Medium,present,primary_mapping
CRI,Costa Rica,CCRA-002,Agricultural GDP share,1,CRI-A013,INEC Encuesta Nacional Agropecuaria (ENA) + MAG land use / SENARA irrigation districts,INEC / MAG / SENARA,other_or_mixed,Primary official,High,present,primary_mapping
CRI,Costa Rica,CCRA-002,Agricultural GDP share,2,CRI-A017,BCCR / INEC national accounts — agriculture & industry GDP shares,BCCR / INEC,national,Primary official,High,present,primary_mapping
CRI,Costa Rica,CCRA-003,Agricultural establishment density,1,CRI-A013,INEC Encuesta Nacional Agropecuaria (ENA) + MAG land use / SENARA irrigation districts,INEC / MAG / SENARA,other_or_mixed,Primary official,High,present,primary_mapping
CRI,Costa Rica,CCRA-004,Agricultural land area,1,CRI-A013,INEC Encuesta Nacional Agropecuaria (ENA) + MAG land use / SENARA irrigation districts,INEC / MAG / SENARA,other_or_mixed,Primary official,High,present,primary_mapping
CRI,Costa Rica,CCRA-005,Areas of global conservation value,1,CRI-A015,SINAC Áreas Silvestres Protegidas (ASP) + WDPA Costa Rica,SINAC / UNEP-WCMC,facility_or_asset,Primary official,High,present,primary_mapping
CRI,Costa Rica,CCRA-005,Areas of global conservation value,2,CRI-A016,Biodiversity Intactness Index + KBAs (Costa Rica),NHM / BirdLife,modeled_grid,Research/NGO,Medium,present,primary_mapping
CRI,Costa Rica,CCRA-006,Biodiversity Intactness Index (BII),1,CRI-A016,Biodiversity Intactness Index + KBAs (Costa Rica),NHM / BirdLife,modeled_grid,Research/NGO,Medium,present,primary_mapping
CRI,Costa Rica,CCRA-007,Confirmed disease cases,1,CRI-A005,Ministerio de Salud / CCSS establecimientos + OSM healthcare POIs,Ministerio de Salud / CCSS / OSM,facility_or_asset,Secondary official,Medium,present,primary_mapping
CRI,Costa Rica,CCRA-008,Dependence on large-scale irrigation,1,CRI-A013,INEC Encuesta Nacional Agropecuaria (ENA) + MAG land use / SENARA irrigation districts,INEC / MAG / SENARA,other_or_mixed,Primary official,High,present,primary_mapping
CRI,Costa Rica,CCRA-009,Electricity consumption,1,CRI-A019,ICE / ARESEP generation & plant registers; WRI Global Power Plant Database,ICE / ARESEP / WRI,facility_or_asset,Primary official,High,present,primary_mapping
CRI,Costa Rica,CCRA-009,Electricity consumption,2,CRI-A020,SEPSE BNE / ARESEP electricity; Census/EHPM energy access proxies,SEPSE / ARESEP / INEC,other_or_mixed,Primary official,Medium,present,primary_mapping
CRI,Costa Rica,CCRA-010,Energy poverty,1,CRI-A001,INEC Censo 2011 + Estimaciones de población y vivienda 2022 (distrito) / proyecciones 2000–2050,Instituto Nacional de Estadística y Censos (INEC),neighborhood_or_small_area,Primary official,High,present;2030;2050,primary_mapping
CRI,Costa Rica,CCRA-010,Energy poverty,2,CRI-A020,SEPSE BNE / ARESEP electricity; Census/EHPM energy access proxies,SEPSE / ARESEP / INEC,other_or_mixed,Primary official,Medium,present,primary_mapping
CRI,Costa Rica,CCRA-010,Energy poverty,3,CRI-A002,PNUD–UCR–SINIRUBE Atlas de Desarrollo Humano Cantonal (IDH / IPM cantonal),PNUD / UCR / SINIRUBE,city_or_municipality,Research/NGO,High,present,primary_mapping
CRI,Costa Rica,CCRA-011,Flood Threat Index,1,CRI-A006,CNE threat layers via SNIT — áreas con potencial a inundación + deslizamientos / mapas de amenaza,Comisión Nacional de Emergencias (CNE),modeled_grid,Primary official,High,present,primary_mapping
CRI,Costa Rica,CCRA-011,Flood Threat Index,2,CRI-A007,Municipal / cantonal risk atlases & CNE DesInventar / MIDEPLAN disaster loss records,Municipalidades / CNE / MIDEPLAN,city_or_municipality,Secondary official,Medium,present,primary_mapping
CRI,Costa Rica,CCRA-011,Flood Threat Index,3,CRI-A029,OEF Flood Hazard Score (city screening ensemble),Open Earth Foundation (models/flood_hazard),modeled_grid,OEF derived screening,High,present,primary_mapping
CRI,Costa Rica,CCRA-011,Flood Threat Index,4,CRI-A032,OEF Flood Risk Score H×E×V (city screening),Open Earth Foundation (flood_risk),modeled_grid,OEF derived screening,High,present,primary_mapping
CRI,Costa Rica,CCRA-011,Flood Threat Index,5,CRI-A028,OEF CHIRPS–COPDEM Flood Risk Index (FRI) — present+SSP,Open Earth Foundation,modeled_grid,OEF derived screening,Medium,present;2030;2050,primary_mapping
CRI,Costa Rica,CCRA-012,Food production and marketing,1,CRI-A013,INEC Encuesta Nacional Agropecuaria (ENA) + MAG land use / SENARA irrigation districts,INEC / MAG / SENARA,other_or_mixed,Primary official,High,present,primary_mapping
CRI,Costa Rica,CCRA-013,Forest cover,1,CRI-A014,SINAC / FONAFIFO forest & land-cover products + Hansen GFC,SINAC / FONAFIFO / UMD,modeled_grid,Primary official,High,present,primary_mapping
CRI,Costa Rica,CCRA-014,Forest loss,1,CRI-A014,SINAC / FONAFIFO forest & land-cover products + Hansen GFC,SINAC / FONAFIFO / UMD,modeled_grid,Primary official,High,present,primary_mapping
CRI,Costa Rica,CCRA-015,Health and basic services access,1,CRI-A001,INEC Censo 2011 + Estimaciones de población y vivienda 2022 (distrito) / proyecciones 2000–2050,Instituto Nacional de Estadística y Censos (INEC),neighborhood_or_small_area,Primary official,High,present;2030;2050,primary_mapping
CRI,Costa Rica,CCRA-015,Health and basic services access,2,CRI-A005,Ministerio de Salud / CCSS establecimientos + OSM healthcare POIs,Ministerio de Salud / CCSS / OSM,facility_or_asset,Secondary official,Medium,present,primary_mapping
CRI,Costa Rica,CCRA-015,Health and basic services access,3,CRI-A002,PNUD–UCR–SINIRUBE Atlas de Desarrollo Humano Cantonal (IDH / IPM cantonal),PNUD / UCR / SINIRUBE,city_or_municipality,Research/NGO,High,present,primary_mapping
CRI,Costa Rica,CCRA-016,Health facility density,1,CRI-A005,Ministerio de Salud / CCSS establecimientos + OSM healthcare POIs,Ministerio de Salud / CCSS / OSM,facility_or_asset,Secondary official,Medium,present,primary_mapping
CRI,Costa Rica,CCRA-017,Households in hazard-prone areas,1,CRI-A003,IGN / SNIT límites distritales y cantonales + cartografía oficial,Instituto Geográfico Nacional / SNIT,neighborhood_or_small_area,Primary official,High,n/a,primary_mapping
CRI,Costa Rica,CCRA-017,Households in hazard-prone areas,2,CRI-A006,CNE threat layers via SNIT — áreas con potencial a inundación + deslizamientos / mapas de amenaza,Comisión Nacional de Emergencias (CNE),modeled_grid,Primary official,High,present,primary_mapping
CRI,Costa Rica,CCRA-017,Households in hazard-prone areas,3,CRI-A018,"IGN / MOPT / OSM — roads, rail, ports, buildings; Microsoft footprints",IGN / MOPT / OSM / Microsoft,facility_or_asset,Secondary official,High,present,primary_mapping
CRI,Costa Rica,CCRA-017,Households in hazard-prone areas,4,CRI-A007,Municipal / cantonal risk atlases & CNE DesInventar / MIDEPLAN disaster loss records,Municipalidades / CNE / MIDEPLAN,city_or_municipality,Secondary official,Medium,present,primary_mapping
CRI,Costa Rica,CCRA-017,Households in hazard-prone areas,5,CRI-A035,OEF shared city Exposure score (population density screening),Open Earth Foundation,neighborhood_or_small_area,OEF derived screening,High,present,primary_mapping
CRI,Costa Rica,CCRA-018,Inadequate Sanitation,1,CRI-A001,INEC Censo 2011 + Estimaciones de población y vivienda 2022 (distrito) / proyecciones 2000–2050,Instituto Nacional de Estadística y Censos (INEC),neighborhood_or_small_area,Primary official,High,present;2030;2050,primary_mapping
CRI,Costa Rica,CCRA-019,Inadequate water access,1,CRI-A001,INEC Censo 2011 + Estimaciones de población y vivienda 2022 (distrito) / proyecciones 2000–2050,Instituto Nacional de Estadística y Censos (INEC),neighborhood_or_small_area,Primary official,High,present;2030;2050,primary_mapping
CRI,Costa Rica,CCRA-019,Inadequate water access,2,CRI-A021,AyA / ASADAS / SENARA–SINIGIRH water security & aquifer vulnerability,AyA / ASADAS / SENARA / DA,other_or_mixed,Primary official,High,present,primary_mapping
CRI,Costa Rica,CCRA-020,Income,1,CRI-A001,INEC Censo 2011 + Estimaciones de población y vivienda 2022 (distrito) / proyecciones 2000–2050,Instituto Nacional de Estadística y Censos (INEC),neighborhood_or_small_area,Primary official,High,present;2030;2050,primary_mapping
CRI,Costa Rica,CCRA-020,Income,2,CRI-A036,OEF shared city Vulnerability score (age/social screening),Open Earth Foundation,neighborhood_or_small_area,OEF derived screening,Medium,present,primary_mapping
CRI,Costa Rica,CCRA-020,Income,3,CRI-A002,PNUD–UCR–SINIRUBE Atlas de Desarrollo Humano Cantonal (IDH / IPM cantonal),PNUD / UCR / SINIRUBE,city_or_municipality,Research/NGO,High,present,primary_mapping
CRI,Costa Rica,CCRA-021,Industrial GDP share,1,CRI-A017,BCCR / INEC national accounts — agriculture & industry GDP shares,BCCR / INEC,national,Primary official,High,present,primary_mapping
CRI,Costa Rica,CCRA-022,Landslide Susceptibility,1,CRI-A006,CNE threat layers via SNIT — áreas con potencial a inundación + deslizamientos / mapas de amenaza,Comisión Nacional de Emergencias (CNE),modeled_grid,Primary official,High,present,primary_mapping
CRI,Costa Rica,CCRA-022,Landslide Susceptibility,2,CRI-A031,OEF Landslide Hazard Score (city screening ensemble),Open Earth Foundation (models/landslide_hazard),modeled_grid,OEF derived screening,High,present,primary_mapping
CRI,Costa Rica,CCRA-022,Landslide Susceptibility,3,CRI-A034,OEF Landslide Risk Score H×E×V (city screening),Open Earth Foundation (landslide_risk),modeled_grid,OEF derived screening,High,present,primary_mapping
CRI,Costa Rica,CCRA-022,Landslide Susceptibility,4,CRI-A009,NASA LHASA + Copernicus DEM (landslide drivers; complement to CNE),NASA / ESA,modeled_grid,International modeled,Medium,present,primary_mapping
CRI,Costa Rica,CCRA-023,Landslide Threat Index,1,CRI-A006,CNE threat layers via SNIT — áreas con potencial a inundación + deslizamientos / mapas de amenaza,Comisión Nacional de Emergencias (CNE),modeled_grid,Primary official,High,present,primary_mapping
CRI,Costa Rica,CCRA-023,Landslide Threat Index,2,CRI-A031,OEF Landslide Hazard Score (city screening ensemble),Open Earth Foundation (models/landslide_hazard),modeled_grid,OEF derived screening,High,present,primary_mapping
CRI,Costa Rica,CCRA-023,Landslide Threat Index,3,CRI-A034,OEF Landslide Risk Score H×E×V (city screening),Open Earth Foundation (landslide_risk),modeled_grid,OEF derived screening,High,present,primary_mapping
CRI,Costa Rica,CCRA-023,Landslide Threat Index,4,CRI-A037,OEF Flood / Heat / Landslide mechanism-type layers (NbS screening),Open Earth Foundation (nbs_*_mechanism_type),modeled_grid,OEF derived screening,Medium,present,primary_mapping
CRI,Costa Rica,CCRA-023,Landslide Threat Index,5,CRI-A009,NASA LHASA + Copernicus DEM (landslide drivers; complement to CNE),NASA / ESA,modeled_grid,International modeled,Medium,present,primary_mapping
CRI,Costa Rica,CCRA-024,Maximum Consecutive Dry Days (CDD),1,CRI-A010,IMN climate observations + proyecciones regionalizadas (RCP/SSP) / análisis de riesgo hidrometeorológico,Instituto Meteorológico Nacional (IMN) / DCC-MINAE,modeled_grid,Primary official,High,present;2030;2050,primary_mapping
CRI,Costa Rica,CCRA-024,Maximum Consecutive Dry Days (CDD),2,CRI-A011,CHIRPS + ERA5-Land extremes / OEF HWM & FRI inputs,UCSB CHIRPS / ECMWF / OEF,modeled_grid,International modeled,High,present;2030;2050,primary_mapping
CRI,Costa Rica,CCRA-025,Maximum Precipitation 5 days (Rx5day),1,CRI-A010,IMN climate observations + proyecciones regionalizadas (RCP/SSP) / análisis de riesgo hidrometeorológico,Instituto Meteorológico Nacional (IMN) / DCC-MINAE,modeled_grid,Primary official,High,present;2030;2050,primary_mapping
CRI,Costa Rica,CCRA-025,Maximum Precipitation 5 days (Rx5day),2,CRI-A011,CHIRPS + ERA5-Land extremes / OEF HWM & FRI inputs,UCSB CHIRPS / ECMWF / OEF,modeled_grid,International modeled,High,present;2030;2050,primary_mapping
CRI,Costa Rica,CCRA-026,Maximum temperature,1,CRI-A010,IMN climate observations + proyecciones regionalizadas (RCP/SSP) / análisis de riesgo hidrometeorológico,Instituto Meteorológico Nacional (IMN) / DCC-MINAE,modeled_grid,Primary official,High,present;2030;2050,primary_mapping
CRI,Costa Rica,CCRA-026,Maximum temperature,2,CRI-A030,OEF Heat Hazard Score (city screening ensemble),Open Earth Foundation (models/heat_hazard),modeled_grid,OEF derived screening,High,present,primary_mapping
CRI,Costa Rica,CCRA-026,Maximum temperature,3,CRI-A033,OEF Heat Risk Score H×E×V (city screening),Open Earth Foundation (heat_risk),modeled_grid,OEF derived screening,High,present,primary_mapping
CRI,Costa Rica,CCRA-026,Maximum temperature,4,CRI-A037,OEF Flood / Heat / Landslide mechanism-type layers (NbS screening),Open Earth Foundation (nbs_*_mechanism_type),modeled_grid,OEF derived screening,Medium,present,primary_mapping
CRI,Costa Rica,CCRA-026,Maximum temperature,5,CRI-A011,CHIRPS + ERA5-Land extremes / OEF HWM & FRI inputs,UCSB CHIRPS / ECMWF / OEF,modeled_grid,International modeled,High,present;2030;2050,primary_mapping
CRI,Costa Rica,CCRA-027,Natural vegetation cover,1,CRI-A014,SINAC / FONAFIFO forest & land-cover products + Hansen GFC,SINAC / FONAFIFO / UMD,modeled_grid,Primary official,High,present,primary_mapping
CRI,Costa Rica,CCRA-028,Population density,1,CRI-A001,INEC Censo 2011 + Estimaciones de población y vivienda 2022 (distrito) / proyecciones 2000–2050,Instituto Nacional de Estadística y Censos (INEC),neighborhood_or_small_area,Primary official,High,present;2030;2050,primary_mapping
CRI,Costa Rica,CCRA-028,Population density,2,CRI-A035,OEF shared city Exposure score (population density screening),Open Earth Foundation,neighborhood_or_small_area,OEF derived screening,High,present,primary_mapping
CRI,Costa Rica,CCRA-028,Population density,3,CRI-A032,OEF Flood Risk Score H×E×V (city screening),Open Earth Foundation (flood_risk),modeled_grid,OEF derived screening,High,present,primary_mapping
CRI,Costa Rica,CCRA-028,Population density,4,CRI-A033,OEF Heat Risk Score H×E×V (city screening),Open Earth Foundation (heat_risk),modeled_grid,OEF derived screening,High,present,primary_mapping
CRI,Costa Rica,CCRA-028,Population density,5,CRI-A034,OEF Landslide Risk Score H×E×V (city screening),Open Earth Foundation (landslide_risk),modeled_grid,OEF derived screening,High,present,primary_mapping
CRI,Costa Rica,CCRA-029,Port infrastructures,1,CRI-A012,IMN / MINAE / coastal studies + IPCC AR6 regional SLR (Pacífico & Caribe),IMN / MINAE / research institutes / IPCC,other_or_mixed,Primary official,Medium,present;2030;2050,primary_mapping
CRI,Costa Rica,CCRA-029,Port infrastructures,2,CRI-A023,INCOP / JAPDEVA ports + OSM harbour features,INCOP / JAPDEVA / OSM,facility_or_asset,Secondary official,Medium,present,primary_mapping
CRI,Costa Rica,CCRA-030,Power generation facilities,1,CRI-A019,ICE / ARESEP generation & plant registers; WRI Global Power Plant Database,ICE / ARESEP / WRI,facility_or_asset,Primary official,High,present,primary_mapping
CRI,Costa Rica,CCRA-031,Protected areas,1,CRI-A015,SINAC Áreas Silvestres Protegidas (ASP) + WDPA Costa Rica,SINAC / UNEP-WCMC,facility_or_asset,Primary official,High,present,primary_mapping
CRI,Costa Rica,CCRA-032,Railroad density,1,CRI-A018,"IGN / MOPT / OSM — roads, rail, ports, buildings; Microsoft footprints",IGN / MOPT / OSM / Microsoft,facility_or_asset,Secondary official,High,present,primary_mapping
CRI,Costa Rica,CCRA-033,Relative humidity,1,CRI-A010,IMN climate observations + proyecciones regionalizadas (RCP/SSP) / análisis de riesgo hidrometeorológico,Instituto Meteorológico Nacional (IMN) / DCC-MINAE,modeled_grid,Primary official,High,present;2030;2050,primary_mapping
CRI,Costa Rica,CCRA-033,Relative humidity,2,CRI-A011,CHIRPS + ERA5-Land extremes / OEF HWM & FRI inputs,UCSB CHIRPS / ECMWF / OEF,modeled_grid,International modeled,High,present;2030;2050,primary_mapping
CRI,Costa Rica,CCRA-034,Road density,1,CRI-A018,"IGN / MOPT / OSM — roads, rail, ports, buildings; Microsoft footprints",IGN / MOPT / OSM / Microsoft,facility_or_asset,Secondary official,High,present,primary_mapping
CRI,Costa Rica,CCRA-035,Sea Level change,1,CRI-A010,IMN climate observations + proyecciones regionalizadas (RCP/SSP) / análisis de riesgo hidrometeorológico,Instituto Meteorológico Nacional (IMN) / DCC-MINAE,modeled_grid,Primary official,High,present;2030;2050,primary_mapping
CRI,Costa Rica,CCRA-035,Sea Level change,2,CRI-A012,IMN / MINAE / coastal studies + IPCC AR6 regional SLR (Pacífico & Caribe),IMN / MINAE / research institutes / IPCC,other_or_mixed,Primary official,Medium,present;2030;2050,primary_mapping
CRI,Costa Rica,CCRA-036,Standardized Precipitation Evapotranspiration Index (SPEI),1,CRI-A010,IMN climate observations + proyecciones regionalizadas (RCP/SSP) / análisis de riesgo hidrometeorológico,Instituto Meteorológico Nacional (IMN) / DCC-MINAE,modeled_grid,Primary official,High,present;2030;2050,primary_mapping
CRI,Costa Rica,CCRA-036,Standardized Precipitation Evapotranspiration Index (SPEI),2,CRI-A021,AyA / ASADAS / SENARA–SINIGIRH water security & aquifer vulnerability,AyA / ASADAS / SENARA / DA,other_or_mixed,Primary official,High,present,primary_mapping
CRI,Costa Rica,CCRA-036,Standardized Precipitation Evapotranspiration Index (SPEI),3,CRI-A011,CHIRPS + ERA5-Land extremes / OEF HWM & FRI inputs,UCSB CHIRPS / ECMWF / OEF,modeled_grid,International modeled,High,present;2030;2050,primary_mapping
CRI,Costa Rica,CCRA-037,Total precipitation,1,CRI-A010,IMN climate observations + proyecciones regionalizadas (RCP/SSP) / análisis de riesgo hidrometeorológico,Instituto Meteorológico Nacional (IMN) / DCC-MINAE,modeled_grid,Primary official,High,present;2030;2050,primary_mapping
CRI,Costa Rica,CCRA-037,Total precipitation,2,CRI-A011,CHIRPS + ERA5-Land extremes / OEF HWM & FRI inputs,UCSB CHIRPS / ECMWF / OEF,modeled_grid,International modeled,High,present;2030;2050,primary_mapping
CRI,Costa Rica,CCRA-038,Urban infrastructure social vulnerability,1,CRI-A001,INEC Censo 2011 + Estimaciones de población y vivienda 2022 (distrito) / proyecciones 2000–2050,Instituto Nacional de Estadística y Censos (INEC),neighborhood_or_small_area,Primary official,High,present;2030;2050,primary_mapping
CRI,Costa Rica,CCRA-038,Urban infrastructure social vulnerability,2,CRI-A018,"IGN / MOPT / OSM — roads, rail, ports, buildings; Microsoft footprints",IGN / MOPT / OSM / Microsoft,facility_or_asset,Secondary official,High,present,primary_mapping
CRI,Costa Rica,CCRA-038,Urban infrastructure social vulnerability,3,CRI-A036,OEF shared city Vulnerability score (age/social screening),Open Earth Foundation,neighborhood_or_small_area,OEF derived screening,Medium,present,primary_mapping
CRI,Costa Rica,CCRA-038,Urban infrastructure social vulnerability,4,CRI-A002,PNUD–UCR–SINIRUBE Atlas de Desarrollo Humano Cantonal (IDH / IPM cantonal),PNUD / UCR / SINIRUBE,city_or_municipality,Research/NGO,High,present,primary_mapping
CRI,Costa Rica,CCRA-040,Waste Collection,1,CRI-A022,Ministerio de Salud / municipal solid-waste service statistics,Ministerio de Salud / municipalidades,city_or_municipality,Secondary official,Medium,present,primary_mapping
CRI,Costa Rica,CCRA-041,Water security index,1,CRI-A010,IMN climate observations + proyecciones regionalizadas (RCP/SSP) / análisis de riesgo hidrometeorológico,Instituto Meteorológico Nacional (IMN) / DCC-MINAE,modeled_grid,Primary official,High,present;2030;2050,primary_mapping
CRI,Costa Rica,CCRA-041,Water security index,2,CRI-A021,AyA / ASADAS / SENARA–SINIGIRH water security & aquifer vulnerability,AyA / ASADAS / SENARA / DA,other_or_mixed,Primary official,High,present,primary_mapping
ARG,Argentina,CCRA-001,Age Distribution,1,ARG-A001,"INDEC Censo Nacional de Población, Hogares y Viviendas 2022 — radios censales (edad, NBI, vivienda, agua/saneamiento)",Instituto Nacional de Estadística y Censos (INDEC),neighborhood_or_small_area,Primary official,High,present,primary_mapping
ARG,Argentina,CCRA-001,Age Distribution,2,ARG-A036,OEF shared city Vulnerability score (age/social screening),Open Earth Foundation,neighborhood_or_small_area,OEF derived screening,High,present,primary_mapping
ARG,Argentina,CCRA-001,Age Distribution,3,ARG-A033,OEF Heat Risk Score H×E×V (city screening),Open Earth Foundation (heat_risk),modeled_grid,OEF derived screening,High,present,primary_mapping
ARG,Argentina,CCRA-002,Agricultural GDP share,1,ARG-A014,INDEC Censo Nacional Agropecuario 2018 + MAGyP land use / irrigation statistics,"INDEC / Ministerio de Agricultura, Ganadería y Pesca",state_or_province,Primary official,High,present,primary_mapping
ARG,Argentina,CCRA-002,Agricultural GDP share,2,ARG-A018,INDEC Cuentas Nacionales / provincial GVA by industry (agro & industry shares),INDEC,national,Primary official,High,present,primary_mapping
ARG,Argentina,CCRA-003,Agricultural establishment density,1,ARG-A014,INDEC Censo Nacional Agropecuario 2018 + MAGyP land use / irrigation statistics,"INDEC / Ministerio de Agricultura, Ganadería y Pesca",state_or_province,Primary official,High,present,primary_mapping
ARG,Argentina,CCRA-004,Agricultural land area,1,ARG-A014,INDEC Censo Nacional Agropecuario 2018 + MAGyP land use / irrigation statistics,"INDEC / Ministerio de Agricultura, Ganadería y Pesca",state_or_province,Primary official,High,present,primary_mapping
ARG,Argentina,CCRA-005,Areas of global conservation value,1,ARG-A016,SIB / APN áreas protegidas + WDPA Argentina,Administración de Parques Nacionales / Ambiente / UNEP-WCMC,facility_or_asset,Primary official,High,present,primary_mapping
ARG,Argentina,CCRA-005,Areas of global conservation value,2,ARG-A017,Biodiversity Intactness Index + KBAs (Argentina),NHM / BirdLife,modeled_grid,Research/NGO,Medium,present,primary_mapping
ARG,Argentina,CCRA-006,Biodiversity Intactness Index (BII),1,ARG-A017,Biodiversity Intactness Index + KBAs (Argentina),NHM / BirdLife,modeled_grid,Research/NGO,Medium,present,primary_mapping
ARG,Argentina,CCRA-007,Confirmed disease cases,1,ARG-A005,Ministerio de Salud / provincial health open data + OSM healthcare POIs,Ministerio de Salud / provincias / OSM,facility_or_asset,Secondary official,Medium,present,primary_mapping
ARG,Argentina,CCRA-008,Dependence on large-scale irrigation,1,ARG-A014,INDEC Censo Nacional Agropecuario 2018 + MAGyP land use / irrigation statistics,"INDEC / Ministerio de Agricultura, Ganadería y Pesca",state_or_province,Primary official,High,present,primary_mapping
ARG,Argentina,CCRA-009,Electricity consumption,1,ARG-A020,CAMMESA / Secretaría de Energía generation & SESCO; WRI Global Power Plant Database,CAMMESA / Secretaría de Energía / WRI,facility_or_asset,Primary official,High,present,primary_mapping
ARG,Argentina,CCRA-009,Electricity consumption,2,ARG-A021,Balance Energético Nacional (BEN) / CAMMESA demand; ENRE–ENARGAS; census energy proxies,Secretaría de Energía / CAMMESA / reguladores,other_or_mixed,Primary official,Medium,present,primary_mapping
ARG,Argentina,CCRA-010,Energy poverty,1,ARG-A001,"INDEC Censo Nacional de Población, Hogares y Viviendas 2022 — radios censales (edad, NBI, vivienda, agua/saneamiento)",Instituto Nacional de Estadística y Censos (INDEC),neighborhood_or_small_area,Primary official,High,present,primary_mapping
ARG,Argentina,CCRA-010,Energy poverty,2,ARG-A002,INDEC NBI / EPH poverty & income indicators (aglomerados + census NBI at radio),INDEC,neighborhood_or_small_area,Primary official,High,present,primary_mapping
ARG,Argentina,CCRA-010,Energy poverty,3,ARG-A021,Balance Energético Nacional (BEN) / CAMMESA demand; ENRE–ENARGAS; census energy proxies,Secretaría de Energía / CAMMESA / reguladores,other_or_mixed,Primary official,Medium,present,primary_mapping
ARG,Argentina,CCRA-011,Flood Threat Index,1,ARG-A006,INA / provincial flood hazard & floodplain studies + CABA/AMBA inundación open layers,Instituto Nacional del Agua (INA) / provincias / CABA,other_or_mixed,Primary official,High,present,primary_mapping
ARG,Argentina,CCRA-011,Flood Threat Index,2,ARG-A007,SINAGIR / Defensa Civil risk inventories & municipal risk maps (flood/landslide where published),SINAGIR / municipios,city_or_municipality,Secondary official,Medium,present,primary_mapping
ARG,Argentina,CCRA-011,Flood Threat Index,3,ARG-A029,OEF Flood Hazard Score (city screening ensemble),Open Earth Foundation (models/flood_hazard),modeled_grid,OEF derived screening,High,present,primary_mapping
ARG,Argentina,CCRA-011,Flood Threat Index,4,ARG-A032,OEF Flood Risk Score H×E×V (city screening),Open Earth Foundation (flood_risk),modeled_grid,OEF derived screening,High,present,primary_mapping
ARG,Argentina,CCRA-011,Flood Threat Index,5,ARG-A028,OEF CHIRPS–COPDEM Flood Risk Index (FRI) — present+SSP,Open Earth Foundation,modeled_grid,OEF derived screening,Medium,present;2030;2050,primary_mapping
ARG,Argentina,CCRA-012,Food production and marketing,1,ARG-A014,INDEC Censo Nacional Agropecuario 2018 + MAGyP land use / irrigation statistics,"INDEC / Ministerio de Agricultura, Ganadería y Pesca",state_or_province,Primary official,High,present,primary_mapping
ARG,Argentina,CCRA-013,Forest cover,1,ARG-A015,UMSEF / Dirección de Bosques monitores + Hansen GFC + ESA WorldCover,MAGyP / UMD / ESA,modeled_grid,Primary official,High,present,primary_mapping
ARG,Argentina,CCRA-014,Forest loss,1,ARG-A015,UMSEF / Dirección de Bosques monitores + Hansen GFC + ESA WorldCover,MAGyP / UMD / ESA,modeled_grid,Primary official,High,present,primary_mapping
ARG,Argentina,CCRA-015,Health and basic services access,1,ARG-A001,"INDEC Censo Nacional de Población, Hogares y Viviendas 2022 — radios censales (edad, NBI, vivienda, agua/saneamiento)",Instituto Nacional de Estadística y Censos (INDEC),neighborhood_or_small_area,Primary official,High,present,primary_mapping
ARG,Argentina,CCRA-015,Health and basic services access,2,ARG-A002,INDEC NBI / EPH poverty & income indicators (aglomerados + census NBI at radio),INDEC,neighborhood_or_small_area,Primary official,High,present,primary_mapping
ARG,Argentina,CCRA-015,Health and basic services access,3,ARG-A005,Ministerio de Salud / provincial health open data + OSM healthcare POIs,Ministerio de Salud / provincias / OSM,facility_or_asset,Secondary official,Medium,present,primary_mapping
ARG,Argentina,CCRA-016,Health facility density,1,ARG-A005,Ministerio de Salud / provincial health open data + OSM healthcare POIs,Ministerio de Salud / provincias / OSM,facility_or_asset,Secondary official,Medium,present,primary_mapping
ARG,Argentina,CCRA-017,Households in hazard-prone areas,1,ARG-A003,INDEC Portal Geoestadístico — radios/fracciones/departamentos + IGN administrative boundaries,INDEC / Instituto Geográfico Nacional (IGN),neighborhood_or_small_area,Primary official,High,n/a,primary_mapping
ARG,Argentina,CCRA-017,Households in hazard-prone areas,2,ARG-A006,INA / provincial flood hazard & floodplain studies + CABA/AMBA inundación open layers,Instituto Nacional del Agua (INA) / provincias / CABA,other_or_mixed,Primary official,High,present,primary_mapping
ARG,Argentina,CCRA-017,Households in hazard-prone areas,3,ARG-A013,SEGEMAR geological hazard / landslide inventories + provincial susceptibility (Andes/Sierras),SEGEMAR / provincias,other_or_mixed,Primary official,Medium,present,primary_mapping
ARG,Argentina,CCRA-017,Households in hazard-prone areas,4,ARG-A019,"IGN / OSM — roads, rail, ports, buildings; Microsoft footprints",IGN / OSM / Microsoft,facility_or_asset,Secondary official,High,present,primary_mapping
ARG,Argentina,CCRA-017,Households in hazard-prone areas,5,ARG-A007,SINAGIR / Defensa Civil risk inventories & municipal risk maps (flood/landslide where published),SINAGIR / municipios,city_or_municipality,Secondary official,Medium,present,primary_mapping
ARG,Argentina,CCRA-018,Inadequate Sanitation,1,ARG-A001,"INDEC Censo Nacional de Población, Hogares y Viviendas 2022 — radios censales (edad, NBI, vivienda, agua/saneamiento)",Instituto Nacional de Estadística y Censos (INDEC),neighborhood_or_small_area,Primary official,High,present,primary_mapping
ARG,Argentina,CCRA-019,Inadequate water access,1,ARG-A001,"INDEC Censo Nacional de Población, Hogares y Viviendas 2022 — radios censales (edad, NBI, vivienda, agua/saneamiento)",Instituto Nacional de Estadística y Censos (INDEC),neighborhood_or_small_area,Primary official,High,present,primary_mapping
ARG,Argentina,CCRA-019,Inadequate water access,2,ARG-A022,INA / AySA & provincial water utilities performance; Water Security / drought indicators,INA / AySA / provincial operators / Ambiente,city_or_municipality,Secondary official,Medium,present,primary_mapping
ARG,Argentina,CCRA-020,Income,1,ARG-A001,"INDEC Censo Nacional de Población, Hogares y Viviendas 2022 — radios censales (edad, NBI, vivienda, agua/saneamiento)",Instituto Nacional de Estadística y Censos (INDEC),neighborhood_or_small_area,Primary official,High,present,primary_mapping
ARG,Argentina,CCRA-020,Income,2,ARG-A002,INDEC NBI / EPH poverty & income indicators (aglomerados + census NBI at radio),INDEC,neighborhood_or_small_area,Primary official,High,present,primary_mapping
ARG,Argentina,CCRA-020,Income,3,ARG-A036,OEF shared city Vulnerability score (age/social screening),Open Earth Foundation,neighborhood_or_small_area,OEF derived screening,High,present,primary_mapping
ARG,Argentina,CCRA-021,Industrial GDP share,1,ARG-A018,INDEC Cuentas Nacionales / provincial GVA by industry (agro & industry shares),INDEC,national,Primary official,High,present,primary_mapping
ARG,Argentina,CCRA-022,Landslide Susceptibility,1,ARG-A013,SEGEMAR geological hazard / landslide inventories + provincial susceptibility (Andes/Sierras),SEGEMAR / provincias,other_or_mixed,Primary official,Medium,present,primary_mapping
ARG,Argentina,CCRA-022,Landslide Susceptibility,2,ARG-A031,OEF Landslide Hazard Score (city screening ensemble),Open Earth Foundation (models/landslide_hazard),modeled_grid,OEF derived screening,High,present,primary_mapping
ARG,Argentina,CCRA-022,Landslide Susceptibility,3,ARG-A034,OEF Landslide Risk Score H×E×V (city screening),Open Earth Foundation (landslide_risk),modeled_grid,OEF derived screening,High,present,primary_mapping
ARG,Argentina,CCRA-022,Landslide Susceptibility,4,ARG-A009,NASA LHASA + Copernicus DEM / MERIT HAND (landslide drivers),NASA / ESA / MERIT,modeled_grid,International modeled,Medium,present,primary_mapping
ARG,Argentina,CCRA-023,Landslide Threat Index,1,ARG-A013,SEGEMAR geological hazard / landslide inventories + provincial susceptibility (Andes/Sierras),SEGEMAR / provincias,other_or_mixed,Primary official,Medium,present,primary_mapping
ARG,Argentina,CCRA-023,Landslide Threat Index,2,ARG-A031,OEF Landslide Hazard Score (city screening ensemble),Open Earth Foundation (models/landslide_hazard),modeled_grid,OEF derived screening,High,present,primary_mapping
ARG,Argentina,CCRA-023,Landslide Threat Index,3,ARG-A034,OEF Landslide Risk Score H×E×V (city screening),Open Earth Foundation (landslide_risk),modeled_grid,OEF derived screening,High,present,primary_mapping
ARG,Argentina,CCRA-023,Landslide Threat Index,4,ARG-A037,OEF Flood / Heat / Landslide mechanism-type layers (NbS screening),Open Earth Foundation (nbs_*_mechanism_type),modeled_grid,OEF derived screening,Medium,present,primary_mapping
ARG,Argentina,CCRA-023,Landslide Threat Index,5,ARG-A009,NASA LHASA + Copernicus DEM / MERIT HAND (landslide drivers),NASA / ESA / MERIT,modeled_grid,International modeled,Medium,present,primary_mapping
ARG,Argentina,CCRA-024,Maximum Consecutive Dry Days (CDD),1,ARG-A010,SMN observational climate + 3ra Comunicación Nacional / proyecciones climáticas nacionales,Servicio Meteorológico Nacional / Subsecretaría de Ambiente,modeled_grid,Primary official,High,present;2030;2050,primary_mapping
ARG,Argentina,CCRA-024,Maximum Consecutive Dry Days (CDD),2,ARG-A011,CHIRPS + ERA5-Land extremes / OEF HWM & FRI inputs,UCSB CHIRPS / ECMWF / OEF,modeled_grid,International modeled,High,present;2030;2050,primary_mapping
ARG,Argentina,CCRA-025,Maximum Precipitation 5 days (Rx5day),1,ARG-A010,SMN observational climate + 3ra Comunicación Nacional / proyecciones climáticas nacionales,Servicio Meteorológico Nacional / Subsecretaría de Ambiente,modeled_grid,Primary official,High,present;2030;2050,primary_mapping
ARG,Argentina,CCRA-025,Maximum Precipitation 5 days (Rx5day),2,ARG-A011,CHIRPS + ERA5-Land extremes / OEF HWM & FRI inputs,UCSB CHIRPS / ECMWF / OEF,modeled_grid,International modeled,High,present;2030;2050,primary_mapping
ARG,Argentina,CCRA-026,Maximum temperature,1,ARG-A010,SMN observational climate + 3ra Comunicación Nacional / proyecciones climáticas nacionales,Servicio Meteorológico Nacional / Subsecretaría de Ambiente,modeled_grid,Primary official,High,present;2030;2050,primary_mapping
ARG,Argentina,CCRA-026,Maximum temperature,2,ARG-A030,OEF Heat Hazard Score (city screening ensemble),Open Earth Foundation (models/heat_hazard),modeled_grid,OEF derived screening,High,present,primary_mapping
ARG,Argentina,CCRA-026,Maximum temperature,3,ARG-A033,OEF Heat Risk Score H×E×V (city screening),Open Earth Foundation (heat_risk),modeled_grid,OEF derived screening,High,present,primary_mapping
ARG,Argentina,CCRA-026,Maximum temperature,4,ARG-A037,OEF Flood / Heat / Landslide mechanism-type layers (NbS screening),Open Earth Foundation (nbs_*_mechanism_type),modeled_grid,OEF derived screening,Medium,present,primary_mapping
ARG,Argentina,CCRA-026,Maximum temperature,5,ARG-A011,CHIRPS + ERA5-Land extremes / OEF HWM & FRI inputs,UCSB CHIRPS / ECMWF / OEF,modeled_grid,International modeled,High,present;2030;2050,primary_mapping
ARG,Argentina,CCRA-027,Natural vegetation cover,1,ARG-A015,UMSEF / Dirección de Bosques monitores + Hansen GFC + ESA WorldCover,MAGyP / UMD / ESA,modeled_grid,Primary official,High,present,primary_mapping
ARG,Argentina,CCRA-028,Population density,1,ARG-A001,"INDEC Censo Nacional de Población, Hogares y Viviendas 2022 — radios censales (edad, NBI, vivienda, agua/saneamiento)",Instituto Nacional de Estadística y Censos (INDEC),neighborhood_or_small_area,Primary official,High,present,primary_mapping
ARG,Argentina,CCRA-028,Population density,2,ARG-A035,OEF shared city Exposure score (population density screening),Open Earth Foundation,neighborhood_or_small_area,OEF derived screening,High,present,primary_mapping
ARG,Argentina,CCRA-028,Population density,3,ARG-A032,OEF Flood Risk Score H×E×V (city screening),Open Earth Foundation (flood_risk),modeled_grid,OEF derived screening,High,present,primary_mapping
ARG,Argentina,CCRA-028,Population density,4,ARG-A033,OEF Heat Risk Score H×E×V (city screening),Open Earth Foundation (heat_risk),modeled_grid,OEF derived screening,High,present,primary_mapping
ARG,Argentina,CCRA-028,Population density,5,ARG-A034,OEF Landslide Risk Score H×E×V (city screening),Open Earth Foundation (landslide_risk),modeled_grid,OEF derived screening,High,present,primary_mapping
ARG,Argentina,CCRA-029,Port infrastructures,1,ARG-A012,Servicio de Hidrografía Naval (SHN) / IPCC AR6 regional SLR + Río de la Plata coastal/sudestada studies,SHN / IPCC / research–provincial coastal programs,other_or_mixed,Primary official,Medium,present;2030;2050,primary_mapping
ARG,Argentina,CCRA-029,Port infrastructures,2,ARG-A024,AGP / puertos nacionales & provinciales + OSM harbour features,AGP / prefectura–ports / OSM,facility_or_asset,Secondary official,Medium,present,primary_mapping
ARG,Argentina,CCRA-030,Power generation facilities,1,ARG-A020,CAMMESA / Secretaría de Energía generation & SESCO; WRI Global Power Plant Database,CAMMESA / Secretaría de Energía / WRI,facility_or_asset,Primary official,High,present,primary_mapping
ARG,Argentina,CCRA-031,Protected areas,1,ARG-A016,SIB / APN áreas protegidas + WDPA Argentina,Administración de Parques Nacionales / Ambiente / UNEP-WCMC,facility_or_asset,Primary official,High,present,primary_mapping
ARG,Argentina,CCRA-032,Railroad density,1,ARG-A019,"IGN / OSM — roads, rail, ports, buildings; Microsoft footprints",IGN / OSM / Microsoft,facility_or_asset,Secondary official,High,present,primary_mapping
ARG,Argentina,CCRA-033,Relative humidity,1,ARG-A010,SMN observational climate + 3ra Comunicación Nacional / proyecciones climáticas nacionales,Servicio Meteorológico Nacional / Subsecretaría de Ambiente,modeled_grid,Primary official,High,present;2030;2050,primary_mapping
ARG,Argentina,CCRA-033,Relative humidity,2,ARG-A011,CHIRPS + ERA5-Land extremes / OEF HWM & FRI inputs,UCSB CHIRPS / ECMWF / OEF,modeled_grid,International modeled,High,present;2030;2050,primary_mapping
ARG,Argentina,CCRA-034,Road density,1,ARG-A019,"IGN / OSM — roads, rail, ports, buildings; Microsoft footprints",IGN / OSM / Microsoft,facility_or_asset,Secondary official,High,present,primary_mapping
ARG,Argentina,CCRA-035,Sea Level change,1,ARG-A010,SMN observational climate + 3ra Comunicación Nacional / proyecciones climáticas nacionales,Servicio Meteorológico Nacional / Subsecretaría de Ambiente,modeled_grid,Primary official,High,present;2030;2050,primary_mapping
ARG,Argentina,CCRA-035,Sea Level change,2,ARG-A012,Servicio de Hidrografía Naval (SHN) / IPCC AR6 regional SLR + Río de la Plata coastal/sudestada studies,SHN / IPCC / research–provincial coastal programs,other_or_mixed,Primary official,Medium,present;2030;2050,primary_mapping
ARG,Argentina,CCRA-036,Standardized Precipitation Evapotranspiration Index (SPEI),1,ARG-A010,SMN observational climate + 3ra Comunicación Nacional / proyecciones climáticas nacionales,Servicio Meteorológico Nacional / Subsecretaría de Ambiente,modeled_grid,Primary official,High,present;2030;2050,primary_mapping
ARG,Argentina,CCRA-036,Standardized Precipitation Evapotranspiration Index (SPEI),2,ARG-A011,CHIRPS + ERA5-Land extremes / OEF HWM & FRI inputs,UCSB CHIRPS / ECMWF / OEF,modeled_grid,International modeled,High,present;2030;2050,primary_mapping
ARG,Argentina,CCRA-037,Total precipitation,1,ARG-A010,SMN observational climate + 3ra Comunicación Nacional / proyecciones climáticas nacionales,Servicio Meteorológico Nacional / Subsecretaría de Ambiente,modeled_grid,Primary official,High,present;2030;2050,primary_mapping
ARG,Argentina,CCRA-037,Total precipitation,2,ARG-A011,CHIRPS + ERA5-Land extremes / OEF HWM & FRI inputs,UCSB CHIRPS / ECMWF / OEF,modeled_grid,International modeled,High,present;2030;2050,primary_mapping
ARG,Argentina,CCRA-038,Urban infrastructure social vulnerability,1,ARG-A001,"INDEC Censo Nacional de Población, Hogares y Viviendas 2022 — radios censales (edad, NBI, vivienda, agua/saneamiento)",Instituto Nacional de Estadística y Censos (INDEC),neighborhood_or_small_area,Primary official,High,present,primary_mapping
ARG,Argentina,CCRA-038,Urban infrastructure social vulnerability,2,ARG-A002,INDEC NBI / EPH poverty & income indicators (aglomerados + census NBI at radio),INDEC,neighborhood_or_small_area,Primary official,High,present,primary_mapping
ARG,Argentina,CCRA-038,Urban infrastructure social vulnerability,3,ARG-A019,"IGN / OSM — roads, rail, ports, buildings; Microsoft footprints",IGN / OSM / Microsoft,facility_or_asset,Secondary official,High,present,primary_mapping
ARG,Argentina,CCRA-038,Urban infrastructure social vulnerability,4,ARG-A036,OEF shared city Vulnerability score (age/social screening),Open Earth Foundation,neighborhood_or_small_area,OEF derived screening,High,present,primary_mapping
ARG,Argentina,CCRA-040,Waste Collection,1,ARG-A023,ENGIRSU / Observatorio RSU + CEAMSE (AMBA) + municipal waste open data,Ambiente / CEAMSE / municipios,city_or_municipality,Secondary official,Medium,present,primary_mapping
ARG,Argentina,CCRA-041,Water security index,1,ARG-A010,SMN observational climate + 3ra Comunicación Nacional / proyecciones climáticas nacionales,Servicio Meteorológico Nacional / Subsecretaría de Ambiente,modeled_grid,Primary official,High,present;2030;2050,primary_mapping
ARG,Argentina,CCRA-041,Water security index,2,ARG-A022,INA / AySA & provincial water utilities performance; Water Security / drought indicators,INA / AySA / provincial operators / Ambiente,city_or_municipality,Secondary official,Medium,present,primary_mapping
MAR,Morocco,CCRA-001,Age Distribution,1,MAR-A001,"RGPH 2024 — résultats interactifs (démographie, habitat, services)",Haut-Commissariat au Plan (HCP),city_or_municipality,Primary official,High,present,primary_mapping
MAR,Morocco,CCRA-001,Age Distribution,2,MAR-A042,OEF shared city Vulnerability score (age/social screening),Open Earth Foundation (geospatial-data CCRA V layer),neighborhood_or_small_area,OEF derived screening,High,present,primary_mapping
MAR,Morocco,CCRA-001,Age Distribution,3,MAR-A039,OEF Heat Risk Score H×E×V (city screening),Open Earth Foundation (geospatial-data / heat_risk),modeled_grid,OEF derived screening,High,present,primary_mapping
MAR,Morocco,CCRA-001,Age Distribution,4,MAR-A005,"WorldPop age-sex structures (MAR, ~100 m)",WorldPop / University of Southampton,modeled_grid,International modeled,High,present;2030,primary_mapping
MAR,Morocco,CCRA-001,Age Distribution,5,MAR-A007,"Morocco — Risk Assessment Indicators (HeiGIT GAIA / HDX, ADM2)",HeiGIT (via HDX),state_or_province,Research/NGO,Medium,present,primary_mapping
MAR,Morocco,CCRA-002,Agricultural GDP share,1,MAR-A024,"Indicateurs sectoriels (agriculture, énergie, eau, transport…) — data.gov.ma",Portail Open Data Maroc (sources administratives),national,Primary official,High,present,primary_mapping
MAR,Morocco,CCRA-002,Agricultural GDP share,2,MAR-A025,Agriculture et pêche — open data MEF / data.gov.ma,Ministère de l’Économie et des Finances (via data.gov.ma),national,Primary official,Medium,present,primary_mapping
MAR,Morocco,CCRA-003,Agricultural establishment density,1,MAR-A025,Agriculture et pêche — open data MEF / data.gov.ma,Ministère de l’Économie et des Finances (via data.gov.ma),national,Primary official,Medium,present,primary_mapping
MAR,Morocco,CCRA-003,Agricultural establishment density,2,MAR-A026,Crop and irrigation types ground-truth (5 major agricultural regions),Research dataset (Sci Data / Nature portfolio),facility_or_asset,Research/NGO,High,present,primary_mapping
MAR,Morocco,CCRA-004,Agricultural land area,1,MAR-A024,"Indicateurs sectoriels (agriculture, énergie, eau, transport…) — data.gov.ma",Portail Open Data Maroc (sources administratives),national,Primary official,High,present,primary_mapping
MAR,Morocco,CCRA-004,Agricultural land area,2,MAR-A025,Agriculture et pêche — open data MEF / data.gov.ma,Ministère de l’Économie et des Finances (via data.gov.ma),national,Primary official,Medium,present,primary_mapping
MAR,Morocco,CCRA-004,Agricultural land area,3,MAR-A026,Crop and irrigation types ground-truth (5 major agricultural regions),Research dataset (Sci Data / Nature portfolio),facility_or_asset,Research/NGO,High,present,primary_mapping
MAR,Morocco,CCRA-004,Agricultural land area,4,MAR-A020,ESA WorldCover / Dynamic World land cover,ESA / Google+WRI (Dynamic World),modeled_grid,International modeled,High,present,primary_mapping
MAR,Morocco,CCRA-005,Areas of global conservation value,1,MAR-A021,World Database on Protected Areas (WDPA),UNEP-WCMC / IUCN,facility_or_asset,International modeled,High,present,primary_mapping
MAR,Morocco,CCRA-005,Areas of global conservation value,2,MAR-A023,Key Biodiversity Areas / conservation-value layers,BirdLife / KBA Partnership (and national SIBE listings),facility_or_asset,Research/NGO,Medium,present,primary_mapping
MAR,Morocco,CCRA-006,Biodiversity Intactness Index (BII),1,MAR-A022,Biodiversity Intactness Index (BII) / related intactness layers,Natural History Museum / GEO BON community products,modeled_grid,International modeled,Medium,present,primary_mapping
MAR,Morocco,CCRA-008,Dependence on large-scale irrigation,1,MAR-A026,Crop and irrigation types ground-truth (5 major agricultural regions),Research dataset (Sci Data / Nature portfolio),facility_or_asset,Research/NGO,High,present,primary_mapping
MAR,Morocco,CCRA-009,Electricity consumption,1,MAR-A024,"Indicateurs sectoriels (agriculture, énergie, eau, transport…) — data.gov.ma",Portail Open Data Maroc (sources administratives),national,Primary official,High,present,primary_mapping
MAR,Morocco,CCRA-009,Electricity consumption,2,MAR-A031,ONEE / ANRE — electricity production & consumption statistics,ONEE / ANRE,other_or_mixed,Primary official,Medium,present,primary_mapping
MAR,Morocco,CCRA-010,Energy poverty,1,MAR-A002,Cartographie de la pauvreté multidimensionnelle (Mai 2025),Haut-Commissariat au Plan (HCP),neighborhood_or_small_area,Primary official,High,present,primary_mapping
MAR,Morocco,CCRA-010,Energy poverty,2,MAR-A031,ONEE / ANRE — electricity production & consumption statistics,ONEE / ANRE,other_or_mixed,Primary official,Medium,present,primary_mapping
MAR,Morocco,CCRA-011,Flood Threat Index,1,MAR-A008,Atlas des zones inondables — ABH du Tensift (web atlas),Agence de Bassin Hydraulique du Tensift (ABHT),modeled_grid,Primary official,High,present,primary_mapping
MAR,Morocco,CCRA-011,Flood Threat Index,2,MAR-A009,Atlas des zones inondables (AZI) — programme national ABH / Intérieur,Agences de Bassins Hydrauliques + Ministère de l’Intérieur,other_or_mixed,Primary official,Medium,present,primary_mapping
MAR,Morocco,CCRA-011,Flood Threat Index,3,MAR-A035,OEF Flood Hazard Score (city screening ensemble),Open Earth Foundation (geospatial-data / models/flood_hazard),modeled_grid,OEF derived screening,High,present,primary_mapping
MAR,Morocco,CCRA-011,Flood Threat Index,4,MAR-A038,OEF Flood Risk Score H×E×V (city screening),Open Earth Foundation (geospatial-data / flood_risk),modeled_grid,OEF derived screening,High,present,primary_mapping
MAR,Morocco,CCRA-011,Flood Threat Index,5,MAR-A034,OEF CHIRPS–COPDEM Flood Risk Index (FRI) — global/present+SSP inputs,OEF geospatial-data transformations (CHIRPS + COPDEM),modeled_grid,OEF derived screening,Medium,present;2030;2050,primary_mapping
MAR,Morocco,CCRA-012,Food production and marketing,1,MAR-A024,"Indicateurs sectoriels (agriculture, énergie, eau, transport…) — data.gov.ma",Portail Open Data Maroc (sources administratives),national,Primary official,High,present,primary_mapping
MAR,Morocco,CCRA-012,Food production and marketing,2,MAR-A025,Agriculture et pêche — open data MEF / data.gov.ma,Ministère de l’Économie et des Finances (via data.gov.ma),national,Primary official,Medium,present,primary_mapping
MAR,Morocco,CCRA-012,Food production and marketing,3,MAR-A026,Crop and irrigation types ground-truth (5 major agricultural regions),Research dataset (Sci Data / Nature portfolio),facility_or_asset,Research/NGO,High,present,primary_mapping
MAR,Morocco,CCRA-013,Forest cover,1,MAR-A020,ESA WorldCover / Dynamic World land cover,ESA / Google+WRI (Dynamic World),modeled_grid,International modeled,High,present,primary_mapping
MAR,Morocco,CCRA-013,Forest cover,2,MAR-A019,Hansen Global Forest Change (treecover / loss),UMD / GLAD,modeled_grid,International modeled,High,present,primary_mapping
MAR,Morocco,CCRA-014,Forest loss,1,MAR-A019,Hansen Global Forest Change (treecover / loss),UMD / GLAD,modeled_grid,International modeled,High,present,primary_mapping
MAR,Morocco,CCRA-015,Health and basic services access,1,MAR-A002,Cartographie de la pauvreté multidimensionnelle (Mai 2025),Haut-Commissariat au Plan (HCP),neighborhood_or_small_area,Primary official,High,present,primary_mapping
MAR,Morocco,CCRA-015,Health and basic services access,2,MAR-A001,"RGPH 2024 — résultats interactifs (démographie, habitat, services)",Haut-Commissariat au Plan (HCP),city_or_municipality,Primary official,High,present,primary_mapping
MAR,Morocco,CCRA-015,Health and basic services access,3,MAR-A030,Cartographie des établissements économiques / services publics (HCP 2023/2024),Haut-Commissariat au Plan (HCP),state_or_province,Primary official,Medium,present,primary_mapping
MAR,Morocco,CCRA-015,Health and basic services access,4,MAR-A007,"Morocco — Risk Assessment Indicators (HeiGIT GAIA / HDX, ADM2)",HeiGIT (via HDX),state_or_province,Research/NGO,Medium,present,primary_mapping
MAR,Morocco,CCRA-016,Health facility density,1,MAR-A030,Cartographie des établissements économiques / services publics (HCP 2023/2024),Haut-Commissariat au Plan (HCP),state_or_province,Primary official,Medium,present,primary_mapping
MAR,Morocco,CCRA-016,Health facility density,2,MAR-A027,"OpenStreetMap — roads, railways, ports, health facilities, buildings",OpenStreetMap contributors,facility_or_asset,Research/NGO,Medium,present,primary_mapping
MAR,Morocco,CCRA-016,Health facility density,3,MAR-A007,"Morocco — Risk Assessment Indicators (HeiGIT GAIA / HDX, ADM2)",HeiGIT (via HDX),state_or_province,Research/NGO,Medium,present,primary_mapping
MAR,Morocco,CCRA-017,Households in hazard-prone areas,1,MAR-A008,Atlas des zones inondables — ABH du Tensift (web atlas),Agence de Bassin Hydraulique du Tensift (ABHT),modeled_grid,Primary official,High,present,primary_mapping
MAR,Morocco,CCRA-017,Households in hazard-prone areas,2,MAR-A009,Atlas des zones inondables (AZI) — programme national ABH / Intérieur,Agences de Bassins Hydrauliques + Ministère de l’Intérieur,other_or_mixed,Primary official,Medium,present,primary_mapping
MAR,Morocco,CCRA-017,Households in hazard-prone areas,3,MAR-A003,Morocco COD-AB — subnational administrative boundaries (ADM0–ADM2),OCHA / HDX (source: HCP),state_or_province,Secondary official,High,n/a,primary_mapping
MAR,Morocco,CCRA-017,Households in hazard-prone areas,4,MAR-A035,OEF Flood Hazard Score (city screening ensemble),Open Earth Foundation (geospatial-data / models/flood_hazard),modeled_grid,OEF derived screening,High,present,primary_mapping
MAR,Morocco,CCRA-017,Households in hazard-prone areas,5,MAR-A038,OEF Flood Risk Score H×E×V (city screening),Open Earth Foundation (geospatial-data / flood_risk),modeled_grid,OEF derived screening,High,present,primary_mapping
MAR,Morocco,CCRA-018,Inadequate Sanitation,1,MAR-A001,"RGPH 2024 — résultats interactifs (démographie, habitat, services)",Haut-Commissariat au Plan (HCP),city_or_municipality,Primary official,High,present,primary_mapping
MAR,Morocco,CCRA-019,Inadequate water access,1,MAR-A001,"RGPH 2024 — résultats interactifs (démographie, habitat, services)",Haut-Commissariat au Plan (HCP),city_or_municipality,Primary official,High,present,primary_mapping
MAR,Morocco,CCRA-019,Inadequate water access,2,MAR-A033,WRI Aqueduct Water Risk / water security composites,World Resources Institute,modeled_grid,International modeled,Medium,present;2030;2050,primary_mapping
MAR,Morocco,CCRA-020,Income,1,MAR-A002,Cartographie de la pauvreté multidimensionnelle (Mai 2025),Haut-Commissariat au Plan (HCP),neighborhood_or_small_area,Primary official,High,present,primary_mapping
MAR,Morocco,CCRA-020,Income,2,MAR-A001,"RGPH 2024 — résultats interactifs (démographie, habitat, services)",Haut-Commissariat au Plan (HCP),city_or_municipality,Primary official,High,present,primary_mapping
MAR,Morocco,CCRA-020,Income,3,MAR-A042,OEF shared city Vulnerability score (age/social screening),Open Earth Foundation (geospatial-data CCRA V layer),neighborhood_or_small_area,OEF derived screening,High,present,primary_mapping
MAR,Morocco,CCRA-021,Industrial GDP share,1,MAR-A024,"Indicateurs sectoriels (agriculture, énergie, eau, transport…) — data.gov.ma",Portail Open Data Maroc (sources administratives),national,Primary official,High,present,primary_mapping
MAR,Morocco,CCRA-022,Landslide Susceptibility,1,MAR-A037,OEF Landslide Hazard Score (city screening ensemble),Open Earth Foundation (geospatial-data / models/landslide_hazard),modeled_grid,OEF derived screening,High,present,primary_mapping
MAR,Morocco,CCRA-022,Landslide Susceptibility,2,MAR-A040,OEF Landslide Risk Score H×E×V (city screening),Open Earth Foundation (geospatial-data / landslide_risk),modeled_grid,OEF derived screening,High,present,primary_mapping
MAR,Morocco,CCRA-022,Landslide Susceptibility,3,MAR-A017,Copernicus DEM GLO-30 (+ slope/HAND derivatives),ESA / Copernicus,modeled_grid,International modeled,High,n/a,primary_mapping
MAR,Morocco,CCRA-022,Landslide Susceptibility,4,MAR-A016,NASA LHASA / global rainfall-triggered landslide hazard,NASA GSFC,modeled_grid,International modeled,Medium,present,primary_mapping
MAR,Morocco,CCRA-023,Landslide Threat Index,1,MAR-A037,OEF Landslide Hazard Score (city screening ensemble),Open Earth Foundation (geospatial-data / models/landslide_hazard),modeled_grid,OEF derived screening,High,present,primary_mapping
MAR,Morocco,CCRA-023,Landslide Threat Index,2,MAR-A040,OEF Landslide Risk Score H×E×V (city screening),Open Earth Foundation (geospatial-data / landslide_risk),modeled_grid,OEF derived screening,High,present,primary_mapping
MAR,Morocco,CCRA-023,Landslide Threat Index,3,MAR-A043,OEF Flood / Heat / Landslide mechanism-type layers (NbS screening),Open Earth Foundation (models/nbs_*_mechanism_type),modeled_grid,OEF derived screening,Medium,present,primary_mapping
MAR,Morocco,CCRA-023,Landslide Threat Index,4,MAR-A012,"CHIRPS extreme precipitation indices (Rx5day, R90p/R95p/R99p) + climatology",UCSB Climate Hazards Center / CHIRPS (OEF transformations available),modeled_grid,International modeled,High,present,primary_mapping
MAR,Morocco,CCRA-023,Landslide Threat Index,5,MAR-A017,Copernicus DEM GLO-30 (+ slope/HAND derivatives),ESA / Copernicus,modeled_grid,International modeled,High,n/a,primary_mapping
MAR,Morocco,CCRA-024,Maximum Consecutive Dry Days (CDD),1,MAR-A015,DGM / Direction Générale de la Météorologie — station climate & drought indices (SPI/SPEI),Direction Générale de la Météorologie (Maroc),facility_or_asset,Primary official,High,present,primary_mapping
MAR,Morocco,CCRA-024,Maximum Consecutive Dry Days (CDD),2,MAR-A014,SPEIbase / global SPEI gridded drought index,CSIC / SPEI project (and equivalents from ERA5/CHIRPS workflows),modeled_grid,International modeled,High,present,primary_mapping
MAR,Morocco,CCRA-025,Maximum Precipitation 5 days (Rx5day),1,MAR-A012,"CHIRPS extreme precipitation indices (Rx5day, R90p/R95p/R99p) + climatology",UCSB Climate Hazards Center / CHIRPS (OEF transformations available),modeled_grid,International modeled,High,present,primary_mapping
MAR,Morocco,CCRA-026,Maximum temperature,1,MAR-A015,DGM / Direction Générale de la Météorologie — station climate & drought indices (SPI/SPEI),Direction Générale de la Météorologie (Maroc),facility_or_asset,Primary official,High,present,primary_mapping
MAR,Morocco,CCRA-026,Maximum temperature,2,MAR-A036,OEF Heat Hazard Score (city screening ensemble),Open Earth Foundation (geospatial-data / models/heat_hazard),modeled_grid,OEF derived screening,High,present,primary_mapping
MAR,Morocco,CCRA-026,Maximum temperature,3,MAR-A039,OEF Heat Risk Score H×E×V (city screening),Open Earth Foundation (geospatial-data / heat_risk),modeled_grid,OEF derived screening,High,present,primary_mapping
MAR,Morocco,CCRA-026,Maximum temperature,4,MAR-A043,OEF Flood / Heat / Landslide mechanism-type layers (NbS screening),Open Earth Foundation (models/nbs_*_mechanism_type),modeled_grid,OEF derived screening,Medium,present,primary_mapping
MAR,Morocco,CCRA-026,Maximum temperature,5,MAR-A013,"ERA5-Land extreme temperature / heatwave indices (TXx, TX90p, HWM, …)",ECMWF / Copernicus (OEF transformations available),modeled_grid,International modeled,High,present;2030;2050,primary_mapping
MAR,Morocco,CCRA-027,Natural vegetation cover,1,MAR-A020,ESA WorldCover / Dynamic World land cover,ESA / Google+WRI (Dynamic World),modeled_grid,International modeled,High,present,primary_mapping
MAR,Morocco,CCRA-027,Natural vegetation cover,2,MAR-A019,Hansen Global Forest Change (treecover / loss),UMD / GLAD,modeled_grid,International modeled,High,present,primary_mapping
MAR,Morocco,CCRA-028,Population density,1,MAR-A001,"RGPH 2024 — résultats interactifs (démographie, habitat, services)",Haut-Commissariat au Plan (HCP),city_or_municipality,Primary official,High,present,primary_mapping
MAR,Morocco,CCRA-028,Population density,2,MAR-A003,Morocco COD-AB — subnational administrative boundaries (ADM0–ADM2),OCHA / HDX (source: HCP),state_or_province,Secondary official,High,n/a,primary_mapping
MAR,Morocco,CCRA-028,Population density,3,MAR-A038,OEF Flood Risk Score H×E×V (city screening),Open Earth Foundation (geospatial-data / flood_risk),modeled_grid,OEF derived screening,High,present,primary_mapping
MAR,Morocco,CCRA-028,Population density,4,MAR-A039,OEF Heat Risk Score H×E×V (city screening),Open Earth Foundation (geospatial-data / heat_risk),modeled_grid,OEF derived screening,High,present,primary_mapping
MAR,Morocco,CCRA-028,Population density,5,MAR-A040,OEF Landslide Risk Score H×E×V (city screening),Open Earth Foundation (geospatial-data / landslide_risk),modeled_grid,OEF derived screening,High,present,primary_mapping
MAR,Morocco,CCRA-029,Port infrastructures,1,MAR-A029,Statistiques de trafic portuaire / infrastructures portuaires (ANP / équipement),Agence Nationale des Ports / Ministère de l’Équipement,facility_or_asset,Primary official,Medium,present,primary_mapping
MAR,Morocco,CCRA-029,Port infrastructures,2,MAR-A018,NASA / IPCC sea-level change & coastal elevation proxies,NASA Sea Level Change / IPCC projections (+ CoastalDEM/NASADEM),modeled_grid,International modeled,Medium,present;2030;2050,primary_mapping
MAR,Morocco,CCRA-029,Port infrastructures,3,MAR-A027,"OpenStreetMap — roads, railways, ports, health facilities, buildings",OpenStreetMap contributors,facility_or_asset,Research/NGO,Medium,present,primary_mapping
MAR,Morocco,CCRA-030,Power generation facilities,1,MAR-A028,Global Power Plant Database / WRI energy infrastructure,WRI,facility_or_asset,International modeled,High,present,primary_mapping
MAR,Morocco,CCRA-031,Protected areas,1,MAR-A021,World Database on Protected Areas (WDPA),UNEP-WCMC / IUCN,facility_or_asset,International modeled,High,present,primary_mapping
MAR,Morocco,CCRA-032,Railroad density,1,MAR-A027,"OpenStreetMap — roads, railways, ports, health facilities, buildings",OpenStreetMap contributors,facility_or_asset,Research/NGO,Medium,present,primary_mapping
MAR,Morocco,CCRA-033,Relative humidity,1,MAR-A015,DGM / Direction Générale de la Météorologie — station climate & drought indices (SPI/SPEI),Direction Générale de la Météorologie (Maroc),facility_or_asset,Primary official,High,present,primary_mapping
MAR,Morocco,CCRA-033,Relative humidity,2,MAR-A013,"ERA5-Land extreme temperature / heatwave indices (TXx, TX90p, HWM, …)",ECMWF / Copernicus (OEF transformations available),modeled_grid,International modeled,High,present;2030;2050,primary_mapping
MAR,Morocco,CCRA-034,Road density,1,MAR-A024,"Indicateurs sectoriels (agriculture, énergie, eau, transport…) — data.gov.ma",Portail Open Data Maroc (sources administratives),national,Primary official,High,present,primary_mapping
MAR,Morocco,CCRA-034,Road density,2,MAR-A027,"OpenStreetMap — roads, railways, ports, health facilities, buildings",OpenStreetMap contributors,facility_or_asset,Research/NGO,Medium,present,primary_mapping
MAR,Morocco,CCRA-035,Sea Level change,1,MAR-A018,NASA / IPCC sea-level change & coastal elevation proxies,NASA Sea Level Change / IPCC projections (+ CoastalDEM/NASADEM),modeled_grid,International modeled,Medium,present;2030;2050,primary_mapping
MAR,Morocco,CCRA-036,Standardized Precipitation Evapotranspiration Index (SPEI),1,MAR-A015,DGM / Direction Générale de la Météorologie — station climate & drought indices (SPI/SPEI),Direction Générale de la Météorologie (Maroc),facility_or_asset,Primary official,High,present,primary_mapping
MAR,Morocco,CCRA-036,Standardized Precipitation Evapotranspiration Index (SPEI),2,MAR-A014,SPEIbase / global SPEI gridded drought index,CSIC / SPEI project (and equivalents from ERA5/CHIRPS workflows),modeled_grid,International modeled,High,present,primary_mapping
MAR,Morocco,CCRA-037,Total precipitation,1,MAR-A015,DGM / Direction Générale de la Météorologie — station climate & drought indices (SPI/SPEI),Direction Générale de la Météorologie (Maroc),facility_or_asset,Primary official,High,present,primary_mapping
MAR,Morocco,CCRA-037,Total precipitation,2,MAR-A024,"Indicateurs sectoriels (agriculture, énergie, eau, transport…) — data.gov.ma",Portail Open Data Maroc (sources administratives),national,Primary official,High,present,primary_mapping
MAR,Morocco,CCRA-037,Total precipitation,3,MAR-A012,"CHIRPS extreme precipitation indices (Rx5day, R90p/R95p/R99p) + climatology",UCSB Climate Hazards Center / CHIRPS (OEF transformations available),modeled_grid,International modeled,High,present,primary_mapping
MAR,Morocco,CCRA-038,Urban infrastructure social vulnerability,1,MAR-A002,Cartographie de la pauvreté multidimensionnelle (Mai 2025),Haut-Commissariat au Plan (HCP),neighborhood_or_small_area,Primary official,High,present,primary_mapping
MAR,Morocco,CCRA-038,Urban infrastructure social vulnerability,2,MAR-A001,"RGPH 2024 — résultats interactifs (démographie, habitat, services)",Haut-Commissariat au Plan (HCP),city_or_municipality,Primary official,High,present,primary_mapping
MAR,Morocco,CCRA-038,Urban infrastructure social vulnerability,3,MAR-A042,OEF shared city Vulnerability score (age/social screening),Open Earth Foundation (geospatial-data CCRA V layer),neighborhood_or_small_area,OEF derived screening,High,present,primary_mapping
MAR,Morocco,CCRA-038,Urban infrastructure social vulnerability,4,MAR-A032,Microsoft Building Footprints / Google Open Buildings (MAR coverage),Microsoft / Google,facility_or_asset,International modeled,Medium,present,primary_mapping
MAR,Morocco,CCRA-038,Urban infrastructure social vulnerability,5,MAR-A027,"OpenStreetMap — roads, railways, ports, health facilities, buildings",OpenStreetMap contributors,facility_or_asset,Research/NGO,Medium,present,primary_mapping
MAR,Morocco,CCRA-039,Urban stormwater drainage coverage,1,MAR-A043,OEF Flood / Heat / Landslide mechanism-type layers (NbS screening),Open Earth Foundation (models/nbs_*_mechanism_type),modeled_grid,OEF derived screening,Medium,present,related_proxy
MAR,Morocco,CCRA-040,Waste Collection,1,MAR-A001,"RGPH 2024 — résultats interactifs (démographie, habitat, services)",Haut-Commissariat au Plan (HCP),city_or_municipality,Primary official,High,present,primary_mapping
MAR,Morocco,CCRA-041,Water security index,1,MAR-A024,"Indicateurs sectoriels (agriculture, énergie, eau, transport…) — data.gov.ma",Portail Open Data Maroc (sources administratives),national,Primary official,High,present,primary_mapping
MAR,Morocco,CCRA-041,Water security index,2,MAR-A033,WRI Aqueduct Water Risk / water security composites,World Resources Institute,modeled_grid,International modeled,Medium,present;2030;2050,primary_mapping
ETH,Ethiopia,CCRA-001,Age Distribution,1,ETH-A001,ESS / CSA population & housing census + projections (via IMIS / StatBank / HDX COD-PS),Ethiopian Statistical Service (ESS; formerly CSA),city_or_municipality,Primary official,High,present,primary_mapping
ETH,Ethiopia,CCRA-001,Age Distribution,2,ETH-A040,OEF shared city Vulnerability score (age/social screening),Open Earth Foundation (CCRA V layer),neighborhood_or_small_area,OEF derived screening,High,present,primary_mapping
ETH,Ethiopia,CCRA-001,Age Distribution,3,ETH-A037,OEF Heat Risk Score H×E×V (city screening),Open Earth Foundation (heat_risk),modeled_grid,OEF derived screening,High,present,primary_mapping
ETH,Ethiopia,CCRA-001,Age Distribution,4,ETH-A005,"WorldPop constrained population & age-sex (ETH, ~100 m)",WorldPop / University of Southampton (via HDX),modeled_grid,International modeled,High,present;2030,primary_mapping
ETH,Ethiopia,CCRA-001,Age Distribution,5,ETH-A007,"Ethiopia — Risk Assessment Indicators (HeiGIT GAIA / HDX, ADM2)",HeiGIT (via HDX),state_or_province,Research/NGO,Medium,present,primary_mapping
ETH,Ethiopia,CCRA-002,Agricultural GDP share,1,ETH-A023,"ESS Agricultural Sample Survey (AgSS) — crops, livestock, land use",Ethiopian Statistical Service (ESS),state_or_province,Primary official,High,present,primary_mapping
ETH,Ethiopia,CCRA-002,Agricultural GDP share,2,ETH-A025,"National Accounts / MoF — sectoral GDP (agriculture, industry)",Ministry of Finance / ESS National Accounts,national,Primary official,High,present,primary_mapping
ETH,Ethiopia,CCRA-003,Agricultural establishment density,1,ETH-A023,"ESS Agricultural Sample Survey (AgSS) — crops, livestock, land use",Ethiopian Statistical Service (ESS),state_or_province,Primary official,High,present,primary_mapping
ETH,Ethiopia,CCRA-004,Agricultural land area,1,ETH-A023,"ESS Agricultural Sample Survey (AgSS) — crops, livestock, land use",Ethiopian Statistical Service (ESS),state_or_province,Primary official,High,present,primary_mapping
ETH,Ethiopia,CCRA-004,Agricultural land area,2,ETH-A019,ESA WorldCover / Dynamic World land cover,ESA / Google+WRI,modeled_grid,International modeled,High,present,primary_mapping
ETH,Ethiopia,CCRA-004,Agricultural land area,3,ETH-A024,FAO / WaPOR / AQUASTAT — irrigated area & agricultural water,FAO,modeled_grid,International modeled,Medium,present,primary_mapping
ETH,Ethiopia,CCRA-005,Areas of global conservation value,1,ETH-A020,World Database on Protected Areas (WDPA),UNEP-WCMC / IUCN,facility_or_asset,International modeled,High,present,primary_mapping
ETH,Ethiopia,CCRA-005,Areas of global conservation value,2,ETH-A022,Key Biodiversity Areas / conservation-value sites,BirdLife / KBA Partnership,facility_or_asset,Research/NGO,Medium,present,primary_mapping
ETH,Ethiopia,CCRA-006,Biodiversity Intactness Index (BII),1,ETH-A021,Biodiversity Intactness Index (BII),Natural History Museum / GEO BON community,modeled_grid,International modeled,Medium,present,primary_mapping
ETH,Ethiopia,CCRA-007,Confirmed disease cases,1,ETH-A003,"DHS Ethiopia — water, sanitation, health & nutrition indicators",The DHS Program / ESS,state_or_province,Secondary official,High,present,primary_mapping
ETH,Ethiopia,CCRA-008,Dependence on large-scale irrigation,1,ETH-A023,"ESS Agricultural Sample Survey (AgSS) — crops, livestock, land use",Ethiopian Statistical Service (ESS),state_or_province,Primary official,High,present,primary_mapping
ETH,Ethiopia,CCRA-008,Dependence on large-scale irrigation,2,ETH-A024,FAO / WaPOR / AQUASTAT — irrigated area & agricultural water,FAO,modeled_grid,International modeled,Medium,present,primary_mapping
ETH,Ethiopia,CCRA-009,Electricity consumption,1,ETH-A029,EEU / MoWE electricity access & consumption statistics; Multi-Tier Framework (MTF),EEU / MoWE / energydata.info,other_or_mixed,Primary official,Medium,present,primary_mapping
ETH,Ethiopia,CCRA-010,Energy poverty,1,ETH-A004,"HCES / LSMS-ISA Ethiopia — poverty, consumption, energy access",ESS / World Bank LSMS,state_or_province,Primary official,High,present,primary_mapping
ETH,Ethiopia,CCRA-010,Energy poverty,2,ETH-A029,EEU / MoWE electricity access & consumption statistics; Multi-Tier Framework (MTF),EEU / MoWE / energydata.info,other_or_mixed,Primary official,Medium,present,primary_mapping
ETH,Ethiopia,CCRA-011,Flood Threat Index,1,ETH-A033,OEF Flood Hazard Score (city screening ensemble),Open Earth Foundation (models/flood_hazard),modeled_grid,OEF derived screening,High,present,primary_mapping
ETH,Ethiopia,CCRA-011,Flood Threat Index,2,ETH-A036,OEF Flood Risk Score H×E×V (city screening),Open Earth Foundation (flood_risk),modeled_grid,OEF derived screening,High,present,primary_mapping
ETH,Ethiopia,CCRA-011,Flood Threat Index,3,ETH-A032,OEF CHIRPS–COPDEM Flood Risk Index (FRI) — global/present+SSP inputs,Open Earth Foundation (geospatial-data),modeled_grid,OEF derived screening,Medium,present;2030;2050,primary_mapping
ETH,Ethiopia,CCRA-011,Flood Threat Index,4,ETH-A041,OEF Flood / Heat / Landslide mechanism-type layers (NbS screening),Open Earth Foundation (models/nbs_*_mechanism_type),modeled_grid,OEF derived screening,Medium,present,primary_mapping
ETH,Ethiopia,CCRA-011,Flood Threat Index,5,ETH-A011,"CHIRPS extreme precipitation (Rx5day, R90p…) + drought monitoring",UCSB Climate Hazards Center / CHIRPS,modeled_grid,International modeled,High,present,primary_mapping
ETH,Ethiopia,CCRA-012,Food production and marketing,1,ETH-A023,"ESS Agricultural Sample Survey (AgSS) — crops, livestock, land use",Ethiopian Statistical Service (ESS),state_or_province,Primary official,High,present,primary_mapping
ETH,Ethiopia,CCRA-013,Forest cover,1,ETH-A019,ESA WorldCover / Dynamic World land cover,ESA / Google+WRI,modeled_grid,International modeled,High,present,primary_mapping
ETH,Ethiopia,CCRA-013,Forest cover,2,ETH-A018,Hansen Global Forest Change (treecover / loss),UMD / GLAD,modeled_grid,International modeled,High,present,primary_mapping
ETH,Ethiopia,CCRA-014,Forest loss,1,ETH-A018,Hansen Global Forest Change (treecover / loss),UMD / GLAD,modeled_grid,International modeled,High,present,primary_mapping
ETH,Ethiopia,CCRA-015,Health and basic services access,1,ETH-A001,ESS / CSA population & housing census + projections (via IMIS / StatBank / HDX COD-PS),Ethiopian Statistical Service (ESS; formerly CSA),city_or_municipality,Primary official,High,present,primary_mapping
ETH,Ethiopia,CCRA-015,Health and basic services access,2,ETH-A004,"HCES / LSMS-ISA Ethiopia — poverty, consumption, energy access",ESS / World Bank LSMS,state_or_province,Primary official,High,present,primary_mapping
ETH,Ethiopia,CCRA-015,Health and basic services access,3,ETH-A003,"DHS Ethiopia — water, sanitation, health & nutrition indicators",The DHS Program / ESS,state_or_province,Secondary official,High,present,primary_mapping
ETH,Ethiopia,CCRA-015,Health and basic services access,4,ETH-A027,healthsites.io / HDX health facilities (Ethiopia),healthsites.io / humanitarian partners (via HDX),facility_or_asset,Research/NGO,Medium,present,primary_mapping
ETH,Ethiopia,CCRA-015,Health and basic services access,5,ETH-A007,"Ethiopia — Risk Assessment Indicators (HeiGIT GAIA / HDX, ADM2)",HeiGIT (via HDX),state_or_province,Research/NGO,Medium,present,primary_mapping
ETH,Ethiopia,CCRA-016,Health facility density,1,ETH-A026,"OpenStreetMap — roads, rail, health facilities, buildings",OpenStreetMap contributors,facility_or_asset,Research/NGO,Medium,present,primary_mapping
ETH,Ethiopia,CCRA-016,Health facility density,2,ETH-A027,healthsites.io / HDX health facilities (Ethiopia),healthsites.io / humanitarian partners (via HDX),facility_or_asset,Research/NGO,Medium,present,primary_mapping
ETH,Ethiopia,CCRA-016,Health facility density,3,ETH-A007,"Ethiopia — Risk Assessment Indicators (HeiGIT GAIA / HDX, ADM2)",HeiGIT (via HDX),state_or_province,Research/NGO,Medium,present,primary_mapping
ETH,Ethiopia,CCRA-017,Households in hazard-prone areas,1,ETH-A002,Ethiopia COD-AB — subnational administrative boundaries (ADM0–3),OCHA / HDX (source: Ethiopian authorities / CSA lineage),city_or_municipality,Secondary official,High,n/a,primary_mapping
ETH,Ethiopia,CCRA-017,Households in hazard-prone areas,2,ETH-A033,OEF Flood Hazard Score (city screening ensemble),Open Earth Foundation (models/flood_hazard),modeled_grid,OEF derived screening,High,present,primary_mapping
ETH,Ethiopia,CCRA-017,Households in hazard-prone areas,3,ETH-A036,OEF Flood Risk Score H×E×V (city screening),Open Earth Foundation (flood_risk),modeled_grid,OEF derived screening,High,present,primary_mapping
ETH,Ethiopia,CCRA-017,Households in hazard-prone areas,4,ETH-A038,OEF Landslide Risk Score H×E×V (city screening),Open Earth Foundation (landslide_risk),modeled_grid,OEF derived screening,High,present,primary_mapping
ETH,Ethiopia,CCRA-017,Households in hazard-prone areas,5,ETH-A039,OEF shared city Exposure score (population density screening),Open Earth Foundation (CCRA E layer),modeled_grid,OEF derived screening,High,present,primary_mapping
ETH,Ethiopia,CCRA-018,Inadequate Sanitation,1,ETH-A001,ESS / CSA population & housing census + projections (via IMIS / StatBank / HDX COD-PS),Ethiopian Statistical Service (ESS; formerly CSA),city_or_municipality,Primary official,High,present,primary_mapping
ETH,Ethiopia,CCRA-018,Inadequate Sanitation,2,ETH-A003,"DHS Ethiopia — water, sanitation, health & nutrition indicators",The DHS Program / ESS,state_or_province,Secondary official,High,present,primary_mapping
ETH,Ethiopia,CCRA-019,Inadequate water access,1,ETH-A001,ESS / CSA population & housing census + projections (via IMIS / StatBank / HDX COD-PS),Ethiopian Statistical Service (ESS; formerly CSA),city_or_municipality,Primary official,High,present,primary_mapping
ETH,Ethiopia,CCRA-019,Inadequate water access,2,ETH-A003,"DHS Ethiopia — water, sanitation, health & nutrition indicators",The DHS Program / ESS,state_or_province,Secondary official,High,present,primary_mapping
ETH,Ethiopia,CCRA-019,Inadequate water access,3,ETH-A031,WRI Aqueduct Water Risk / water security composites,World Resources Institute,modeled_grid,International modeled,Medium,present;2030;2050,primary_mapping
ETH,Ethiopia,CCRA-020,Income,1,ETH-A004,"HCES / LSMS-ISA Ethiopia — poverty, consumption, energy access",ESS / World Bank LSMS,state_or_province,Primary official,High,present,primary_mapping
ETH,Ethiopia,CCRA-020,Income,2,ETH-A040,OEF shared city Vulnerability score (age/social screening),Open Earth Foundation (CCRA V layer),neighborhood_or_small_area,OEF derived screening,High,present,primary_mapping
ETH,Ethiopia,CCRA-021,Industrial GDP share,1,ETH-A025,"National Accounts / MoF — sectoral GDP (agriculture, industry)",Ministry of Finance / ESS National Accounts,national,Primary official,High,present,primary_mapping
ETH,Ethiopia,CCRA-022,Landslide Susceptibility,1,ETH-A035,OEF Landslide Hazard Score (city screening ensemble),Open Earth Foundation (models/landslide_hazard),modeled_grid,OEF derived screening,High,present,primary_mapping
ETH,Ethiopia,CCRA-022,Landslide Susceptibility,2,ETH-A038,OEF Landslide Risk Score H×E×V (city screening),Open Earth Foundation (landslide_risk),modeled_grid,OEF derived screening,High,present,primary_mapping
ETH,Ethiopia,CCRA-022,Landslide Susceptibility,3,ETH-A017,Copernicus DEM GLO-30 (+ slope/HAND derivatives),ESA / Copernicus,modeled_grid,International modeled,High,n/a,primary_mapping
ETH,Ethiopia,CCRA-022,Landslide Susceptibility,4,ETH-A015,NASA LHASA / global rainfall-triggered landslide hazard,NASA GSFC,modeled_grid,International modeled,Medium,present,primary_mapping
ETH,Ethiopia,CCRA-022,Landslide Susceptibility,5,ETH-A016,National / regional landslide susceptibility studies (Ethiopia),Geological Survey of Ethiopia / academic consortia,other_or_mixed,Research/NGO,Medium,present,primary_mapping
ETH,Ethiopia,CCRA-023,Landslide Threat Index,1,ETH-A035,OEF Landslide Hazard Score (city screening ensemble),Open Earth Foundation (models/landslide_hazard),modeled_grid,OEF derived screening,High,present,primary_mapping
ETH,Ethiopia,CCRA-023,Landslide Threat Index,2,ETH-A038,OEF Landslide Risk Score H×E×V (city screening),Open Earth Foundation (landslide_risk),modeled_grid,OEF derived screening,High,present,primary_mapping
ETH,Ethiopia,CCRA-023,Landslide Threat Index,3,ETH-A041,OEF Flood / Heat / Landslide mechanism-type layers (NbS screening),Open Earth Foundation (models/nbs_*_mechanism_type),modeled_grid,OEF derived screening,Medium,present,primary_mapping
ETH,Ethiopia,CCRA-023,Landslide Threat Index,4,ETH-A011,"CHIRPS extreme precipitation (Rx5day, R90p…) + drought monitoring",UCSB Climate Hazards Center / CHIRPS,modeled_grid,International modeled,High,present,primary_mapping
ETH,Ethiopia,CCRA-023,Landslide Threat Index,5,ETH-A017,Copernicus DEM GLO-30 (+ slope/HAND derivatives),ESA / Copernicus,modeled_grid,International modeled,High,n/a,primary_mapping
ETH,Ethiopia,CCRA-024,Maximum Consecutive Dry Days (CDD),1,ETH-A013,NMA Ethiopia — meteorological station & climate bulletins,National Meteorology Agency (Ethiopia),facility_or_asset,Primary official,High,present,primary_mapping
ETH,Ethiopia,CCRA-024,Maximum Consecutive Dry Days (CDD),2,ETH-A011,"CHIRPS extreme precipitation (Rx5day, R90p…) + drought monitoring",UCSB Climate Hazards Center / CHIRPS,modeled_grid,International modeled,High,present,primary_mapping
ETH,Ethiopia,CCRA-024,Maximum Consecutive Dry Days (CDD),3,ETH-A012,SPEIbase / Global Drought Hazard (SPEI-6 extremes),CSIC SPEI / HDX Global Drought Hazard,modeled_grid,International modeled,High,present,primary_mapping
ETH,Ethiopia,CCRA-025,Maximum Precipitation 5 days (Rx5day),1,ETH-A011,"CHIRPS extreme precipitation (Rx5day, R90p…) + drought monitoring",UCSB Climate Hazards Center / CHIRPS,modeled_grid,International modeled,High,present,primary_mapping
ETH,Ethiopia,CCRA-026,Maximum temperature,1,ETH-A013,NMA Ethiopia — meteorological station & climate bulletins,National Meteorology Agency (Ethiopia),facility_or_asset,Primary official,High,present,primary_mapping
ETH,Ethiopia,CCRA-026,Maximum temperature,2,ETH-A034,OEF Heat Hazard Score (city screening ensemble),Open Earth Foundation (models/heat_hazard),modeled_grid,OEF derived screening,High,present,primary_mapping
ETH,Ethiopia,CCRA-026,Maximum temperature,3,ETH-A037,OEF Heat Risk Score H×E×V (city screening),Open Earth Foundation (heat_risk),modeled_grid,OEF derived screening,High,present,primary_mapping
ETH,Ethiopia,CCRA-026,Maximum temperature,4,ETH-A041,OEF Flood / Heat / Landslide mechanism-type layers (NbS screening),Open Earth Foundation (models/nbs_*_mechanism_type),modeled_grid,OEF derived screening,Medium,present,primary_mapping
ETH,Ethiopia,CCRA-026,Maximum temperature,5,ETH-A014,"ERA5-Land extreme temperature / heatwave indices (TXx, HWM, …)",ECMWF / Copernicus (OEF transformations available),modeled_grid,International modeled,High,present;2030;2050,primary_mapping
ETH,Ethiopia,CCRA-027,Natural vegetation cover,1,ETH-A019,ESA WorldCover / Dynamic World land cover,ESA / Google+WRI,modeled_grid,International modeled,High,present,primary_mapping
ETH,Ethiopia,CCRA-027,Natural vegetation cover,2,ETH-A018,Hansen Global Forest Change (treecover / loss),UMD / GLAD,modeled_grid,International modeled,High,present,primary_mapping
ETH,Ethiopia,CCRA-028,Population density,1,ETH-A001,ESS / CSA population & housing census + projections (via IMIS / StatBank / HDX COD-PS),Ethiopian Statistical Service (ESS; formerly CSA),city_or_municipality,Primary official,High,present,primary_mapping
ETH,Ethiopia,CCRA-028,Population density,2,ETH-A002,Ethiopia COD-AB — subnational administrative boundaries (ADM0–3),OCHA / HDX (source: Ethiopian authorities / CSA lineage),city_or_municipality,Secondary official,High,n/a,primary_mapping
ETH,Ethiopia,CCRA-028,Population density,3,ETH-A036,OEF Flood Risk Score H×E×V (city screening),Open Earth Foundation (flood_risk),modeled_grid,OEF derived screening,High,present,primary_mapping
ETH,Ethiopia,CCRA-028,Population density,4,ETH-A037,OEF Heat Risk Score H×E×V (city screening),Open Earth Foundation (heat_risk),modeled_grid,OEF derived screening,High,present,primary_mapping
ETH,Ethiopia,CCRA-028,Population density,5,ETH-A038,OEF Landslide Risk Score H×E×V (city screening),Open Earth Foundation (landslide_risk),modeled_grid,OEF derived screening,High,present,primary_mapping
ETH,Ethiopia,CCRA-029,Port infrastructures,1,ETH-A026,"OpenStreetMap — roads, rail, health facilities, buildings",OpenStreetMap contributors,facility_or_asset,Research/NGO,Medium,present,primary_mapping
ETH,Ethiopia,CCRA-030,Power generation facilities,1,ETH-A028,Global Power Plant Database / WRI (+ EEP plant lists),WRI / EEP public materials,facility_or_asset,International modeled,High,present,primary_mapping
ETH,Ethiopia,CCRA-031,Protected areas,1,ETH-A020,World Database on Protected Areas (WDPA),UNEP-WCMC / IUCN,facility_or_asset,International modeled,High,present,primary_mapping
ETH,Ethiopia,CCRA-032,Railroad density,1,ETH-A026,"OpenStreetMap — roads, rail, health facilities, buildings",OpenStreetMap contributors,facility_or_asset,Research/NGO,Medium,present,primary_mapping
ETH,Ethiopia,CCRA-033,Relative humidity,1,ETH-A013,NMA Ethiopia — meteorological station & climate bulletins,National Meteorology Agency (Ethiopia),facility_or_asset,Primary official,High,present,primary_mapping
ETH,Ethiopia,CCRA-033,Relative humidity,2,ETH-A014,"ERA5-Land extreme temperature / heatwave indices (TXx, HWM, …)",ECMWF / Copernicus (OEF transformations available),modeled_grid,International modeled,High,present;2030;2050,primary_mapping
ETH,Ethiopia,CCRA-034,Road density,1,ETH-A026,"OpenStreetMap — roads, rail, health facilities, buildings",OpenStreetMap contributors,facility_or_asset,Research/NGO,Medium,present,primary_mapping
ETH,Ethiopia,CCRA-036,Standardized Precipitation Evapotranspiration Index (SPEI),1,ETH-A013,NMA Ethiopia — meteorological station & climate bulletins,National Meteorology Agency (Ethiopia),facility_or_asset,Primary official,High,present,primary_mapping
ETH,Ethiopia,CCRA-036,Standardized Precipitation Evapotranspiration Index (SPEI),2,ETH-A012,SPEIbase / Global Drought Hazard (SPEI-6 extremes),CSIC SPEI / HDX Global Drought Hazard,modeled_grid,International modeled,High,present,primary_mapping
ETH,Ethiopia,CCRA-037,Total precipitation,1,ETH-A013,NMA Ethiopia — meteorological station & climate bulletins,National Meteorology Agency (Ethiopia),facility_or_asset,Primary official,High,present,primary_mapping
ETH,Ethiopia,CCRA-037,Total precipitation,2,ETH-A011,"CHIRPS extreme precipitation (Rx5day, R90p…) + drought monitoring",UCSB Climate Hazards Center / CHIRPS,modeled_grid,International modeled,High,present,primary_mapping
ETH,Ethiopia,CCRA-038,Urban infrastructure social vulnerability,1,ETH-A001,ESS / CSA population & housing census + projections (via IMIS / StatBank / HDX COD-PS),Ethiopian Statistical Service (ESS; formerly CSA),city_or_municipality,Primary official,High,present,primary_mapping
ETH,Ethiopia,CCRA-038,Urban infrastructure social vulnerability,2,ETH-A004,"HCES / LSMS-ISA Ethiopia — poverty, consumption, energy access",ESS / World Bank LSMS,state_or_province,Primary official,High,present,primary_mapping
ETH,Ethiopia,CCRA-038,Urban infrastructure social vulnerability,3,ETH-A040,OEF shared city Vulnerability score (age/social screening),Open Earth Foundation (CCRA V layer),neighborhood_or_small_area,OEF derived screening,High,present,primary_mapping
ETH,Ethiopia,CCRA-038,Urban infrastructure social vulnerability,4,ETH-A030,Microsoft Building Footprints / Google Open Buildings (ETH),Microsoft / Google,facility_or_asset,International modeled,Medium,present,primary_mapping
ETH,Ethiopia,CCRA-038,Urban infrastructure social vulnerability,5,ETH-A026,"OpenStreetMap — roads, rail, health facilities, buildings",OpenStreetMap contributors,facility_or_asset,Research/NGO,Medium,present,primary_mapping
ETH,Ethiopia,CCRA-040,Waste Collection,1,ETH-A001,ESS / CSA population & housing census + projections (via IMIS / StatBank / HDX COD-PS),Ethiopian Statistical Service (ESS; formerly CSA),city_or_municipality,Primary official,High,present,primary_mapping
ETH,Ethiopia,CCRA-041,Water security index,1,ETH-A024,FAO / WaPOR / AQUASTAT — irrigated area & agricultural water,FAO,modeled_grid,International modeled,Medium,present,primary_mapping
ETH,Ethiopia,CCRA-041,Water security index,2,ETH-A031,WRI Aqueduct Water Risk / water security composites,World Resources Institute,modeled_grid,International modeled,Medium,present;2030;2050,primary_mapping
