iso3,country,related_gpc_sector,sector_name,rank_in_sector,dataset_id,dataset_name,publisher,confidence_level,granularity_class,authoritative_tier,granularity_label
GBR,United Kingdom,I.1,Residential buildings,1,GBR-003,Subnational electricity and gas consumption statistics (LA / MSOA / LSOA),DESNZ,High,neighborhood_or_small_area,Primary official,Neighborhood / small area (city-ready)
GBR,United Kingdom,I.1,Residential buildings,2,GBR-002,UK local authority and regional greenhouse gas emissions statistics,DESNZ / NAEI (Ricardo),High,city_or_municipality,Primary official,City / municipality (city-ready)
GBR,United Kingdom,I.1,Residential buildings,3,GBR-017,London Energy and Greenhouse Gas Inventory (LEGGI),Greater London Authority (GLA),High,city_or_municipality,City official,City / municipality (city-ready)
GBR,United Kingdom,I.2,Commercial & institutional buildings,1,GBR-003,Subnational electricity and gas consumption statistics (LA / MSOA / LSOA),DESNZ,High,neighborhood_or_small_area,Primary official,Neighborhood / small area (city-ready)
GBR,United Kingdom,I.2,Commercial & institutional buildings,2,GBR-002,UK local authority and regional greenhouse gas emissions statistics,DESNZ / NAEI (Ricardo),High,city_or_municipality,Primary official,City / municipality (city-ready)
GBR,United Kingdom,I.2,Commercial & institutional buildings,3,GBR-017,London Energy and Greenhouse Gas Inventory (LEGGI),Greater London Authority (GLA),High,city_or_municipality,City official,City / municipality (city-ready)
GBR,United Kingdom,I.3,Manufacturing industries & construction,1,GBR-003,Subnational electricity and gas consumption statistics (LA / MSOA / LSOA),DESNZ,High,neighborhood_or_small_area,Primary official,Neighborhood / small area (city-ready)
GBR,United Kingdom,I.3,Manufacturing industries & construction,2,GBR-002,UK local authority and regional greenhouse gas emissions statistics,DESNZ / NAEI (Ricardo),High,city_or_municipality,Primary official,City / municipality (city-ready)
GBR,United Kingdom,I.3,Manufacturing industries & construction,3,GBR-017,London Energy and Greenhouse Gas Inventory (LEGGI),Greater London Authority (GLA),High,city_or_municipality,City official,City / municipality (city-ready)
GBR,United Kingdom,I.4,Energy industries,1,GBR-003,Subnational electricity and gas consumption statistics (LA / MSOA / LSOA),DESNZ,High,neighborhood_or_small_area,Primary official,Neighborhood / small area (city-ready)
GBR,United Kingdom,I.4,Energy industries,2,GBR-002,UK local authority and regional greenhouse gas emissions statistics,DESNZ / NAEI (Ricardo),High,city_or_municipality,Primary official,City / municipality (city-ready)
GBR,United Kingdom,I.4,Energy industries,3,GBR-017,London Energy and Greenhouse Gas Inventory (LEGGI),Greater London Authority (GLA),High,city_or_municipality,City official,City / municipality (city-ready)
GBR,United Kingdom,I.5,"Agriculture, forestry & fishing energy",1,GBR-002,UK local authority and regional greenhouse gas emissions statistics,DESNZ / NAEI (Ricardo),High,city_or_municipality,Primary official,City / municipality (city-ready)
GBR,United Kingdom,I.5,"Agriculture, forestry & fishing energy",2,GBR-021,Subnational total final energy / residual fuels consumption (non-gas non-electricity),DESNZ / NAEI,High,city_or_municipality,Primary official,City / municipality (city-ready)
GBR,United Kingdom,I.5,"Agriculture, forestry & fishing energy",3,GBR-001,UK Greenhouse Gas Inventory / National Inventory Document (NID),Department for Energy Security and Net Zero (DESNZ) / Ricardo (NAEI),High,state_or_province,Primary official,State / province (needs downscaling to city)
GBR,United Kingdom,I.7,"Fugitive emissions from mining, processing, storage & transport of coal",1,GBR-001,UK Greenhouse Gas Inventory / National Inventory Document (NID),Department for Energy Security and Net Zero (DESNZ) / Ricardo (NAEI),High,state_or_province,Primary official,State / province (needs downscaling to city)
GBR,United Kingdom,I.8,Fugitive emissions from oil & natural gas systems,1,GBR-002,UK local authority and regional greenhouse gas emissions statistics,DESNZ / NAEI (Ricardo),High,city_or_municipality,Primary official,City / municipality (city-ready)
GBR,United Kingdom,I.8,Fugitive emissions from oil & natural gas systems,2,GBR-006,Environment Agency Pollution Inventory / UK PRTR facility emissions,Environment Agency / Defra (UK PRTR),High,facility_or_asset,Primary official,Facility / asset (point sources in cities)
GBR,United Kingdom,I.8,Fugitive emissions from oil & natural gas systems,3,GBR-007,NAEI point sources and gridded emissions,DESNZ / NAEI (Ricardo),High,facility_or_asset,Primary official,Facility / asset (point sources in cities)
GBR,United Kingdom,II.1,On-road transportation,1,GBR-002,UK local authority and regional greenhouse gas emissions statistics,DESNZ / NAEI (Ricardo),High,city_or_municipality,Primary official,City / municipality (city-ready)
GBR,United Kingdom,II.1,On-road transportation,2,GBR-008,Road traffic estimates by local authority (TRA89) + vehicle licensing statistics,Department for Transport (DfT) / DVLA,High,city_or_municipality,Primary official,City / municipality (city-ready)
GBR,United Kingdom,II.1,On-road transportation,3,GBR-009,UK road transport fuel consumption at regional and local authority level,DESNZ / NAEI,High,city_or_municipality,Primary official,City / municipality (city-ready)
GBR,United Kingdom,II.2,Railways,1,GBR-002,UK local authority and regional greenhouse gas emissions statistics,DESNZ / NAEI (Ricardo),High,city_or_municipality,Primary official,City / municipality (city-ready)
GBR,United Kingdom,II.2,Railways,2,GBR-017,London Energy and Greenhouse Gas Inventory (LEGGI),Greater London Authority (GLA),High,city_or_municipality,City official,City / municipality (city-ready)
GBR,United Kingdom,II.2,Railways,3,GBR-001,UK Greenhouse Gas Inventory / National Inventory Document (NID),Department for Energy Security and Net Zero (DESNZ) / Ricardo (NAEI),High,state_or_province,Primary official,State / province (needs downscaling to city)
GBR,United Kingdom,II.3,Waterborne navigation,1,GBR-001,UK Greenhouse Gas Inventory / National Inventory Document (NID),Department for Energy Security and Net Zero (DESNZ) / Ricardo (NAEI),High,state_or_province,Primary official,State / province (needs downscaling to city)
GBR,United Kingdom,II.3,Waterborne navigation,2,GBR-005,Greenhouse gas reporting conversion factors (company reporting),DESNZ,High,national,Primary official,National only (needs downscaling to city)
GBR,United Kingdom,II.3,Waterborne navigation,3,GBR-011,DfT maritime / port freight statistics + shipping activity,Department for Transport,High,national,Primary official,National only (needs downscaling to city)
GBR,United Kingdom,II.4,Aviation,1,GBR-012,CAA airport / UK aviation statistics,Civil Aviation Authority (CAA),High,facility_or_asset,Primary official,Facility / asset (point sources in cities)
GBR,United Kingdom,II.4,Aviation,2,GBR-001,UK Greenhouse Gas Inventory / National Inventory Document (NID),Department for Energy Security and Net Zero (DESNZ) / Ricardo (NAEI),High,state_or_province,Primary official,State / province (needs downscaling to city)
GBR,United Kingdom,II.4,Aviation,3,GBR-005,Greenhouse gas reporting conversion factors (company reporting),DESNZ,High,national,Primary official,National only (needs downscaling to city)
GBR,United Kingdom,II.5,Off-road transportation,1,GBR-006,Environment Agency Pollution Inventory / UK PRTR facility emissions,Environment Agency / Defra (UK PRTR),High,facility_or_asset,Primary official,Facility / asset (point sources in cities)
GBR,United Kingdom,II.5,Off-road transportation,2,GBR-001,UK Greenhouse Gas Inventory / National Inventory Document (NID),Department for Energy Security and Net Zero (DESNZ) / Ricardo (NAEI),High,state_or_province,Primary official,State / province (needs downscaling to city)
GBR,United Kingdom,II.5,Off-road transportation,3,GBR-005,Greenhouse gas reporting conversion factors (company reporting),DESNZ,High,national,Primary official,National only (needs downscaling to city)
GBR,United Kingdom,III.1,Solid waste disposal,1,GBR-002,UK local authority and regional greenhouse gas emissions statistics,DESNZ / NAEI (Ricardo),High,city_or_municipality,Primary official,City / municipality (city-ready)
GBR,United Kingdom,III.1,Solid waste disposal,2,GBR-013,WasteDataFlow / local authority collected waste management statistics,Defra (England) + Devolved Administrations,High,city_or_municipality,Primary official,City / municipality (city-ready)
GBR,United Kingdom,III.1,Solid waste disposal,3,GBR-017,London Energy and Greenhouse Gas Inventory (LEGGI),Greater London Authority (GLA),High,city_or_municipality,City official,City / municipality (city-ready)
GBR,United Kingdom,III.2,Biological treatment of waste,1,GBR-002,UK local authority and regional greenhouse gas emissions statistics,DESNZ / NAEI (Ricardo),High,city_or_municipality,Primary official,City / municipality (city-ready)
GBR,United Kingdom,III.2,Biological treatment of waste,2,GBR-013,WasteDataFlow / local authority collected waste management statistics,Defra (England) + Devolved Administrations,High,city_or_municipality,Primary official,City / municipality (city-ready)
GBR,United Kingdom,III.2,Biological treatment of waste,3,GBR-001,UK Greenhouse Gas Inventory / National Inventory Document (NID),Department for Energy Security and Net Zero (DESNZ) / Ricardo (NAEI),High,state_or_province,Primary official,State / province (needs downscaling to city)
GBR,United Kingdom,III.3,Incineration & open burning,1,GBR-002,UK local authority and regional greenhouse gas emissions statistics,DESNZ / NAEI (Ricardo),High,city_or_municipality,Primary official,City / municipality (city-ready)
GBR,United Kingdom,III.3,Incineration & open burning,2,GBR-013,WasteDataFlow / local authority collected waste management statistics,Defra (England) + Devolved Administrations,High,city_or_municipality,Primary official,City / municipality (city-ready)
GBR,United Kingdom,III.3,Incineration & open burning,3,GBR-006,Environment Agency Pollution Inventory / UK PRTR facility emissions,Environment Agency / Defra (UK PRTR),High,facility_or_asset,Primary official,Facility / asset (point sources in cities)
GBR,United Kingdom,III.4,Wastewater treatment & discharge,1,GBR-002,UK local authority and regional greenhouse gas emissions statistics,DESNZ / NAEI (Ricardo),High,city_or_municipality,Primary official,City / municipality (city-ready)
GBR,United Kingdom,III.4,Wastewater treatment & discharge,2,GBR-017,London Energy and Greenhouse Gas Inventory (LEGGI),Greater London Authority (GLA),High,city_or_municipality,City official,City / municipality (city-ready)
GBR,United Kingdom,III.4,Wastewater treatment & discharge,3,GBR-006,Environment Agency Pollution Inventory / UK PRTR facility emissions,Environment Agency / Defra (UK PRTR),High,facility_or_asset,Primary official,Facility / asset (point sources in cities)
GBR,United Kingdom,IV.1,Industrial processes,1,GBR-002,UK local authority and regional greenhouse gas emissions statistics,DESNZ / NAEI (Ricardo),High,city_or_municipality,Primary official,City / municipality (city-ready)
GBR,United Kingdom,IV.1,Industrial processes,2,GBR-017,London Energy and Greenhouse Gas Inventory (LEGGI),Greater London Authority (GLA),High,city_or_municipality,City official,City / municipality (city-ready)
GBR,United Kingdom,IV.1,Industrial processes,3,GBR-006,Environment Agency Pollution Inventory / UK PRTR facility emissions,Environment Agency / Defra (UK PRTR),High,facility_or_asset,Primary official,Facility / asset (point sources in cities)
GBR,United Kingdom,IV.2,Product use,1,GBR-017,London Energy and Greenhouse Gas Inventory (LEGGI),Greater London Authority (GLA),High,city_or_municipality,City official,City / municipality (city-ready)
GBR,United Kingdom,IV.2,Product use,2,GBR-001,UK Greenhouse Gas Inventory / National Inventory Document (NID),Department for Energy Security and Net Zero (DESNZ) / Ricardo (NAEI),High,state_or_province,Primary official,State / province (needs downscaling to city)
GBR,United Kingdom,IV.2,Product use,3,GBR-005,Greenhouse gas reporting conversion factors (company reporting),DESNZ,High,national,Primary official,National only (needs downscaling to city)
GBR,United Kingdom,V.1,Livestock,1,GBR-002,UK local authority and regional greenhouse gas emissions statistics,DESNZ / NAEI (Ricardo),High,city_or_municipality,Primary official,City / municipality (city-ready)
GBR,United Kingdom,V.1,Livestock,2,GBR-017,London Energy and Greenhouse Gas Inventory (LEGGI),Greater London Authority (GLA),High,city_or_municipality,City official,City / municipality (city-ready)
GBR,United Kingdom,V.1,Livestock,3,GBR-007,NAEI point sources and gridded emissions,DESNZ / NAEI (Ricardo),High,facility_or_asset,Primary official,Facility / asset (point sources in cities)
GBR,United Kingdom,V.2,Land,1,GBR-002,UK local authority and regional greenhouse gas emissions statistics,DESNZ / NAEI (Ricardo),High,city_or_municipality,Primary official,City / municipality (city-ready)
GBR,United Kingdom,V.2,Land,2,GBR-016,LULUCF emissions and removals at local authority level (UKCEH / DESNZ),UK Centre for Ecology & Hydrology / DESNZ,High,city_or_municipality,Primary official,City / municipality (city-ready)
GBR,United Kingdom,V.2,Land,3,GBR-017,London Energy and Greenhouse Gas Inventory (LEGGI),Greater London Authority (GLA),High,city_or_municipality,City official,City / municipality (city-ready)
GBR,United Kingdom,V.3,Aggregate sources & non-CO₂ emissions sources on land,1,GBR-002,UK local authority and regional greenhouse gas emissions statistics,DESNZ / NAEI (Ricardo),High,city_or_municipality,Primary official,City / municipality (city-ready)
GBR,United Kingdom,V.3,Aggregate sources & non-CO₂ emissions sources on land,2,GBR-016,LULUCF emissions and removals at local authority level (UKCEH / DESNZ),UK Centre for Ecology & Hydrology / DESNZ,High,city_or_municipality,Primary official,City / municipality (city-ready)
GBR,United Kingdom,V.3,Aggregate sources & non-CO₂ emissions sources on land,3,GBR-001,UK Greenhouse Gas Inventory / National Inventory Document (NID),Department for Energy Security and Net Zero (DESNZ) / Ricardo (NAEI),High,state_or_province,Primary official,State / province (needs downscaling to city)
GBR,United Kingdom,VI.1,Other Scope 3,1,GBR-017,London Energy and Greenhouse Gas Inventory (LEGGI),Greater London Authority (GLA),High,city_or_municipality,City official,City / municipality (city-ready)
GBR,United Kingdom,VI.1,Other Scope 3,2,GBR-005,Greenhouse gas reporting conversion factors (company reporting),DESNZ,High,national,Primary official,National only (needs downscaling to city)
GBR,United Kingdom,VI.1,Other Scope 3,3,GBR-020,ONS UK Environmental Accounts (energy & GHG),Office for National Statistics (ONS),High,national,Primary official,National only (needs downscaling to city)
CAN,Canada,I.1,Residential buildings,1,CAN-010,BC Community Energy and Emissions Inventory (CEEI),Government of British Columbia,High,city_or_municipality,Provincial official,City / municipality (city-ready)
CAN,Canada,I.1,Residential buildings,2,CAN-011,Toronto Sector-Based Emissions Inventory (SBEI) / community GHG inventory,City of Toronto,High,city_or_municipality,City official,City / municipality (city-ready)
CAN,Canada,I.1,Residential buildings,3,CAN-012,Calgary Community-wide GHG Inventory (Open Calgary),City of Calgary,High,city_or_municipality,City official,City / municipality (city-ready)
CAN,Canada,I.2,Commercial & institutional buildings,1,CAN-010,BC Community Energy and Emissions Inventory (CEEI),Government of British Columbia,High,city_or_municipality,Provincial official,City / municipality (city-ready)
CAN,Canada,I.2,Commercial & institutional buildings,2,CAN-011,Toronto Sector-Based Emissions Inventory (SBEI) / community GHG inventory,City of Toronto,High,city_or_municipality,City official,City / municipality (city-ready)
CAN,Canada,I.2,Commercial & institutional buildings,3,CAN-012,Calgary Community-wide GHG Inventory (Open Calgary),City of Calgary,High,city_or_municipality,City official,City / municipality (city-ready)
CAN,Canada,I.3,Manufacturing industries & construction,1,CAN-010,BC Community Energy and Emissions Inventory (CEEI),Government of British Columbia,High,city_or_municipality,Provincial official,City / municipality (city-ready)
CAN,Canada,I.3,Manufacturing industries & construction,2,CAN-011,Toronto Sector-Based Emissions Inventory (SBEI) / community GHG inventory,City of Toronto,High,city_or_municipality,City official,City / municipality (city-ready)
CAN,Canada,I.3,Manufacturing industries & construction,3,CAN-012,Calgary Community-wide GHG Inventory (Open Calgary),City of Calgary,High,city_or_municipality,City official,City / municipality (city-ready)
CAN,Canada,I.4,Energy industries,1,CAN-011,Toronto Sector-Based Emissions Inventory (SBEI) / community GHG inventory,City of Toronto,High,city_or_municipality,City official,City / municipality (city-ready)
CAN,Canada,I.4,Energy industries,2,CAN-002,Greenhouse Gas Reporting Program (GHGRP) facility emissions,ECCC,High,facility_or_asset,Primary official,Facility / asset (point sources in cities)
CAN,Canada,I.4,Energy industries,3,CAN-001,Canada's Official Greenhouse Gas Inventory / National Inventory Report (NIR),Environment and Climate Change Canada (ECCC),High,state_or_province,Primary official,State / province (needs downscaling to city)
CAN,Canada,I.5,"Agriculture, forestry & fishing energy",1,CAN-001,Canada's Official Greenhouse Gas Inventory / National Inventory Report (NIR),Environment and Climate Change Canada (ECCC),High,state_or_province,Primary official,State / province (needs downscaling to city)
CAN,Canada,I.5,"Agriculture, forestry & fishing energy",2,CAN-008,Census of Agriculture (incl. geodata products),Statistics Canada,High,other_or_mixed,Primary official,Mixed / other
CAN,Canada,I.5,"Agriculture, forestry & fishing energy",3,CAN-004,Report on Energy Supply and Demand in Canada (RESD) / energy tables,Statistics Canada / Canadian Centre for Energy Information,High,national,Primary official,National only (needs downscaling to city)
CAN,Canada,I.7,"Fugitive emissions from mining, processing, storage & transport of coal",1,CAN-001,Canada's Official Greenhouse Gas Inventory / National Inventory Report (NIR),Environment and Climate Change Canada (ECCC),High,state_or_province,Primary official,State / province (needs downscaling to city)
CAN,Canada,I.8,Fugitive emissions from oil & natural gas systems,1,CAN-002,Greenhouse Gas Reporting Program (GHGRP) facility emissions,ECCC,High,facility_or_asset,Primary official,Facility / asset (point sources in cities)
CAN,Canada,I.8,Fugitive emissions from oil & natural gas systems,2,CAN-001,Canada's Official Greenhouse Gas Inventory / National Inventory Report (NIR),Environment and Climate Change Canada (ECCC),High,state_or_province,Primary official,State / province (needs downscaling to city)
CAN,Canada,I.8,Fugitive emissions from oil & natural gas systems,3,CAN-013,CER pipeline throughput & capacity / energy system data,Canada Energy Regulator (CER),High,other_or_mixed,Primary official,Mixed / other
CAN,Canada,II.1,On-road transportation,1,CAN-010,BC Community Energy and Emissions Inventory (CEEI),Government of British Columbia,High,city_or_municipality,Provincial official,City / municipality (city-ready)
CAN,Canada,II.1,On-road transportation,2,CAN-011,Toronto Sector-Based Emissions Inventory (SBEI) / community GHG inventory,City of Toronto,High,city_or_municipality,City official,City / municipality (city-ready)
CAN,Canada,II.1,On-road transportation,3,CAN-012,Calgary Community-wide GHG Inventory (Open Calgary),City of Calgary,High,city_or_municipality,City official,City / municipality (city-ready)
CAN,Canada,II.2,Railways,1,CAN-011,Toronto Sector-Based Emissions Inventory (SBEI) / community GHG inventory,City of Toronto,High,city_or_municipality,City official,City / municipality (city-ready)
CAN,Canada,II.2,Railways,2,CAN-001,Canada's Official Greenhouse Gas Inventory / National Inventory Report (NIR),Environment and Climate Change Canada (ECCC),High,state_or_province,Primary official,State / province (needs downscaling to city)
CAN,Canada,II.2,Railways,3,CAN-016,StatCan rail / marine transport statistics,Statistics Canada / Transport Canada,High,national,Primary official,National only (needs downscaling to city)
CAN,Canada,II.3,Waterborne navigation,1,CAN-001,Canada's Official Greenhouse Gas Inventory / National Inventory Report (NIR),Environment and Climate Change Canada (ECCC),High,state_or_province,Primary official,State / province (needs downscaling to city)
CAN,Canada,II.3,Waterborne navigation,2,CAN-016,StatCan rail / marine transport statistics,Statistics Canada / Transport Canada,High,national,Primary official,National only (needs downscaling to city)
CAN,Canada,II.3,Waterborne navigation,3,CAN-019,EDGAR GHG gridded & cities emissions,European Commission JRC,High,modeled_grid,International modeled,Modeled / international (cross-check only)
CAN,Canada,II.4,Aviation,1,CAN-015,StatCan air carrier / airport traffic statistics,Statistics Canada / airport authorities,High,facility_or_asset,Primary official,Facility / asset (point sources in cities)
CAN,Canada,II.4,Aviation,2,CAN-001,Canada's Official Greenhouse Gas Inventory / National Inventory Report (NIR),Environment and Climate Change Canada (ECCC),High,state_or_province,Primary official,State / province (needs downscaling to city)
CAN,Canada,II.4,Aviation,3,CAN-019,EDGAR GHG gridded & cities emissions,European Commission JRC,High,modeled_grid,International modeled,Modeled / international (cross-check only)
CAN,Canada,II.5,Off-road transportation,1,CAN-002,Greenhouse Gas Reporting Program (GHGRP) facility emissions,ECCC,High,facility_or_asset,Primary official,Facility / asset (point sources in cities)
CAN,Canada,II.5,Off-road transportation,2,CAN-001,Canada's Official Greenhouse Gas Inventory / National Inventory Report (NIR),Environment and Climate Change Canada (ECCC),High,state_or_province,Primary official,State / province (needs downscaling to city)
CAN,Canada,III.1,Solid waste disposal,1,CAN-010,BC Community Energy and Emissions Inventory (CEEI),Government of British Columbia,High,city_or_municipality,Provincial official,City / municipality (city-ready)
CAN,Canada,III.1,Solid waste disposal,2,CAN-011,Toronto Sector-Based Emissions Inventory (SBEI) / community GHG inventory,City of Toronto,High,city_or_municipality,City official,City / municipality (city-ready)
CAN,Canada,III.1,Solid waste disposal,3,CAN-012,Calgary Community-wide GHG Inventory (Open Calgary),City of Calgary,High,city_or_municipality,City official,City / municipality (city-ready)
CAN,Canada,III.2,Biological treatment of waste,1,CAN-017,Waste Management Survey / solid waste statistics (StatCan) + landfill reporters in GHGRP,Statistics Canada; ECCC GHGRP landfill reporters,High,facility_or_asset,Primary official,Facility / asset (point sources in cities)
CAN,Canada,III.2,Biological treatment of waste,2,CAN-001,Canada's Official Greenhouse Gas Inventory / National Inventory Report (NIR),Environment and Climate Change Canada (ECCC),High,state_or_province,Primary official,State / province (needs downscaling to city)
CAN,Canada,III.3,Incineration & open burning,1,CAN-017,Waste Management Survey / solid waste statistics (StatCan) + landfill reporters in GHGRP,Statistics Canada; ECCC GHGRP landfill reporters,High,facility_or_asset,Primary official,Facility / asset (point sources in cities)
CAN,Canada,III.3,Incineration & open burning,2,CAN-018,National Pollutant Release Inventory (NPRI),ECCC,High,facility_or_asset,Primary official,Facility / asset (point sources in cities)
CAN,Canada,III.3,Incineration & open burning,3,CAN-001,Canada's Official Greenhouse Gas Inventory / National Inventory Report (NIR),Environment and Climate Change Canada (ECCC),High,state_or_province,Primary official,State / province (needs downscaling to city)
CAN,Canada,III.4,Wastewater treatment & discharge,1,CAN-011,Toronto Sector-Based Emissions Inventory (SBEI) / community GHG inventory,City of Toronto,High,city_or_municipality,City official,City / municipality (city-ready)
CAN,Canada,III.4,Wastewater treatment & discharge,2,CAN-012,Calgary Community-wide GHG Inventory (Open Calgary),City of Calgary,High,city_or_municipality,City official,City / municipality (city-ready)
CAN,Canada,III.4,Wastewater treatment & discharge,3,CAN-002,Greenhouse Gas Reporting Program (GHGRP) facility emissions,ECCC,High,facility_or_asset,Primary official,Facility / asset (point sources in cities)
CAN,Canada,IV.1,Industrial processes,1,CAN-011,Toronto Sector-Based Emissions Inventory (SBEI) / community GHG inventory,City of Toronto,High,city_or_municipality,City official,City / municipality (city-ready)
CAN,Canada,IV.1,Industrial processes,2,CAN-002,Greenhouse Gas Reporting Program (GHGRP) facility emissions,ECCC,High,facility_or_asset,Primary official,Facility / asset (point sources in cities)
CAN,Canada,IV.1,Industrial processes,3,CAN-018,National Pollutant Release Inventory (NPRI),ECCC,High,facility_or_asset,Primary official,Facility / asset (point sources in cities)
CAN,Canada,IV.2,Product use,1,CAN-011,Toronto Sector-Based Emissions Inventory (SBEI) / community GHG inventory,City of Toronto,High,city_or_municipality,City official,City / municipality (city-ready)
CAN,Canada,IV.2,Product use,2,CAN-001,Canada's Official Greenhouse Gas Inventory / National Inventory Report (NIR),Environment and Climate Change Canada (ECCC),High,state_or_province,Primary official,State / province (needs downscaling to city)
CAN,Canada,IV.2,Product use,3,CAN-025,HFC / refrigeration product-use statistics (NIR IPPU + Environment Canada ODS/HFC reporting context),ECCC (NIR IPPU product use),High,national,Primary official,National only (needs downscaling to city)
CAN,Canada,V.1,Livestock,1,CAN-001,Canada's Official Greenhouse Gas Inventory / National Inventory Report (NIR),Environment and Climate Change Canada (ECCC),High,state_or_province,Primary official,State / province (needs downscaling to city)
CAN,Canada,V.1,Livestock,2,CAN-008,Census of Agriculture (incl. geodata products),Statistics Canada,High,other_or_mixed,Primary official,Mixed / other
CAN,Canada,V.1,Livestock,3,CAN-019,EDGAR GHG gridded & cities emissions,European Commission JRC,High,modeled_grid,International modeled,Modeled / international (cross-check only)
CAN,Canada,V.2,Land,1,CAN-010,BC Community Energy and Emissions Inventory (CEEI),Government of British Columbia,High,city_or_municipality,Provincial official,City / municipality (city-ready)
CAN,Canada,V.2,Land,2,CAN-001,Canada's Official Greenhouse Gas Inventory / National Inventory Report (NIR),Environment and Climate Change Canada (ECCC),High,state_or_province,Primary official,State / province (needs downscaling to city)
CAN,Canada,V.2,Land,3,CAN-008,Census of Agriculture (incl. geodata products),Statistics Canada,High,other_or_mixed,Primary official,Mixed / other
CAN,Canada,V.3,Aggregate sources & non-CO₂ emissions sources on land,1,CAN-001,Canada's Official Greenhouse Gas Inventory / National Inventory Report (NIR),Environment and Climate Change Canada (ECCC),High,state_or_province,Primary official,State / province (needs downscaling to city)
CAN,Canada,V.3,Aggregate sources & non-CO₂ emissions sources on land,2,CAN-008,Census of Agriculture (incl. geodata products),Statistics Canada,High,other_or_mixed,Primary official,Mixed / other
CAN,Canada,V.3,Aggregate sources & non-CO₂ emissions sources on land,3,CAN-019,EDGAR GHG gridded & cities emissions,European Commission JRC,High,modeled_grid,International modeled,Modeled / international (cross-check only)
CAN,Canada,VI.1,Other Scope 3,1,CAN-003,Canadian System of Environmental-Economic Accounts — energy use & GHG (SEEA PFA),Statistics Canada,High,national,Primary official,National only (needs downscaling to city)
CAN,Canada,VI.1,Other Scope 3,2,CAN-023,Households and the Environment Survey / Survey of Household Spending (energy modules),Statistics Canada,High,national,Primary official,National only (needs downscaling to city)
AUS,Australia,I.1,Residential buildings,1,AUS-016,City of Melbourne Municipal Greenhouse Gas Emissions (open data),City of Melbourne,High,city_or_municipality,City official,City / municipality (city-ready)
AUS,Australia,I.1,Residential buildings,2,AUS-002,State and Territory Greenhouse Gas Inventories,DCCEEW,High,state_or_province,Primary official,State / province (needs downscaling to city)
AUS,Australia,I.1,Residential buildings,3,AUS-004,National Greenhouse Accounts Factors,DCCEEW,High,state_or_province,Primary official,State / province (needs downscaling to city)
AUS,Australia,I.2,Commercial & institutional buildings,1,AUS-016,City of Melbourne Municipal Greenhouse Gas Emissions (open data),City of Melbourne,High,city_or_municipality,City official,City / municipality (city-ready)
AUS,Australia,I.2,Commercial & institutional buildings,2,AUS-002,State and Territory Greenhouse Gas Inventories,DCCEEW,High,state_or_province,Primary official,State / province (needs downscaling to city)
AUS,Australia,I.2,Commercial & institutional buildings,3,AUS-004,National Greenhouse Accounts Factors,DCCEEW,High,state_or_province,Primary official,State / province (needs downscaling to city)
AUS,Australia,I.3,Manufacturing industries & construction,1,AUS-014,National Pollutant Inventory (NPI),DCCEEW,High,neighborhood_or_small_area,Primary official,Neighborhood / small area (city-ready)
AUS,Australia,I.3,Manufacturing industries & construction,2,AUS-016,City of Melbourne Municipal Greenhouse Gas Emissions (open data),City of Melbourne,High,city_or_municipality,City official,City / municipality (city-ready)
AUS,Australia,I.3,Manufacturing industries & construction,3,AUS-003,National Greenhouse and Energy Reporting (NGER) — corporate & electricity facility data,Clean Energy Regulator (CER),High,facility_or_asset,Primary official,Facility / asset (point sources in cities)
AUS,Australia,I.4,Energy industries,1,AUS-016,City of Melbourne Municipal Greenhouse Gas Emissions (open data),City of Melbourne,High,city_or_municipality,City official,City / municipality (city-ready)
AUS,Australia,I.4,Energy industries,2,AUS-003,National Greenhouse and Energy Reporting (NGER) — corporate & electricity facility data,Clean Energy Regulator (CER),High,facility_or_asset,Primary official,Facility / asset (point sources in cities)
AUS,Australia,I.4,Energy industries,3,AUS-007,"AEMO NEM / electricity market data (generation, demand, carbon intensity products)",Australian Energy Market Operator (AEMO),High,facility_or_asset,Primary official / system operator,Facility / asset (point sources in cities)
AUS,Australia,I.5,"Agriculture, forestry & fishing energy",1,AUS-002,State and Territory Greenhouse Gas Inventories,DCCEEW,High,state_or_province,Primary official,State / province (needs downscaling to city)
AUS,Australia,I.5,"Agriculture, forestry & fishing energy",2,AUS-005,Australian Energy Statistics / Australian Energy Update,DCCEEW (energy.gov.au),High,state_or_province,Primary official,State / province (needs downscaling to city)
AUS,Australia,I.5,"Agriculture, forestry & fishing energy",3,AUS-011,ABS Agricultural Census / ABARES agricultural statistics,ABS / ABARES (DAFF),High,state_or_province,Primary official,State / province (needs downscaling to city)
AUS,Australia,I.7,"Fugitive emissions from mining, processing, storage & transport of coal",1,AUS-002,State and Territory Greenhouse Gas Inventories,DCCEEW,High,state_or_province,Primary official,State / province (needs downscaling to city)
AUS,Australia,I.7,"Fugitive emissions from mining, processing, storage & transport of coal",2,AUS-001,Australia's National Greenhouse Accounts / National Inventory Report (NIR),"Department of Climate Change, Energy, the Environment and Water (DCCEEW)",High,national,Primary official,National only (needs downscaling to city)
AUS,Australia,I.8,Fugitive emissions from oil & natural gas systems,1,AUS-003,National Greenhouse and Energy Reporting (NGER) — corporate & electricity facility data,Clean Energy Regulator (CER),High,facility_or_asset,Primary official,Facility / asset (point sources in cities)
AUS,Australia,I.8,Fugitive emissions from oil & natural gas systems,2,AUS-017,Safeguard Mechanism facility emissions (CER),Clean Energy Regulator,High,facility_or_asset,Primary official,Facility / asset (point sources in cities)
AUS,Australia,I.8,Fugitive emissions from oil & natural gas systems,3,AUS-002,State and Territory Greenhouse Gas Inventories,DCCEEW,High,state_or_province,Primary official,State / province (needs downscaling to city)
AUS,Australia,II.1,On-road transportation,1,AUS-009,ABS Motor Vehicle Census / vehicle registrations,Australian Bureau of Statistics,High,city_or_municipality,Primary official,City / municipality (city-ready)
AUS,Australia,II.1,On-road transportation,2,AUS-016,City of Melbourne Municipal Greenhouse Gas Emissions (open data),City of Melbourne,High,city_or_municipality,City official,City / municipality (city-ready)
AUS,Australia,II.1,On-road transportation,3,AUS-002,State and Territory Greenhouse Gas Inventories,DCCEEW,High,state_or_province,Primary official,State / province (needs downscaling to city)
AUS,Australia,II.2,Railways,1,AUS-016,City of Melbourne Municipal Greenhouse Gas Emissions (open data),City of Melbourne,High,city_or_municipality,City official,City / municipality (city-ready)
AUS,Australia,II.2,Railways,2,AUS-002,State and Territory Greenhouse Gas Inventories,DCCEEW,High,state_or_province,Primary official,State / province (needs downscaling to city)
AUS,Australia,II.2,Railways,3,AUS-004,National Greenhouse Accounts Factors,DCCEEW,High,state_or_province,Primary official,State / province (needs downscaling to city)
AUS,Australia,II.3,Waterborne navigation,1,AUS-002,State and Territory Greenhouse Gas Inventories,DCCEEW,High,state_or_province,Primary official,State / province (needs downscaling to city)
AUS,Australia,II.3,Waterborne navigation,2,AUS-004,National Greenhouse Accounts Factors,DCCEEW,High,state_or_province,Primary official,State / province (needs downscaling to city)
AUS,Australia,II.3,Waterborne navigation,3,AUS-008,BITRE Australian Infrastructure and Transport Statistics Yearbook (road/rail/aviation/maritime),Bureau of Infrastructure and Transport Research Economics (BITRE),High,state_or_province,Primary official,State / province (needs downscaling to city)
AUS,Australia,II.4,Aviation,1,AUS-002,State and Territory Greenhouse Gas Inventories,DCCEEW,High,state_or_province,Primary official,State / province (needs downscaling to city)
AUS,Australia,II.4,Aviation,2,AUS-004,National Greenhouse Accounts Factors,DCCEEW,High,state_or_province,Primary official,State / province (needs downscaling to city)
AUS,Australia,II.4,Aviation,3,AUS-008,BITRE Australian Infrastructure and Transport Statistics Yearbook (road/rail/aviation/maritime),Bureau of Infrastructure and Transport Research Economics (BITRE),High,state_or_province,Primary official,State / province (needs downscaling to city)
AUS,Australia,II.5,Off-road transportation,1,AUS-003,National Greenhouse and Energy Reporting (NGER) — corporate & electricity facility data,Clean Energy Regulator (CER),High,facility_or_asset,Primary official,Facility / asset (point sources in cities)
AUS,Australia,II.5,Off-road transportation,2,AUS-002,State and Territory Greenhouse Gas Inventories,DCCEEW,High,state_or_province,Primary official,State / province (needs downscaling to city)
AUS,Australia,II.5,Off-road transportation,3,AUS-004,National Greenhouse Accounts Factors,DCCEEW,High,state_or_province,Primary official,State / province (needs downscaling to city)
AUS,Australia,III.1,Solid waste disposal,1,AUS-010,National Waste and Resource Recovery Database / Report,DCCEEW,High,city_or_municipality,Primary official,City / municipality (city-ready)
AUS,Australia,III.1,Solid waste disposal,2,AUS-016,City of Melbourne Municipal Greenhouse Gas Emissions (open data),City of Melbourne,High,city_or_municipality,City official,City / municipality (city-ready)
AUS,Australia,III.1,Solid waste disposal,3,AUS-003,National Greenhouse and Energy Reporting (NGER) — corporate & electricity facility data,Clean Energy Regulator (CER),High,facility_or_asset,Primary official,Facility / asset (point sources in cities)
AUS,Australia,III.2,Biological treatment of waste,1,AUS-010,National Waste and Resource Recovery Database / Report,DCCEEW,High,city_or_municipality,Primary official,City / municipality (city-ready)
AUS,Australia,III.2,Biological treatment of waste,2,AUS-002,State and Territory Greenhouse Gas Inventories,DCCEEW,High,state_or_province,Primary official,State / province (needs downscaling to city)
AUS,Australia,III.2,Biological treatment of waste,3,AUS-001,Australia's National Greenhouse Accounts / National Inventory Report (NIR),"Department of Climate Change, Energy, the Environment and Water (DCCEEW)",High,national,Primary official,National only (needs downscaling to city)
AUS,Australia,III.3,Incineration & open burning,1,AUS-014,National Pollutant Inventory (NPI),DCCEEW,High,neighborhood_or_small_area,Primary official,Neighborhood / small area (city-ready)
AUS,Australia,III.3,Incineration & open burning,2,AUS-010,National Waste and Resource Recovery Database / Report,DCCEEW,High,city_or_municipality,Primary official,City / municipality (city-ready)
AUS,Australia,III.3,Incineration & open burning,3,AUS-002,State and Territory Greenhouse Gas Inventories,DCCEEW,High,state_or_province,Primary official,State / province (needs downscaling to city)
AUS,Australia,III.4,Wastewater treatment & discharge,1,AUS-016,City of Melbourne Municipal Greenhouse Gas Emissions (open data),City of Melbourne,High,city_or_municipality,City official,City / municipality (city-ready)
AUS,Australia,III.4,Wastewater treatment & discharge,2,AUS-003,National Greenhouse and Energy Reporting (NGER) — corporate & electricity facility data,Clean Energy Regulator (CER),High,facility_or_asset,Primary official,Facility / asset (point sources in cities)
AUS,Australia,III.4,Wastewater treatment & discharge,3,AUS-002,State and Territory Greenhouse Gas Inventories,DCCEEW,High,state_or_province,Primary official,State / province (needs downscaling to city)
AUS,Australia,IV.1,Industrial processes,1,AUS-014,National Pollutant Inventory (NPI),DCCEEW,High,neighborhood_or_small_area,Primary official,Neighborhood / small area (city-ready)
AUS,Australia,IV.1,Industrial processes,2,AUS-003,National Greenhouse and Energy Reporting (NGER) — corporate & electricity facility data,Clean Energy Regulator (CER),High,facility_or_asset,Primary official,Facility / asset (point sources in cities)
AUS,Australia,IV.1,Industrial processes,3,AUS-017,Safeguard Mechanism facility emissions (CER),Clean Energy Regulator,High,facility_or_asset,Primary official,Facility / asset (point sources in cities)
AUS,Australia,IV.2,Product use,1,AUS-002,State and Territory Greenhouse Gas Inventories,DCCEEW,High,state_or_province,Primary official,State / province (needs downscaling to city)
AUS,Australia,IV.2,Product use,2,AUS-004,National Greenhouse Accounts Factors,DCCEEW,High,state_or_province,Primary official,State / province (needs downscaling to city)
AUS,Australia,IV.2,Product use,3,AUS-001,Australia's National Greenhouse Accounts / National Inventory Report (NIR),"Department of Climate Change, Energy, the Environment and Water (DCCEEW)",High,national,Primary official,National only (needs downscaling to city)
AUS,Australia,V.1,Livestock,1,AUS-002,State and Territory Greenhouse Gas Inventories,DCCEEW,High,state_or_province,Primary official,State / province (needs downscaling to city)
AUS,Australia,V.1,Livestock,2,AUS-011,ABS Agricultural Census / ABARES agricultural statistics,ABS / ABARES (DAFF),High,state_or_province,Primary official,State / province (needs downscaling to city)
AUS,Australia,V.1,Livestock,3,AUS-001,Australia's National Greenhouse Accounts / National Inventory Report (NIR),"Department of Climate Change, Energy, the Environment and Water (DCCEEW)",High,national,Primary official,National only (needs downscaling to city)
AUS,Australia,V.2,Land,1,AUS-002,State and Territory Greenhouse Gas Inventories,DCCEEW,High,state_or_province,Primary official,State / province (needs downscaling to city)
AUS,Australia,V.2,Land,2,AUS-011,ABS Agricultural Census / ABARES agricultural statistics,ABS / ABARES (DAFF),High,state_or_province,Primary official,State / province (needs downscaling to city)
AUS,Australia,V.2,Land,3,AUS-013,Australia's State of the Forests / ABARES forest statistics,ABARES / Montreal Process Implementation Group,High,state_or_province,Primary official,State / province (needs downscaling to city)
AUS,Australia,V.3,Aggregate sources & non-CO₂ emissions sources on land,1,AUS-002,State and Territory Greenhouse Gas Inventories,DCCEEW,High,state_or_province,Primary official,State / province (needs downscaling to city)
AUS,Australia,V.3,Aggregate sources & non-CO₂ emissions sources on land,2,AUS-011,ABS Agricultural Census / ABARES agricultural statistics,ABS / ABARES (DAFF),High,state_or_province,Primary official,State / province (needs downscaling to city)
AUS,Australia,V.3,Aggregate sources & non-CO₂ emissions sources on land,3,AUS-001,Australia's National Greenhouse Accounts / National Inventory Report (NIR),"Department of Climate Change, Energy, the Environment and Water (DCCEEW)",High,national,Primary official,National only (needs downscaling to city)
AUS,Australia,VI.1,Other Scope 3,1,AUS-004,National Greenhouse Accounts Factors,DCCEEW,High,state_or_province,Primary official,State / province (needs downscaling to city)
AUS,Australia,VI.1,Other Scope 3,2,AUS-021,Household energy surveys / ABS household consumption modules,Australian Bureau of Statistics,High,state_or_province,Primary official,State / province (needs downscaling to city)
AUS,Australia,VI.1,Other Scope 3,3,AUS-006,"Energy Account, Australia (ABS)",Australian Bureau of Statistics (ABS),High,national,Primary official,National only (needs downscaling to city)
CRI,Costa Rica,I.1,Residential buildings,1,CRI-002,SINAMECC — Sistema Nacional de Métrica de Cambio Climático (datos abiertos),MINAE / Dirección de Cambio Climático,High,city_or_municipality,Primary official,City / municipality (city-ready)
CRI,Costa Rica,I.1,Residential buildings,2,CRI-005,ARESEP / RECOPE — ventas de hidrocarburos,ARESEP / RECOPE,High,city_or_municipality,Primary official,City / municipality (city-ready)
CRI,Costa Rica,I.1,Residential buildings,3,CRI-007,Programa País Carbono Neutralidad (PPCN) — categoría cantonal,MINAE / Dirección de Cambio Climático,High,city_or_municipality,National program / cantonal,City / municipality (city-ready)
CRI,Costa Rica,I.2,Commercial & institutional buildings,1,CRI-002,SINAMECC — Sistema Nacional de Métrica de Cambio Climático (datos abiertos),MINAE / Dirección de Cambio Climático,High,city_or_municipality,Primary official,City / municipality (city-ready)
CRI,Costa Rica,I.2,Commercial & institutional buildings,2,CRI-005,ARESEP / RECOPE — ventas de hidrocarburos,ARESEP / RECOPE,High,city_or_municipality,Primary official,City / municipality (city-ready)
CRI,Costa Rica,I.2,Commercial & institutional buildings,3,CRI-007,Programa País Carbono Neutralidad (PPCN) — categoría cantonal,MINAE / Dirección de Cambio Climático,High,city_or_municipality,National program / cantonal,City / municipality (city-ready)
CRI,Costa Rica,I.3,Manufacturing industries & construction,1,CRI-002,SINAMECC — Sistema Nacional de Métrica de Cambio Climático (datos abiertos),MINAE / Dirección de Cambio Climático,High,city_or_municipality,Primary official,City / municipality (city-ready)
CRI,Costa Rica,I.3,Manufacturing industries & construction,2,CRI-005,ARESEP / RECOPE — ventas de hidrocarburos,ARESEP / RECOPE,High,city_or_municipality,Primary official,City / municipality (city-ready)
CRI,Costa Rica,I.3,Manufacturing industries & construction,3,CRI-007,Programa País Carbono Neutralidad (PPCN) — categoría cantonal,MINAE / Dirección de Cambio Climático,High,city_or_municipality,National program / cantonal,City / municipality (city-ready)
CRI,Costa Rica,I.4,Energy industries,1,CRI-002,SINAMECC — Sistema Nacional de Métrica de Cambio Climático (datos abiertos),MINAE / Dirección de Cambio Climático,High,city_or_municipality,Primary official,City / municipality (city-ready)
CRI,Costa Rica,I.4,Energy industries,2,CRI-007,Programa País Carbono Neutralidad (PPCN) — categoría cantonal,MINAE / Dirección de Cambio Climático,High,city_or_municipality,National program / cantonal,City / municipality (city-ready)
CRI,Costa Rica,I.4,Energy industries,3,CRI-001,Inventario Nacional de Gases de Efecto Invernadero (INGEI) — IMN/DCC,Instituto Meteorológico Nacional (IMN) / Dirección de Cambio Climático (MINAE),High,national,Primary official,National only (needs downscaling to city)
CRI,Costa Rica,I.5,"Agriculture, forestry & fishing energy",1,CRI-005,ARESEP / RECOPE — ventas de hidrocarburos,ARESEP / RECOPE,High,city_or_municipality,Primary official,City / municipality (city-ready)
CRI,Costa Rica,I.5,"Agriculture, forestry & fishing energy",2,CRI-009,INEC — Encuesta Nacional Agropecuaria (ENA) y estadísticas agropecuarias,Instituto Nacional de Estadística y Censos (INEC),High,state_or_province,Primary official,State / province (needs downscaling to city)
CRI,Costa Rica,I.5,"Agriculture, forestry & fishing energy",3,CRI-001,Inventario Nacional de Gases de Efecto Invernadero (INGEI) — IMN/DCC,Instituto Meteorológico Nacional (IMN) / Dirección de Cambio Climático (MINAE),High,national,Primary official,National only (needs downscaling to city)
CRI,Costa Rica,I.8,Fugitive emissions from oil & natural gas systems,1,CRI-001,Inventario Nacional de Gases de Efecto Invernadero (INGEI) — IMN/DCC,Instituto Meteorológico Nacional (IMN) / Dirección de Cambio Climático (MINAE),High,national,Primary official,National only (needs downscaling to city)
CRI,Costa Rica,I.8,Fugitive emissions from oil & natural gas systems,2,CRI-025,Fugitivas de distribución de combustibles/GLP (INGEI + ARESEP gas),IMN / ARESEP,Medium,national,Primary official,National only (needs downscaling to city)
CRI,Costa Rica,II.1,On-road transportation,1,CRI-002,SINAMECC — Sistema Nacional de Métrica de Cambio Climático (datos abiertos),MINAE / Dirección de Cambio Climático,High,city_or_municipality,Primary official,City / municipality (city-ready)
CRI,Costa Rica,II.1,On-road transportation,2,CRI-005,ARESEP / RECOPE — ventas de hidrocarburos,ARESEP / RECOPE,High,city_or_municipality,Primary official,City / municipality (city-ready)
CRI,Costa Rica,II.1,On-road transportation,3,CRI-007,Programa País Carbono Neutralidad (PPCN) — categoría cantonal,MINAE / Dirección de Cambio Climático,High,city_or_municipality,National program / cantonal,City / municipality (city-ready)
CRI,Costa Rica,II.2,Railways,1,CRI-007,Programa País Carbono Neutralidad (PPCN) — categoría cantonal,MINAE / Dirección de Cambio Climático,High,city_or_municipality,National program / cantonal,City / municipality (city-ready)
CRI,Costa Rica,II.2,Railways,2,CRI-011,MOPT — Anuario de tránsito / conteos vehiculares y anuario sector transportes,Ministerio de Obras Públicas y Transportes (MOPT),High,facility_or_asset,Primary official,Facility / asset (point sources in cities)
CRI,Costa Rica,II.2,Railways,3,CRI-001,Inventario Nacional de Gases de Efecto Invernadero (INGEI) — IMN/DCC,Instituto Meteorológico Nacional (IMN) / Dirección de Cambio Climático (MINAE),High,national,Primary official,National only (needs downscaling to city)
CRI,Costa Rica,II.3,Waterborne navigation,1,CRI-011,MOPT — Anuario de tránsito / conteos vehiculares y anuario sector transportes,Ministerio de Obras Públicas y Transportes (MOPT),High,facility_or_asset,Primary official,Facility / asset (point sources in cities)
CRI,Costa Rica,II.3,Waterborne navigation,2,CRI-015,DGAC / INCOP — aviación civil y puertos,Dirección General de Aviación Civil / INCOP,High,facility_or_asset,Primary official,Facility / asset (point sources in cities)
CRI,Costa Rica,II.3,Waterborne navigation,3,CRI-001,Inventario Nacional de Gases de Efecto Invernadero (INGEI) — IMN/DCC,Instituto Meteorológico Nacional (IMN) / Dirección de Cambio Climático (MINAE),High,national,Primary official,National only (needs downscaling to city)
CRI,Costa Rica,II.4,Aviation,1,CRI-005,ARESEP / RECOPE — ventas de hidrocarburos,ARESEP / RECOPE,High,city_or_municipality,Primary official,City / municipality (city-ready)
CRI,Costa Rica,II.4,Aviation,2,CRI-011,MOPT — Anuario de tránsito / conteos vehiculares y anuario sector transportes,Ministerio de Obras Públicas y Transportes (MOPT),High,facility_or_asset,Primary official,Facility / asset (point sources in cities)
CRI,Costa Rica,II.4,Aviation,3,CRI-015,DGAC / INCOP — aviación civil y puertos,Dirección General de Aviación Civil / INCOP,High,facility_or_asset,Primary official,Facility / asset (point sources in cities)
CRI,Costa Rica,II.5,Off-road transportation,1,CRI-005,ARESEP / RECOPE — ventas de hidrocarburos,ARESEP / RECOPE,High,city_or_municipality,Primary official,City / municipality (city-ready)
CRI,Costa Rica,II.5,Off-road transportation,2,CRI-001,Inventario Nacional de Gases de Efecto Invernadero (INGEI) — IMN/DCC,Instituto Meteorológico Nacional (IMN) / Dirección de Cambio Climático (MINAE),High,national,Primary official,National only (needs downscaling to city)
CRI,Costa Rica,III.1,Solid waste disposal,1,CRI-002,SINAMECC — Sistema Nacional de Métrica de Cambio Climático (datos abiertos),MINAE / Dirección de Cambio Climático,High,city_or_municipality,Primary official,City / municipality (city-ready)
CRI,Costa Rica,III.1,Solid waste disposal,2,CRI-007,Programa País Carbono Neutralidad (PPCN) — categoría cantonal,MINAE / Dirección de Cambio Climático,High,city_or_municipality,National program / cantonal,City / municipality (city-ready)
CRI,Costa Rica,III.1,Solid waste disposal,3,CRI-001,Inventario Nacional de Gases de Efecto Invernadero (INGEI) — IMN/DCC,Instituto Meteorológico Nacional (IMN) / Dirección de Cambio Climático (MINAE),High,national,Primary official,National only (needs downscaling to city)
CRI,Costa Rica,III.2,Biological treatment of waste,1,CRI-001,Inventario Nacional de Gases de Efecto Invernadero (INGEI) — IMN/DCC,Instituto Meteorológico Nacional (IMN) / Dirección de Cambio Climático (MINAE),High,national,Primary official,National only (needs downscaling to city)
CRI,Costa Rica,III.2,Biological treatment of waste,2,CRI-013,Ministerio de Salud / municipalidades — residuos sólidos (PNGIR / datos municipales),Ministerio de Salud / municipalidades,Medium,city_or_municipality,Primary official,City / municipality (city-ready)
CRI,Costa Rica,III.3,Incineration & open burning,1,CRI-001,Inventario Nacional de Gases de Efecto Invernadero (INGEI) — IMN/DCC,Instituto Meteorológico Nacional (IMN) / Dirección de Cambio Climático (MINAE),High,national,Primary official,National only (needs downscaling to city)
CRI,Costa Rica,III.3,Incineration & open burning,2,CRI-013,Ministerio de Salud / municipalidades — residuos sólidos (PNGIR / datos municipales),Ministerio de Salud / municipalidades,Medium,city_or_municipality,Primary official,City / municipality (city-ready)
CRI,Costa Rica,III.4,Wastewater treatment & discharge,1,CRI-007,Programa País Carbono Neutralidad (PPCN) — categoría cantonal,MINAE / Dirección de Cambio Climático,High,city_or_municipality,National program / cantonal,City / municipality (city-ready)
CRI,Costa Rica,III.4,Wastewater treatment & discharge,2,CRI-001,Inventario Nacional de Gases de Efecto Invernadero (INGEI) — IMN/DCC,Instituto Meteorológico Nacional (IMN) / Dirección de Cambio Climático (MINAE),High,national,Primary official,National only (needs downscaling to city)
CRI,Costa Rica,III.4,Wastewater treatment & discharge,3,CRI-014,AyA / ASADAS — agua potable y saneamiento / aguas residuales,Instituto Costarricense de Acueductos y Alcantarillados (AyA) / ASADAS,Medium,city_or_municipality,Utility,City / municipality (city-ready)
CRI,Costa Rica,IV.1,Industrial processes,1,CRI-002,SINAMECC — Sistema Nacional de Métrica de Cambio Climático (datos abiertos),MINAE / Dirección de Cambio Climático,High,city_or_municipality,Primary official,City / municipality (city-ready)
CRI,Costa Rica,IV.1,Industrial processes,2,CRI-007,Programa País Carbono Neutralidad (PPCN) — categoría cantonal,MINAE / Dirección de Cambio Climático,High,city_or_municipality,National program / cantonal,City / municipality (city-ready)
CRI,Costa Rica,IV.1,Industrial processes,3,CRI-001,Inventario Nacional de Gases de Efecto Invernadero (INGEI) — IMN/DCC,Instituto Meteorológico Nacional (IMN) / Dirección de Cambio Climático (MINAE),High,national,Primary official,National only (needs downscaling to city)
CRI,Costa Rica,IV.2,Product use,1,CRI-007,Programa País Carbono Neutralidad (PPCN) — categoría cantonal,MINAE / Dirección de Cambio Climático,High,city_or_municipality,National program / cantonal,City / municipality (city-ready)
CRI,Costa Rica,IV.2,Product use,2,CRI-001,Inventario Nacional de Gases de Efecto Invernadero (INGEI) — IMN/DCC,Instituto Meteorológico Nacional (IMN) / Dirección de Cambio Climático (MINAE),High,national,Primary official,National only (needs downscaling to city)
CRI,Costa Rica,IV.2,Product use,3,CRI-016,F-gases / uso de productos (INGEI IPPU),IMN / MINAE,Medium,national,Primary official,National only (needs downscaling to city)
CRI,Costa Rica,V.1,Livestock,1,CRI-002,SINAMECC — Sistema Nacional de Métrica de Cambio Climático (datos abiertos),MINAE / Dirección de Cambio Climático,High,city_or_municipality,Primary official,City / municipality (city-ready)
CRI,Costa Rica,V.1,Livestock,2,CRI-007,Programa País Carbono Neutralidad (PPCN) — categoría cantonal,MINAE / Dirección de Cambio Climático,High,city_or_municipality,National program / cantonal,City / municipality (city-ready)
CRI,Costa Rica,V.1,Livestock,3,CRI-009,INEC — Encuesta Nacional Agropecuaria (ENA) y estadísticas agropecuarias,Instituto Nacional de Estadística y Censos (INEC),High,state_or_province,Primary official,State / province (needs downscaling to city)
CRI,Costa Rica,V.2,Land,1,CRI-002,SINAMECC — Sistema Nacional de Métrica de Cambio Climático (datos abiertos),MINAE / Dirección de Cambio Climático,High,city_or_municipality,Primary official,City / municipality (city-ready)
CRI,Costa Rica,V.2,Land,2,CRI-007,Programa País Carbono Neutralidad (PPCN) — categoría cantonal,MINAE / Dirección de Cambio Climático,High,city_or_municipality,National program / cantonal,City / municipality (city-ready)
CRI,Costa Rica,V.2,Land,3,CRI-009,INEC — Encuesta Nacional Agropecuaria (ENA) y estadísticas agropecuarias,Instituto Nacional de Estadística y Censos (INEC),High,state_or_province,Primary official,State / province (needs downscaling to city)
CRI,Costa Rica,V.3,Aggregate sources & non-CO₂ emissions sources on land,1,CRI-009,INEC — Encuesta Nacional Agropecuaria (ENA) y estadísticas agropecuarias,Instituto Nacional de Estadística y Censos (INEC),High,state_or_province,Primary official,State / province (needs downscaling to city)
CRI,Costa Rica,V.3,Aggregate sources & non-CO₂ emissions sources on land,2,CRI-001,Inventario Nacional de Gases de Efecto Invernadero (INGEI) — IMN/DCC,Instituto Meteorológico Nacional (IMN) / Dirección de Cambio Climático (MINAE),High,national,Primary official,National only (needs downscaling to city)
CRI,Costa Rica,V.3,Aggregate sources & non-CO₂ emissions sources on land,3,CRI-018,EDGAR GHG gridded & cities emissions,European Commission JRC,High,modeled_grid,International modeled,Modeled / international (cross-check only)
CRI,Costa Rica,VI.1,Other Scope 3,1,CRI-002,SINAMECC — Sistema Nacional de Métrica de Cambio Climático (datos abiertos),MINAE / Dirección de Cambio Climático,High,city_or_municipality,Primary official,City / municipality (city-ready)
CRI,Costa Rica,VI.1,Other Scope 3,2,CRI-008,BCCR — Cuenta de Energía (flujos físicos),Banco Central de Costa Rica,High,national,Primary official,National only (needs downscaling to city)
ARG,Argentina,I.1,Residential buildings,1,ARG-013,Inventario de GEI de la Ciudad de Buenos Aires (IGEI CABA) — GPC,Gobierno de la Ciudad Autónoma de Buenos Aires,High,city_or_municipality,City official,City / municipality (city-ready)
ARG,Argentina,I.1,Residential buildings,2,ARG-007,Volúmenes de combustibles — bocas de expendio y despacho (Res. S.E. 1104/2004 y afines),Secretaría de Energía,High,facility_or_asset,Primary official,Facility / asset (point sources in cities)
ARG,Argentina,I.1,Residential buildings,3,ARG-024,Datos Abiertos Energía (portal datos.gob.ar / datos.energia.gob.ar),Secretaría de Energía,High,facility_or_asset,Primary official,Facility / asset (point sources in cities)
ARG,Argentina,I.2,Commercial & institutional buildings,1,ARG-013,Inventario de GEI de la Ciudad de Buenos Aires (IGEI CABA) — GPC,Gobierno de la Ciudad Autónoma de Buenos Aires,High,city_or_municipality,City official,City / municipality (city-ready)
ARG,Argentina,I.2,Commercial & institutional buildings,2,ARG-007,Volúmenes de combustibles — bocas de expendio y despacho (Res. S.E. 1104/2004 y afines),Secretaría de Energía,High,facility_or_asset,Primary official,Facility / asset (point sources in cities)
ARG,Argentina,I.2,Commercial & institutional buildings,3,ARG-024,Datos Abiertos Energía (portal datos.gob.ar / datos.energia.gob.ar),Secretaría de Energía,High,facility_or_asset,Primary official,Facility / asset (point sources in cities)
ARG,Argentina,I.3,Manufacturing industries & construction,1,ARG-013,Inventario de GEI de la Ciudad de Buenos Aires (IGEI CABA) — GPC,Gobierno de la Ciudad Autónoma de Buenos Aires,High,city_or_municipality,City official,City / municipality (city-ready)
ARG,Argentina,I.3,Manufacturing industries & construction,2,ARG-007,Volúmenes de combustibles — bocas de expendio y despacho (Res. S.E. 1104/2004 y afines),Secretaría de Energía,High,facility_or_asset,Primary official,Facility / asset (point sources in cities)
ARG,Argentina,I.3,Manufacturing industries & construction,3,ARG-024,Datos Abiertos Energía (portal datos.gob.ar / datos.energia.gob.ar),Secretaría de Energía,High,facility_or_asset,Primary official,Facility / asset (point sources in cities)
ARG,Argentina,I.4,Energy industries,1,ARG-013,Inventario de GEI de la Ciudad de Buenos Aires (IGEI CABA) — GPC,Gobierno de la Ciudad Autónoma de Buenos Aires,High,city_or_municipality,City official,City / municipality (city-ready)
ARG,Argentina,I.4,Energy industries,2,ARG-006,SESCO / estadísticas de hidrocarburos (producción petróleo y gas),Secretaría de Energía,High,facility_or_asset,Primary official,Facility / asset (point sources in cities)
ARG,Argentina,I.4,Energy industries,3,ARG-024,Datos Abiertos Energía (portal datos.gob.ar / datos.energia.gob.ar),Secretaría de Energía,High,facility_or_asset,Primary official,Facility / asset (point sources in cities)
ARG,Argentina,I.5,"Agriculture, forestry & fishing energy",1,ARG-002,Asignación por jurisdicción del INGEI (desagregación provincial),Subsecretaría de Ambiente,High,other_or_mixed,Primary official,Mixed / other
ARG,Argentina,I.5,"Agriculture, forestry & fishing energy",2,ARG-001,Inventario Nacional de Gases de Efecto Invernadero (INGEI) / Informe Nacional de Inventario (INI),"Subsecretaría de Ambiente (Secretaría de Ambiente, Turismo y Deportes)",High,national,Primary official,National only (needs downscaling to city)
ARG,Argentina,I.5,"Agriculture, forestry & fishing energy",3,ARG-003,Balance Energético Nacional (BEN),Secretaría de Energía,High,national,Primary official,National only (needs downscaling to city)
ARG,Argentina,I.7,"Fugitive emissions from mining, processing, storage & transport of coal",1,ARG-002,Asignación por jurisdicción del INGEI (desagregación provincial),Subsecretaría de Ambiente,High,other_or_mixed,Primary official,Mixed / other
ARG,Argentina,I.7,"Fugitive emissions from mining, processing, storage & transport of coal",2,ARG-001,Inventario Nacional de Gases de Efecto Invernadero (INGEI) / Informe Nacional de Inventario (INI),"Subsecretaría de Ambiente (Secretaría de Ambiente, Turismo y Deportes)",High,national,Primary official,National only (needs downscaling to city)
ARG,Argentina,I.8,Fugitive emissions from oil & natural gas systems,1,ARG-013,Inventario de GEI de la Ciudad de Buenos Aires (IGEI CABA) — GPC,Gobierno de la Ciudad Autónoma de Buenos Aires,High,city_or_municipality,City official,City / municipality (city-ready)
ARG,Argentina,I.8,Fugitive emissions from oil & natural gas systems,2,ARG-006,SESCO / estadísticas de hidrocarburos (producción petróleo y gas),Secretaría de Energía,High,facility_or_asset,Primary official,Facility / asset (point sources in cities)
ARG,Argentina,I.8,Fugitive emissions from oil & natural gas systems,3,ARG-024,Datos Abiertos Energía (portal datos.gob.ar / datos.energia.gob.ar),Secretaría de Energía,High,facility_or_asset,Primary official,Facility / asset (point sources in cities)
ARG,Argentina,II.1,On-road transportation,1,ARG-013,Inventario de GEI de la Ciudad de Buenos Aires (IGEI CABA) — GPC,Gobierno de la Ciudad Autónoma de Buenos Aires,High,city_or_municipality,City official,City / municipality (city-ready)
ARG,Argentina,II.1,On-road transportation,2,ARG-007,Volúmenes de combustibles — bocas de expendio y despacho (Res. S.E. 1104/2004 y afines),Secretaría de Energía,High,facility_or_asset,Primary official,Facility / asset (point sources in cities)
ARG,Argentina,II.1,On-road transportation,3,ARG-024,Datos Abiertos Energía (portal datos.gob.ar / datos.energia.gob.ar),Secretaría de Energía,High,facility_or_asset,Primary official,Facility / asset (point sources in cities)
ARG,Argentina,II.2,Railways,1,ARG-013,Inventario de GEI de la Ciudad de Buenos Aires (IGEI CABA) — GPC,Gobierno de la Ciudad Autónoma de Buenos Aires,High,city_or_municipality,City official,City / municipality (city-ready)
ARG,Argentina,II.2,Railways,2,ARG-002,Asignación por jurisdicción del INGEI (desagregación provincial),Subsecretaría de Ambiente,High,other_or_mixed,Primary official,Mixed / other
ARG,Argentina,II.2,Railways,3,ARG-001,Inventario Nacional de Gases de Efecto Invernadero (INGEI) / Informe Nacional de Inventario (INI),"Subsecretaría de Ambiente (Secretaría de Ambiente, Turismo y Deportes)",High,national,Primary official,National only (needs downscaling to city)
ARG,Argentina,II.3,Waterborne navigation,1,ARG-002,Asignación por jurisdicción del INGEI (desagregación provincial),Subsecretaría de Ambiente,High,other_or_mixed,Primary official,Mixed / other
ARG,Argentina,II.3,Waterborne navigation,2,ARG-001,Inventario Nacional de Gases de Efecto Invernadero (INGEI) / Informe Nacional de Inventario (INI),"Subsecretaría de Ambiente (Secretaría de Ambiente, Turismo y Deportes)",High,national,Primary official,National only (needs downscaling to city)
ARG,Argentina,II.3,Waterborne navigation,3,ARG-016,Estadísticas portuarias / fluvial-marítima (AGP y Ministerio de Transporte),Administración General de Puertos / Ministerio de Transporte,Medium,national,Primary official,National only (needs downscaling to city)
ARG,Argentina,II.4,Aviation,1,ARG-015,ANAC / estadísticas aeroportuarias y aviación,Administración Nacional de Aviación Civil (ANAC),High,facility_or_asset,Primary official,Facility / asset (point sources in cities)
ARG,Argentina,II.4,Aviation,2,ARG-002,Asignación por jurisdicción del INGEI (desagregación provincial),Subsecretaría de Ambiente,High,other_or_mixed,Primary official,Mixed / other
ARG,Argentina,II.4,Aviation,3,ARG-001,Inventario Nacional de Gases de Efecto Invernadero (INGEI) / Informe Nacional de Inventario (INI),"Subsecretaría de Ambiente (Secretaría de Ambiente, Turismo y Deportes)",High,national,Primary official,National only (needs downscaling to city)
ARG,Argentina,II.5,Off-road transportation,1,ARG-007,Volúmenes de combustibles — bocas de expendio y despacho (Res. S.E. 1104/2004 y afines),Secretaría de Energía,High,facility_or_asset,Primary official,Facility / asset (point sources in cities)
ARG,Argentina,II.5,Off-road transportation,2,ARG-002,Asignación por jurisdicción del INGEI (desagregación provincial),Subsecretaría de Ambiente,High,other_or_mixed,Primary official,Mixed / other
ARG,Argentina,II.5,Off-road transportation,3,ARG-001,Inventario Nacional de Gases de Efecto Invernadero (INGEI) / Informe Nacional de Inventario (INI),"Subsecretaría de Ambiente (Secretaría de Ambiente, Turismo y Deportes)",High,national,Primary official,National only (needs downscaling to city)
ARG,Argentina,III.1,Solid waste disposal,1,ARG-013,Inventario de GEI de la Ciudad de Buenos Aires (IGEI CABA) — GPC,Gobierno de la Ciudad Autónoma de Buenos Aires,High,city_or_municipality,City official,City / municipality (city-ready)
ARG,Argentina,III.1,Solid waste disposal,2,ARG-002,Asignación por jurisdicción del INGEI (desagregación provincial),Subsecretaría de Ambiente,High,other_or_mixed,Primary official,Mixed / other
ARG,Argentina,III.1,Solid waste disposal,3,ARG-001,Inventario Nacional de Gases de Efecto Invernadero (INGEI) / Informe Nacional de Inventario (INI),"Subsecretaría de Ambiente (Secretaría de Ambiente, Turismo y Deportes)",High,national,Primary official,National only (needs downscaling to city)
ARG,Argentina,III.2,Biological treatment of waste,1,ARG-013,Inventario de GEI de la Ciudad de Buenos Aires (IGEI CABA) — GPC,Gobierno de la Ciudad Autónoma de Buenos Aires,High,city_or_municipality,City official,City / municipality (city-ready)
ARG,Argentina,III.2,Biological treatment of waste,2,ARG-002,Asignación por jurisdicción del INGEI (desagregación provincial),Subsecretaría de Ambiente,High,other_or_mixed,Primary official,Mixed / other
ARG,Argentina,III.2,Biological treatment of waste,3,ARG-001,Inventario Nacional de Gases de Efecto Invernadero (INGEI) / Informe Nacional de Inventario (INI),"Subsecretaría de Ambiente (Secretaría de Ambiente, Turismo y Deportes)",High,national,Primary official,National only (needs downscaling to city)
ARG,Argentina,III.3,Incineration & open burning,1,ARG-002,Asignación por jurisdicción del INGEI (desagregación provincial),Subsecretaría de Ambiente,High,other_or_mixed,Primary official,Mixed / other
ARG,Argentina,III.3,Incineration & open burning,2,ARG-001,Inventario Nacional de Gases de Efecto Invernadero (INGEI) / Informe Nacional de Inventario (INI),"Subsecretaría de Ambiente (Secretaría de Ambiente, Turismo y Deportes)",High,national,Primary official,National only (needs downscaling to city)
ARG,Argentina,III.3,Incineration & open burning,3,ARG-011,Observatorio / estadísticas de RSU (ENGIRSU y productos provinciales),Subsecretaría de Ambiente / provincias / municipios,Medium,state_or_province,Primary official,State / province (needs downscaling to city)
ARG,Argentina,III.4,Wastewater treatment & discharge,1,ARG-013,Inventario de GEI de la Ciudad de Buenos Aires (IGEI CABA) — GPC,Gobierno de la Ciudad Autónoma de Buenos Aires,High,city_or_municipality,City official,City / municipality (city-ready)
ARG,Argentina,III.4,Wastewater treatment & discharge,2,ARG-002,Asignación por jurisdicción del INGEI (desagregación provincial),Subsecretaría de Ambiente,High,other_or_mixed,Primary official,Mixed / other
ARG,Argentina,III.4,Wastewater treatment & discharge,3,ARG-001,Inventario Nacional de Gases de Efecto Invernadero (INGEI) / Informe Nacional de Inventario (INI),"Subsecretaría de Ambiente (Secretaría de Ambiente, Turismo y Deportes)",High,national,Primary official,National only (needs downscaling to city)
ARG,Argentina,IV.1,Industrial processes,1,ARG-002,Asignación por jurisdicción del INGEI (desagregación provincial),Subsecretaría de Ambiente,High,other_or_mixed,Primary official,Mixed / other
ARG,Argentina,IV.1,Industrial processes,2,ARG-001,Inventario Nacional de Gases de Efecto Invernadero (INGEI) / Informe Nacional de Inventario (INI),"Subsecretaría de Ambiente (Secretaría de Ambiente, Turismo y Deportes)",High,national,Primary official,National only (needs downscaling to city)
ARG,Argentina,IV.1,Industrial processes,3,ARG-020,EDGAR GHG gridded & cities emissions,European Commission JRC,High,modeled_grid,International modeled,Modeled / international (cross-check only)
ARG,Argentina,IV.2,Product use,1,ARG-002,Asignación por jurisdicción del INGEI (desagregación provincial),Subsecretaría de Ambiente,High,other_or_mixed,Primary official,Mixed / other
ARG,Argentina,IV.2,Product use,2,ARG-001,Inventario Nacional de Gases de Efecto Invernadero (INGEI) / Informe Nacional de Inventario (INI),"Subsecretaría de Ambiente (Secretaría de Ambiente, Turismo y Deportes)",High,national,Primary official,National only (needs downscaling to city)
ARG,Argentina,IV.2,Product use,3,ARG-019,F-gases / uso de productos (INGEI IPPU + desagregación provincial parcial),Subsecretaría de Ambiente,Medium,national,Primary official,National only (needs downscaling to city)
ARG,Argentina,V.1,Livestock,1,ARG-002,Asignación por jurisdicción del INGEI (desagregación provincial),Subsecretaría de Ambiente,High,other_or_mixed,Primary official,Mixed / other
ARG,Argentina,V.1,Livestock,2,ARG-001,Inventario Nacional de Gases de Efecto Invernadero (INGEI) / Informe Nacional de Inventario (INI),"Subsecretaría de Ambiente (Secretaría de Ambiente, Turismo y Deportes)",High,national,Primary official,National only (needs downscaling to city)
ARG,Argentina,V.1,Livestock,3,ARG-009,Censo Nacional Agropecuario (CNA 2018) y estadísticas agropecuarias,INDEC / Ministerio de Agricultura (encuestas),High,national,Primary official,National only (needs downscaling to city)
ARG,Argentina,V.2,Land,1,ARG-002,Asignación por jurisdicción del INGEI (desagregación provincial),Subsecretaría de Ambiente,High,other_or_mixed,Primary official,Mixed / other
ARG,Argentina,V.2,Land,2,ARG-010,Inventario Nacional Forestal / monitoreo de bosques (UMSEF / Dirección de Bosques),Ministerio de Ambiente / Dirección Nacional de Bosques (UMSEF),High,state_or_province,Primary official,State / province (needs downscaling to city)
ARG,Argentina,V.2,Land,3,ARG-001,Inventario Nacional de Gases de Efecto Invernadero (INGEI) / Informe Nacional de Inventario (INI),"Subsecretaría de Ambiente (Secretaría de Ambiente, Turismo y Deportes)",High,national,Primary official,National only (needs downscaling to city)
ARG,Argentina,V.3,Aggregate sources & non-CO₂ emissions sources on land,1,ARG-002,Asignación por jurisdicción del INGEI (desagregación provincial),Subsecretaría de Ambiente,High,other_or_mixed,Primary official,Mixed / other
ARG,Argentina,V.3,Aggregate sources & non-CO₂ emissions sources on land,2,ARG-001,Inventario Nacional de Gases de Efecto Invernadero (INGEI) / Informe Nacional de Inventario (INI),"Subsecretaría de Ambiente (Secretaría de Ambiente, Turismo y Deportes)",High,national,Primary official,National only (needs downscaling to city)
ARG,Argentina,V.3,Aggregate sources & non-CO₂ emissions sources on land,3,ARG-009,Censo Nacional Agropecuario (CNA 2018) y estadísticas agropecuarias,INDEC / Ministerio de Agricultura (encuestas),High,national,Primary official,National only (needs downscaling to city)
ARG,Argentina,VI.1,Other Scope 3,1,ARG-008,INDEC — Cuenta de emisiones al aire (CEA-GEI) / cuentas ambientales,Instituto Nacional de Estadística y Censos (INDEC),High,national,Primary official,National only (needs downscaling to city)
MEX,Mexico,I.1,Residential buildings,1,MEX-014,Inventario de Emisiones de la ZMVM / CDMX (SEDEMA) — GEI y contaminantes,Secretaría del Medio Ambiente de la Ciudad de México (SEDEMA),High,city_or_municipality,City / metro official,City / municipality (city-ready)
MEX,Mexico,I.1,Residential buildings,2,MEX-004,Sistema de Información Energética (SIE),SENER,High,state_or_province,Primary official,State / province (needs downscaling to city)
MEX,Mexico,I.1,Residential buildings,3,MEX-008,CRE / SENER — estadísticas de gas natural y petrolíferos,CRE / SENER,High,state_or_province,Primary official,State / province (needs downscaling to city)
MEX,Mexico,I.2,Commercial & institutional buildings,1,MEX-014,Inventario de Emisiones de la ZMVM / CDMX (SEDEMA) — GEI y contaminantes,Secretaría del Medio Ambiente de la Ciudad de México (SEDEMA),High,city_or_municipality,City / metro official,City / municipality (city-ready)
MEX,Mexico,I.2,Commercial & institutional buildings,2,MEX-004,Sistema de Información Energética (SIE),SENER,High,state_or_province,Primary official,State / province (needs downscaling to city)
MEX,Mexico,I.2,Commercial & institutional buildings,3,MEX-008,CRE / SENER — estadísticas de gas natural y petrolíferos,CRE / SENER,High,state_or_province,Primary official,State / province (needs downscaling to city)
MEX,Mexico,I.3,Manufacturing industries & construction,1,MEX-014,Inventario de Emisiones de la ZMVM / CDMX (SEDEMA) — GEI y contaminantes,Secretaría del Medio Ambiente de la Ciudad de México (SEDEMA),High,city_or_municipality,City / metro official,City / municipality (city-ready)
MEX,Mexico,I.3,Manufacturing industries & construction,2,MEX-002,Registro Nacional de Emisiones (RENE),SEMARNAT,High,facility_or_asset,Primary official,Facility / asset (point sources in cities)
MEX,Mexico,I.3,Manufacturing industries & construction,3,MEX-004,Sistema de Información Energética (SIE),SENER,High,state_or_province,Primary official,State / province (needs downscaling to city)
MEX,Mexico,I.4,Energy industries,1,MEX-014,Inventario de Emisiones de la ZMVM / CDMX (SEDEMA) — GEI y contaminantes,Secretaría del Medio Ambiente de la Ciudad de México (SEDEMA),High,city_or_municipality,City / metro official,City / municipality (city-ready)
MEX,Mexico,I.4,Energy industries,2,MEX-002,Registro Nacional de Emisiones (RENE),SEMARNAT,High,facility_or_asset,Primary official,Facility / asset (point sources in cities)
MEX,Mexico,I.4,Energy industries,3,MEX-004,Sistema de Información Energética (SIE),SENER,High,state_or_province,Primary official,State / province (needs downscaling to city)
MEX,Mexico,I.5,"Agriculture, forestry & fishing energy",1,MEX-011,Censo Agropecuario / SIAP — estadísticas agropecuarias,INEGI / SIAP (SADER),High,city_or_municipality,Primary official,City / municipality (city-ready)
MEX,Mexico,I.5,"Agriculture, forestry & fishing energy",2,MEX-001,Inventario Nacional de Emisiones de Gases y Compuestos de Efecto Invernadero (INEGyCEI),Instituto Nacional de Ecología y Cambio Climático (INECC) / SEMARNAT,High,national,Primary official,National only (needs downscaling to city)
MEX,Mexico,I.5,"Agriculture, forestry & fishing energy",3,MEX-003,Balance Nacional de Energía (BNE),Secretaría de Energía (SENER),High,national,Primary official,National only (needs downscaling to city)
MEX,Mexico,I.7,"Fugitive emissions from mining, processing, storage & transport of coal",1,MEX-001,Inventario Nacional de Emisiones de Gases y Compuestos de Efecto Invernadero (INEGyCEI),Instituto Nacional de Ecología y Cambio Climático (INECC) / SEMARNAT,High,national,Primary official,National only (needs downscaling to city)
MEX,Mexico,I.8,Fugitive emissions from oil & natural gas systems,1,MEX-002,Registro Nacional de Emisiones (RENE),SEMARNAT,High,facility_or_asset,Primary official,Facility / asset (point sources in cities)
MEX,Mexico,I.8,Fugitive emissions from oil & natural gas systems,2,MEX-004,Sistema de Información Energética (SIE),SENER,High,state_or_province,Primary official,State / province (needs downscaling to city)
MEX,Mexico,I.8,Fugitive emissions from oil & natural gas systems,3,MEX-007,CNH Tablero de Producción / PEMEX BDI — hidrocarburos,Comisión Nacional de Hidrocarburos (CNH) / PEMEX,High,other_or_mixed,Primary official,Mixed / other
MEX,Mexico,II.1,On-road transportation,1,MEX-009,"INEGI — parque vehicular, transporte y estadísticas de movilidad",Instituto Nacional de Estadística y Geografía (INEGI),High,city_or_municipality,Primary official,City / municipality (city-ready)
MEX,Mexico,II.1,On-road transportation,2,MEX-014,Inventario de Emisiones de la ZMVM / CDMX (SEDEMA) — GEI y contaminantes,Secretaría del Medio Ambiente de la Ciudad de México (SEDEMA),High,city_or_municipality,City / metro official,City / municipality (city-ready)
MEX,Mexico,II.1,On-road transportation,3,MEX-004,Sistema de Información Energética (SIE),SENER,High,state_or_province,Primary official,State / province (needs downscaling to city)
MEX,Mexico,II.2,Railways,1,MEX-009,"INEGI — parque vehicular, transporte y estadísticas de movilidad",Instituto Nacional de Estadística y Geografía (INEGI),High,city_or_municipality,Primary official,City / municipality (city-ready)
MEX,Mexico,II.2,Railways,2,MEX-014,Inventario de Emisiones de la ZMVM / CDMX (SEDEMA) — GEI y contaminantes,Secretaría del Medio Ambiente de la Ciudad de México (SEDEMA),High,city_or_municipality,City / metro official,City / municipality (city-ready)
MEX,Mexico,II.2,Railways,3,MEX-010,"SCT / AFAC — estadísticas aeroportuarias, ferroviarias y marítimas",SICT / Agencia Federal de Aviación Civil / autoridades portuarias,High,facility_or_asset,Primary official,Facility / asset (point sources in cities)
MEX,Mexico,II.3,Waterborne navigation,1,MEX-010,"SCT / AFAC — estadísticas aeroportuarias, ferroviarias y marítimas",SICT / Agencia Federal de Aviación Civil / autoridades portuarias,High,facility_or_asset,Primary official,Facility / asset (point sources in cities)
MEX,Mexico,II.3,Waterborne navigation,2,MEX-001,Inventario Nacional de Emisiones de Gases y Compuestos de Efecto Invernadero (INEGyCEI),Instituto Nacional de Ecología y Cambio Climático (INECC) / SEMARNAT,High,national,Primary official,National only (needs downscaling to city)
MEX,Mexico,II.3,Waterborne navigation,3,MEX-020,EDGAR GHG gridded & cities emissions,European Commission JRC,High,modeled_grid,International modeled,Modeled / international (cross-check only)
MEX,Mexico,II.4,Aviation,1,MEX-010,"SCT / AFAC — estadísticas aeroportuarias, ferroviarias y marítimas",SICT / Agencia Federal de Aviación Civil / autoridades portuarias,High,facility_or_asset,Primary official,Facility / asset (point sources in cities)
MEX,Mexico,II.4,Aviation,2,MEX-001,Inventario Nacional de Emisiones de Gases y Compuestos de Efecto Invernadero (INEGyCEI),Instituto Nacional de Ecología y Cambio Climático (INECC) / SEMARNAT,High,national,Primary official,National only (needs downscaling to city)
MEX,Mexico,II.4,Aviation,3,MEX-020,EDGAR GHG gridded & cities emissions,European Commission JRC,High,modeled_grid,International modeled,Modeled / international (cross-check only)
MEX,Mexico,II.5,Off-road transportation,1,MEX-002,Registro Nacional de Emisiones (RENE),SEMARNAT,High,facility_or_asset,Primary official,Facility / asset (point sources in cities)
MEX,Mexico,II.5,Off-road transportation,2,MEX-001,Inventario Nacional de Emisiones de Gases y Compuestos de Efecto Invernadero (INEGyCEI),Instituto Nacional de Ecología y Cambio Climático (INECC) / SEMARNAT,High,national,Primary official,National only (needs downscaling to city)
MEX,Mexico,II.5,Off-road transportation,3,MEX-017,Factores de emisión y calculadora RENE / CONUEE,SEMARNAT / INECC / CONUEE,High,national,Primary official,National only (needs downscaling to city)
MEX,Mexico,III.1,Solid waste disposal,1,MEX-014,Inventario de Emisiones de la ZMVM / CDMX (SEDEMA) — GEI y contaminantes,Secretaría del Medio Ambiente de la Ciudad de México (SEDEMA),High,city_or_municipality,City / metro official,City / municipality (city-ready)
MEX,Mexico,III.1,Solid waste disposal,2,MEX-002,Registro Nacional de Emisiones (RENE),SEMARNAT,High,facility_or_asset,Primary official,Facility / asset (point sources in cities)
MEX,Mexico,III.1,Solid waste disposal,3,MEX-001,Inventario Nacional de Emisiones de Gases y Compuestos de Efecto Invernadero (INEGyCEI),Instituto Nacional de Ecología y Cambio Climático (INECC) / SEMARNAT,High,national,Primary official,National only (needs downscaling to city)
MEX,Mexico,III.2,Biological treatment of waste,1,MEX-014,Inventario de Emisiones de la ZMVM / CDMX (SEDEMA) — GEI y contaminantes,Secretaría del Medio Ambiente de la Ciudad de México (SEDEMA),High,city_or_municipality,City / metro official,City / municipality (city-ready)
MEX,Mexico,III.2,Biological treatment of waste,2,MEX-001,Inventario Nacional de Emisiones de Gases y Compuestos de Efecto Invernadero (INEGyCEI),Instituto Nacional de Ecología y Cambio Climático (INECC) / SEMARNAT,High,national,Primary official,National only (needs downscaling to city)
MEX,Mexico,III.2,Biological treatment of waste,3,MEX-013,SEMARNAT — diagnósticos y estadísticas de residuos (RSU / RME),SEMARNAT / gobiernos estatales y municipales,Medium,city_or_municipality,Primary official,City / municipality (city-ready)
MEX,Mexico,III.3,Incineration & open burning,1,MEX-014,Inventario de Emisiones de la ZMVM / CDMX (SEDEMA) — GEI y contaminantes,Secretaría del Medio Ambiente de la Ciudad de México (SEDEMA),High,city_or_municipality,City / metro official,City / municipality (city-ready)
MEX,Mexico,III.3,Incineration & open burning,2,MEX-001,Inventario Nacional de Emisiones de Gases y Compuestos de Efecto Invernadero (INEGyCEI),Instituto Nacional de Ecología y Cambio Climático (INECC) / SEMARNAT,High,national,Primary official,National only (needs downscaling to city)
MEX,Mexico,III.3,Incineration & open burning,3,MEX-013,SEMARNAT — diagnósticos y estadísticas de residuos (RSU / RME),SEMARNAT / gobiernos estatales y municipales,Medium,city_or_municipality,Primary official,City / municipality (city-ready)
MEX,Mexico,III.4,Wastewater treatment & discharge,1,MEX-014,Inventario de Emisiones de la ZMVM / CDMX (SEDEMA) — GEI y contaminantes,Secretaría del Medio Ambiente de la Ciudad de México (SEDEMA),High,city_or_municipality,City / metro official,City / municipality (city-ready)
MEX,Mexico,III.4,Wastewater treatment & discharge,2,MEX-002,Registro Nacional de Emisiones (RENE),SEMARNAT,High,facility_or_asset,Primary official,Facility / asset (point sources in cities)
MEX,Mexico,III.4,Wastewater treatment & discharge,3,MEX-001,Inventario Nacional de Emisiones de Gases y Compuestos de Efecto Invernadero (INEGyCEI),Instituto Nacional de Ecología y Cambio Climático (INECC) / SEMARNAT,High,national,Primary official,National only (needs downscaling to city)
MEX,Mexico,IV.1,Industrial processes,1,MEX-014,Inventario de Emisiones de la ZMVM / CDMX (SEDEMA) — GEI y contaminantes,Secretaría del Medio Ambiente de la Ciudad de México (SEDEMA),High,city_or_municipality,City / metro official,City / municipality (city-ready)
MEX,Mexico,IV.1,Industrial processes,2,MEX-002,Registro Nacional de Emisiones (RENE),SEMARNAT,High,facility_or_asset,Primary official,Facility / asset (point sources in cities)
MEX,Mexico,IV.1,Industrial processes,3,MEX-001,Inventario Nacional de Emisiones de Gases y Compuestos de Efecto Invernadero (INEGyCEI),Instituto Nacional de Ecología y Cambio Climático (INECC) / SEMARNAT,High,national,Primary official,National only (needs downscaling to city)
MEX,Mexico,IV.2,Product use,1,MEX-014,Inventario de Emisiones de la ZMVM / CDMX (SEDEMA) — GEI y contaminantes,Secretaría del Medio Ambiente de la Ciudad de México (SEDEMA),High,city_or_municipality,City / metro official,City / municipality (city-ready)
MEX,Mexico,IV.2,Product use,2,MEX-001,Inventario Nacional de Emisiones de Gases y Compuestos de Efecto Invernadero (INEGyCEI),Instituto Nacional de Ecología y Cambio Climático (INECC) / SEMARNAT,High,national,Primary official,National only (needs downscaling to city)
MEX,Mexico,IV.2,Product use,3,MEX-017,Factores de emisión y calculadora RENE / CONUEE,SEMARNAT / INECC / CONUEE,High,national,Primary official,National only (needs downscaling to city)
MEX,Mexico,V.1,Livestock,1,MEX-011,Censo Agropecuario / SIAP — estadísticas agropecuarias,INEGI / SIAP (SADER),High,city_or_municipality,Primary official,City / municipality (city-ready)
MEX,Mexico,V.1,Livestock,2,MEX-014,Inventario de Emisiones de la ZMVM / CDMX (SEDEMA) — GEI y contaminantes,Secretaría del Medio Ambiente de la Ciudad de México (SEDEMA),High,city_or_municipality,City / metro official,City / municipality (city-ready)
MEX,Mexico,V.1,Livestock,3,MEX-001,Inventario Nacional de Emisiones de Gases y Compuestos de Efecto Invernadero (INEGyCEI),Instituto Nacional de Ecología y Cambio Climático (INECC) / SEMARNAT,High,national,Primary official,National only (needs downscaling to city)
MEX,Mexico,V.2,Land,1,MEX-011,Censo Agropecuario / SIAP — estadísticas agropecuarias,INEGI / SIAP (SADER),High,city_or_municipality,Primary official,City / municipality (city-ready)
MEX,Mexico,V.2,Land,2,MEX-012,Inventario Nacional Forestal y de Suelos (INFyS) / SNMF,CONAFOR,High,other_or_mixed,Primary official,Mixed / other
MEX,Mexico,V.2,Land,3,MEX-001,Inventario Nacional de Emisiones de Gases y Compuestos de Efecto Invernadero (INEGyCEI),Instituto Nacional de Ecología y Cambio Climático (INECC) / SEMARNAT,High,national,Primary official,National only (needs downscaling to city)
MEX,Mexico,V.3,Aggregate sources & non-CO₂ emissions sources on land,1,MEX-011,Censo Agropecuario / SIAP — estadísticas agropecuarias,INEGI / SIAP (SADER),High,city_or_municipality,Primary official,City / municipality (city-ready)
MEX,Mexico,V.3,Aggregate sources & non-CO₂ emissions sources on land,2,MEX-001,Inventario Nacional de Emisiones de Gases y Compuestos de Efecto Invernadero (INEGyCEI),Instituto Nacional de Ecología y Cambio Climático (INECC) / SEMARNAT,High,national,Primary official,National only (needs downscaling to city)
MEX,Mexico,V.3,Aggregate sources & non-CO₂ emissions sources on land,3,MEX-020,EDGAR GHG gridded & cities emissions,European Commission JRC,High,modeled_grid,International modeled,Modeled / international (cross-check only)
MEX,Mexico,VI.1,Other Scope 3,1,MEX-017,Factores de emisión y calculadora RENE / CONUEE,SEMARNAT / INECC / CONUEE,High,national,Primary official,National only (needs downscaling to city)
MEX,Mexico,VI.1,Other Scope 3,2,MEX-024,INEGI — cuentas económicas y ambientales / energía (productos SEEA parciales),INEGI,High,national,Primary official,National only (needs downscaling to city)
PHL,Philippines,I.1,Residential buildings,1,PHL-014,Quezon City GHG inventory / Enhanced QC-LCCAP (GPC-based),Quezon City Government (C40 / partners),High,city_or_municipality,City official,City / municipality (city-ready)
PHL,Philippines,I.1,Residential buildings,2,PHL-006,Meralco distribution sales / annual reports (franchise area),Manila Electric Company (Meralco),High,facility_or_asset,Primary operator,Facility / asset (point sources in cities)
PHL,Philippines,I.1,Residential buildings,3,PHL-003,"Philippine Power Statistics (sales, generation, capacity by grid/region/sector)",Department of Energy (DOE) — EPIMB,High,state_or_province,Primary official,State / province (needs downscaling to city)
PHL,Philippines,I.2,Commercial & institutional buildings,1,PHL-014,Quezon City GHG inventory / Enhanced QC-LCCAP (GPC-based),Quezon City Government (C40 / partners),High,city_or_municipality,City official,City / municipality (city-ready)
PHL,Philippines,I.2,Commercial & institutional buildings,2,PHL-006,Meralco distribution sales / annual reports (franchise area),Manila Electric Company (Meralco),High,facility_or_asset,Primary operator,Facility / asset (point sources in cities)
PHL,Philippines,I.2,Commercial & institutional buildings,3,PHL-003,"Philippine Power Statistics (sales, generation, capacity by grid/region/sector)",Department of Energy (DOE) — EPIMB,High,state_or_province,Primary official,State / province (needs downscaling to city)
PHL,Philippines,I.3,Manufacturing industries & construction,1,PHL-014,Quezon City GHG inventory / Enhanced QC-LCCAP (GPC-based),Quezon City Government (C40 / partners),High,city_or_municipality,City official,City / municipality (city-ready)
PHL,Philippines,I.3,Manufacturing industries & construction,2,PHL-006,Meralco distribution sales / annual reports (franchise area),Manila Electric Company (Meralco),High,facility_or_asset,Primary operator,Facility / asset (point sources in cities)
PHL,Philippines,I.3,Manufacturing industries & construction,3,PHL-003,"Philippine Power Statistics (sales, generation, capacity by grid/region/sector)",Department of Energy (DOE) — EPIMB,High,state_or_province,Primary official,State / province (needs downscaling to city)
PHL,Philippines,I.4,Energy industries,1,PHL-003,"Philippine Power Statistics (sales, generation, capacity by grid/region/sector)",Department of Energy (DOE) — EPIMB,High,state_or_province,Primary official,State / province (needs downscaling to city)
PHL,Philippines,I.4,Energy industries,2,PHL-016,Coal production by source (Key Energy Statistics),DOE,High,other_or_mixed,Primary official,Mixed / other
PHL,Philippines,I.4,Energy industries,3,PHL-001,Philippines Biennial Transparency Report (BTR1) — National GHG Inventories 2015 & 2020,Climate Change Commission (CCC) / UNFCCC,High,national,Primary official,National only (needs downscaling to city)
PHL,Philippines,I.5,"Agriculture, forestry & fishing energy",1,PHL-012,PSA livestock & poultry / crops surveys (OpenSTAT Agriculture),PSA,High,state_or_province,Primary official,State / province (needs downscaling to city)
PHL,Philippines,I.5,"Agriculture, forestry & fishing energy",2,PHL-001,Philippines Biennial Transparency Report (BTR1) — National GHG Inventories 2015 & 2020,Climate Change Commission (CCC) / UNFCCC,High,national,Primary official,National only (needs downscaling to city)
PHL,Philippines,I.5,"Agriculture, forestry & fishing energy",3,PHL-004,Key Energy Statistics / Energy Supply and Demand Situationer / Energy Balance Table,DOE — EPPB,High,national,Primary official,National only (needs downscaling to city)
PHL,Philippines,I.7,"Fugitive emissions from mining, processing, storage & transport of coal",1,PHL-016,Coal production by source (Key Energy Statistics),DOE,High,other_or_mixed,Primary official,Mixed / other
PHL,Philippines,I.7,"Fugitive emissions from mining, processing, storage & transport of coal",2,PHL-001,Philippines Biennial Transparency Report (BTR1) — National GHG Inventories 2015 & 2020,Climate Change Commission (CCC) / UNFCCC,High,national,Primary official,National only (needs downscaling to city)
PHL,Philippines,I.7,"Fugitive emissions from mining, processing, storage & transport of coal",3,PHL-004,Key Energy Statistics / Energy Supply and Demand Situationer / Energy Balance Table,DOE — EPPB,High,national,Primary official,National only (needs downscaling to city)
PHL,Philippines,I.8,Fugitive emissions from oil & natural gas systems,1,PHL-001,Philippines Biennial Transparency Report (BTR1) — National GHG Inventories 2015 & 2020,Climate Change Commission (CCC) / UNFCCC,High,national,Primary official,National only (needs downscaling to city)
PHL,Philippines,I.8,Fugitive emissions from oil & natural gas systems,2,PHL-004,Key Energy Statistics / Energy Supply and Demand Situationer / Energy Balance Table,DOE — EPPB,High,national,Primary official,National only (needs downscaling to city)
PHL,Philippines,I.8,Fugitive emissions from oil & natural gas systems,3,PHL-017,Oil and gas production & petroleum product consumption by sector (KES),DOE,High,national,Primary official,National only (needs downscaling to city)
PHL,Philippines,II.1,On-road transportation,1,PHL-014,Quezon City GHG inventory / Enhanced QC-LCCAP (GPC-based),Quezon City Government (C40 / partners),High,city_or_municipality,City official,City / municipality (city-ready)
PHL,Philippines,II.1,On-road transportation,2,PHL-007,LTO motor vehicle registration statistics (by classification/region/fuel),Land Transportation Office (LTO) / DOTr,High,state_or_province,Primary official,State / province (needs downscaling to city)
PHL,Philippines,II.1,On-road transportation,3,PHL-004,Key Energy Statistics / Energy Supply and Demand Situationer / Energy Balance Table,DOE — EPPB,High,national,Primary official,National only (needs downscaling to city)
PHL,Philippines,II.2,Railways,1,PHL-014,Quezon City GHG inventory / Enhanced QC-LCCAP (GPC-based),Quezon City Government (C40 / partners),High,city_or_municipality,City official,City / municipality (city-ready)
PHL,Philippines,II.2,Railways,2,PHL-001,Philippines Biennial Transparency Report (BTR1) — National GHG Inventories 2015 & 2020,Climate Change Commission (CCC) / UNFCCC,High,national,Primary official,National only (needs downscaling to city)
PHL,Philippines,II.2,Railways,3,PHL-010,Urban rail ridership (LRT/MRT/PNR performance disclosures),DOTr / LRTA / PNR (GCG scorecards),Medium,other_or_mixed,Primary operator,Mixed / other
PHL,Philippines,II.3,Waterborne navigation,1,PHL-008,Philippine Ports Authority (PPA) annual & quarterly port statistics,Philippine Ports Authority,High,facility_or_asset,Primary official,Facility / asset (point sources in cities)
PHL,Philippines,II.3,Waterborne navigation,2,PHL-001,Philippines Biennial Transparency Report (BTR1) — National GHG Inventories 2015 & 2020,Climate Change Commission (CCC) / UNFCCC,High,national,Primary official,National only (needs downscaling to city)
PHL,Philippines,II.3,Waterborne navigation,3,PHL-019,EDGAR GHG gridded & cities emissions,European Commission JRC,High,modeled_grid,International modeled,Modeled / international (cross-check only)
PHL,Philippines,II.4,Aviation,1,PHL-001,Philippines Biennial Transparency Report (BTR1) — National GHG Inventories 2015 & 2020,Climate Change Commission (CCC) / UNFCCC,High,national,Primary official,National only (needs downscaling to city)
PHL,Philippines,II.4,Aviation,2,PHL-009,CAAP / MIAA / MCIAA / CIAC airport traffic statistics & dashboards,"CAAP and airport authorities (MIAA, MCIAA, CIAC) under DOTr",Medium,facility_or_asset,Primary official,Facility / asset (point sources in cities)
PHL,Philippines,II.4,Aviation,3,PHL-019,EDGAR GHG gridded & cities emissions,European Commission JRC,High,modeled_grid,International modeled,Modeled / international (cross-check only)
PHL,Philippines,II.5,Off-road transportation,1,PHL-001,Philippines Biennial Transparency Report (BTR1) — National GHG Inventories 2015 & 2020,Climate Change Commission (CCC) / UNFCCC,High,national,Primary official,National only (needs downscaling to city)
PHL,Philippines,II.5,Off-road transportation,2,PHL-004,Key Energy Statistics / Energy Supply and Demand Situationer / Energy Balance Table,DOE — EPPB,High,national,Primary official,National only (needs downscaling to city)
PHL,Philippines,III.1,Solid waste disposal,1,PHL-014,Quezon City GHG inventory / Enhanced QC-LCCAP (GPC-based),Quezon City Government (C40 / partners),High,city_or_municipality,City official,City / municipality (city-ready)
PHL,Philippines,III.1,Solid waste disposal,2,PHL-011,NSWMC / EMB solid waste generation & facility status reports,National Solid Waste Management Commission / DENR-EMB,Medium,state_or_province,Primary official,State / province (needs downscaling to city)
PHL,Philippines,III.1,Solid waste disposal,3,PHL-001,Philippines Biennial Transparency Report (BTR1) — National GHG Inventories 2015 & 2020,Climate Change Commission (CCC) / UNFCCC,High,national,Primary official,National only (needs downscaling to city)
PHL,Philippines,III.2,Biological treatment of waste,1,PHL-001,Philippines Biennial Transparency Report (BTR1) — National GHG Inventories 2015 & 2020,Climate Change Commission (CCC) / UNFCCC,High,national,Primary official,National only (needs downscaling to city)
PHL,Philippines,III.2,Biological treatment of waste,2,PHL-011,NSWMC / EMB solid waste generation & facility status reports,National Solid Waste Management Commission / DENR-EMB,Medium,state_or_province,Primary official,State / province (needs downscaling to city)
PHL,Philippines,III.3,Incineration & open burning,1,PHL-001,Philippines Biennial Transparency Report (BTR1) — National GHG Inventories 2015 & 2020,Climate Change Commission (CCC) / UNFCCC,High,national,Primary official,National only (needs downscaling to city)
PHL,Philippines,III.3,Incineration & open burning,2,PHL-011,NSWMC / EMB solid waste generation & facility status reports,National Solid Waste Management Commission / DENR-EMB,Medium,state_or_province,Primary official,State / province (needs downscaling to city)
PHL,Philippines,III.4,Wastewater treatment & discharge,1,PHL-014,Quezon City GHG inventory / Enhanced QC-LCCAP (GPC-based),Quezon City Government (C40 / partners),High,city_or_municipality,City official,City / municipality (city-ready)
PHL,Philippines,III.4,Wastewater treatment & discharge,2,PHL-005,"PSA OpenSTAT — Energy, Agriculture, Environment databases",Philippine Statistics Authority (PSA),High,state_or_province,Primary official,State / province (needs downscaling to city)
PHL,Philippines,III.4,Wastewater treatment & discharge,3,PHL-024,Water utilities / MWSS concessionaire disclosures (wastewater supporting for Metro Manila),MWSS concessionaires (Maynilad / Manila Water) — annual reports,Medium,other_or_mixed,Primary operator,Mixed / other
PHL,Philippines,IV.1,Industrial processes,1,PHL-001,Philippines Biennial Transparency Report (BTR1) — National GHG Inventories 2015 & 2020,Climate Change Commission (CCC) / UNFCCC,High,national,Primary official,National only (needs downscaling to city)
PHL,Philippines,IV.1,Industrial processes,2,PHL-002,2015 and 2020 National GHGI Executive Brief / NICCDIES GHG portal,CCC / NICCDIES,High,national,Primary official,National only (needs downscaling to city)
PHL,Philippines,IV.1,Industrial processes,3,PHL-018,Cement industry production/capacity disclosures (CeMAP / DTI context),Cement Manufacturers Association of the Philippines (CeMAP) / DTI citations,Medium,national,Industry association,National only (needs downscaling to city)
PHL,Philippines,IV.2,Product use,1,PHL-001,Philippines Biennial Transparency Report (BTR1) — National GHG Inventories 2015 & 2020,Climate Change Commission (CCC) / UNFCCC,High,national,Primary official,National only (needs downscaling to city)
PHL,Philippines,V.1,Livestock,1,PHL-005,"PSA OpenSTAT — Energy, Agriculture, Environment databases",Philippine Statistics Authority (PSA),High,state_or_province,Primary official,State / province (needs downscaling to city)
PHL,Philippines,V.1,Livestock,2,PHL-012,PSA livestock & poultry / crops surveys (OpenSTAT Agriculture),PSA,High,state_or_province,Primary official,State / province (needs downscaling to city)
PHL,Philippines,V.1,Livestock,3,PHL-001,Philippines Biennial Transparency Report (BTR1) — National GHG Inventories 2015 & 2020,Climate Change Commission (CCC) / UNFCCC,High,national,Primary official,National only (needs downscaling to city)
PHL,Philippines,V.2,Land,1,PHL-005,"PSA OpenSTAT — Energy, Agriculture, Environment databases",Philippine Statistics Authority (PSA),High,state_or_province,Primary official,State / province (needs downscaling to city)
PHL,Philippines,V.2,Land,2,PHL-013,NAMRIA land cover / FMB Philippine Forestry Statistics / FRL,NAMRIA / DENR-FMB,High,national,Primary official,National only (needs downscaling to city)
PHL,Philippines,V.2,Land,3,PHL-001,Philippines Biennial Transparency Report (BTR1) — National GHG Inventories 2015 & 2020,Climate Change Commission (CCC) / UNFCCC,High,national,Primary official,National only (needs downscaling to city)
PHL,Philippines,V.3,Aggregate sources & non-CO₂ emissions sources on land,1,PHL-005,"PSA OpenSTAT — Energy, Agriculture, Environment databases",Philippine Statistics Authority (PSA),High,state_or_province,Primary official,State / province (needs downscaling to city)
PHL,Philippines,V.3,Aggregate sources & non-CO₂ emissions sources on land,2,PHL-012,PSA livestock & poultry / crops surveys (OpenSTAT Agriculture),PSA,High,state_or_province,Primary official,State / province (needs downscaling to city)
PHL,Philippines,V.3,Aggregate sources & non-CO₂ emissions sources on land,3,PHL-001,Philippines Biennial Transparency Report (BTR1) — National GHG Inventories 2015 & 2020,Climate Change Commission (CCC) / UNFCCC,High,national,Primary official,National only (needs downscaling to city)
PHL,Philippines,VI.1,Other Scope 3,1,PHL-023,Family Income and Expenditure Survey (FIES) — energy-related expenditure,PSA,Medium,state_or_province,Primary official,State / province (needs downscaling to city)
MAR,Morocco,I.1,Residential buildings,1,MAR-008,Rapports financiers / volumes électricité — Lydec (Grand Casablanca),Lydec / AMMC filings (historically); SRM Casablanca-Settat from Oct 2024,High,other_or_mixed,Primary operator,Mixed / other
MAR,Morocco,I.1,Residential buildings,2,MAR-009,Taux d’équipement des ménages en électricité / conditions de vie,Haut-Commissariat au Plan (HCP),High,state_or_province,Primary official,State / province (needs downscaling to city)
MAR,Morocco,I.1,Residential buildings,3,MAR-010,Annuaire statistique du Maroc (plateforme),HCP,High,state_or_province,Primary official,State / province (needs downscaling to city)
MAR,Morocco,I.2,Commercial & institutional buildings,1,MAR-008,Rapports financiers / volumes électricité — Lydec (Grand Casablanca),Lydec / AMMC filings (historically); SRM Casablanca-Settat from Oct 2024,High,other_or_mixed,Primary operator,Mixed / other
MAR,Morocco,I.2,Commercial & institutional buildings,2,MAR-010,Annuaire statistique du Maroc (plateforme),HCP,High,state_or_province,Primary official,State / province (needs downscaling to city)
MAR,Morocco,I.2,Commercial & institutional buildings,3,MAR-001,Rapport National d’Inventaire des GES (NIR 2024) — série 2010–2022,Département du Développement Durable (Maroc) / UNFCCC,High,national,Primary official,National only (needs downscaling to city)
MAR,Morocco,I.3,Manufacturing industries & construction,1,MAR-008,Rapports financiers / volumes électricité — Lydec (Grand Casablanca),Lydec / AMMC filings (historically); SRM Casablanca-Settat from Oct 2024,High,other_or_mixed,Primary operator,Mixed / other
MAR,Morocco,I.3,Manufacturing industries & construction,2,MAR-010,Annuaire statistique du Maroc (plateforme),HCP,High,state_or_province,Primary official,State / province (needs downscaling to city)
MAR,Morocco,I.3,Manufacturing industries & construction,3,MAR-001,Rapport National d’Inventaire des GES (NIR 2024) — série 2010–2022,Département du Développement Durable (Maroc) / UNFCCC,High,national,Primary official,National only (needs downscaling to city)
MAR,Morocco,I.4,Energy industries,1,MAR-001,Rapport National d’Inventaire des GES (NIR 2024) — série 2010–2022,Département du Développement Durable (Maroc) / UNFCCC,High,national,Primary official,National only (needs downscaling to city)
MAR,Morocco,I.4,Energy industries,2,MAR-002,"Indicateurs sectoriels (agriculture, mines, énergie, eau, industrie, transport…)",Portail Open Data Maroc (data.gov.ma) — sources administratives consolidées,High,national,Primary official,National only (needs downscaling to city)
MAR,Morocco,I.4,Energy industries,3,MAR-004,Chiffres clés annuels de l’énergie,Ministère de la Transition Énergétique et du Développement Durable (MEM),High,national,Primary official,National only (needs downscaling to city)
MAR,Morocco,I.5,"Agriculture, forestry & fishing energy",1,MAR-001,Rapport National d’Inventaire des GES (NIR 2024) — série 2010–2022,Département du Développement Durable (Maroc) / UNFCCC,High,national,Primary official,National only (needs downscaling to city)
MAR,Morocco,I.5,"Agriculture, forestry & fishing energy",2,MAR-002,"Indicateurs sectoriels (agriculture, mines, énergie, eau, industrie, transport…)",Portail Open Data Maroc (data.gov.ma) — sources administratives consolidées,High,national,Primary official,National only (needs downscaling to city)
MAR,Morocco,I.5,"Agriculture, forestry & fishing energy",3,MAR-004,Chiffres clés annuels de l’énergie,Ministère de la Transition Énergétique et du Développement Durable (MEM),High,national,Primary official,National only (needs downscaling to city)
MAR,Morocco,I.7,"Fugitive emissions from mining, processing, storage & transport of coal",1,MAR-001,Rapport National d’Inventaire des GES (NIR 2024) — série 2010–2022,Département du Développement Durable (Maroc) / UNFCCC,High,national,Primary official,National only (needs downscaling to city)
MAR,Morocco,I.8,Fugitive emissions from oil & natural gas systems,1,MAR-001,Rapport National d’Inventaire des GES (NIR 2024) — série 2010–2022,Département du Développement Durable (Maroc) / UNFCCC,High,national,Primary official,National only (needs downscaling to city)
MAR,Morocco,I.8,Fugitive emissions from oil & natural gas systems,2,MAR-004,Chiffres clés annuels de l’énergie,Ministère de la Transition Énergétique et du Développement Durable (MEM),High,national,Primary official,National only (needs downscaling to city)
MAR,Morocco,II.1,On-road transportation,1,MAR-010,Annuaire statistique du Maroc (plateforme),HCP,High,state_or_province,Primary official,State / province (needs downscaling to city)
MAR,Morocco,II.1,On-road transportation,2,MAR-001,Rapport National d’Inventaire des GES (NIR 2024) — série 2010–2022,Département du Développement Durable (Maroc) / UNFCCC,High,national,Primary official,National only (needs downscaling to city)
MAR,Morocco,II.1,On-road transportation,3,MAR-002,"Indicateurs sectoriels (agriculture, mines, énergie, eau, industrie, transport…)",Portail Open Data Maroc (data.gov.ma) — sources administratives consolidées,High,national,Primary official,National only (needs downscaling to city)
MAR,Morocco,II.2,Railways,1,MAR-001,Rapport National d’Inventaire des GES (NIR 2024) — série 2010–2022,Département du Développement Durable (Maroc) / UNFCCC,High,national,Primary official,National only (needs downscaling to city)
MAR,Morocco,II.2,Railways,2,MAR-015,Communiqués / indicateurs trafic ONCF (voyageurs & fret),Office National des Chemins de Fer (ONCF),Medium,national,Primary operator,National only (needs downscaling to city)
MAR,Morocco,II.2,Railways,3,MAR-024,EDGAR GHG gridded & cities emissions,European Commission JRC (EDGAR),High,modeled_grid,International modeled,Modeled / international (cross-check only)
MAR,Morocco,II.3,Waterborne navigation,1,MAR-016,Statistiques de trafic portuaire national (ANP / Ministère de l’Équipement),Agence Nationale des Ports (ANP) / Direction des Ports,High,facility_or_asset,Primary official,Facility / asset (point sources in cities)
MAR,Morocco,II.3,Waterborne navigation,2,MAR-017,Bilans d’activité portuaire Tanger Med,Tanger Med Port Authority (TMPA),High,facility_or_asset,Primary operator,Facility / asset (point sources in cities)
MAR,Morocco,II.3,Waterborne navigation,3,MAR-001,Rapport National d’Inventaire des GES (NIR 2024) — série 2010–2022,Département du Développement Durable (Maroc) / UNFCCC,High,national,Primary official,National only (needs downscaling to city)
MAR,Morocco,II.4,Aviation,1,MAR-018,"Statistiques de trafic aérien (passagers, mouvements) par aéroport",Office National Des Aéroports (ONDA),High,facility_or_asset,Primary official,Facility / asset (point sources in cities)
MAR,Morocco,II.4,Aviation,2,MAR-001,Rapport National d’Inventaire des GES (NIR 2024) — série 2010–2022,Département du Développement Durable (Maroc) / UNFCCC,High,national,Primary official,National only (needs downscaling to city)
MAR,Morocco,II.4,Aviation,3,MAR-024,EDGAR GHG gridded & cities emissions,European Commission JRC (EDGAR),High,modeled_grid,International modeled,Modeled / international (cross-check only)
MAR,Morocco,II.5,Off-road transportation,1,MAR-001,Rapport National d’Inventaire des GES (NIR 2024) — série 2010–2022,Département du Développement Durable (Maroc) / UNFCCC,High,national,Primary official,National only (needs downscaling to city)
MAR,Morocco,III.1,Solid waste disposal,1,MAR-001,Rapport National d’Inventaire des GES (NIR 2024) — série 2010–2022,Département du Développement Durable (Maroc) / UNFCCC,High,national,Primary official,National only (needs downscaling to city)
MAR,Morocco,III.1,Solid waste disposal,2,MAR-020,"Programme National des Déchets Ménagers — indicateurs publics (taux d’enfouissement, réhabilitation)",Ministère de la Transition Énergétique et du Développement Durable / Ministère de l’Intérieur,Medium,national,Primary official,National only (needs downscaling to city)
MAR,Morocco,III.1,Solid waste disposal,3,MAR-029,Plans Climat Territoriaux (PCT) — analyses GES régionales (ex. Casablanca-Settat),Régions / Département Environnement (project outputs; e.g. ECI references),Low,state_or_province,Subnational project,State / province (needs downscaling to city)
MAR,Morocco,III.2,Biological treatment of waste,1,MAR-001,Rapport National d’Inventaire des GES (NIR 2024) — série 2010–2022,Département du Développement Durable (Maroc) / UNFCCC,High,national,Primary official,National only (needs downscaling to city)
MAR,Morocco,III.3,Incineration & open burning,1,MAR-001,Rapport National d’Inventaire des GES (NIR 2024) — série 2010–2022,Département du Développement Durable (Maroc) / UNFCCC,High,national,Primary official,National only (needs downscaling to city)
MAR,Morocco,III.4,Wastewater treatment & discharge,1,MAR-008,Rapports financiers / volumes électricité — Lydec (Grand Casablanca),Lydec / AMMC filings (historically); SRM Casablanca-Settat from Oct 2024,High,other_or_mixed,Primary operator,Mixed / other
MAR,Morocco,III.4,Wastewater treatment & discharge,2,MAR-001,Rapport National d’Inventaire des GES (NIR 2024) — série 2010–2022,Département du Développement Durable (Maroc) / UNFCCC,High,national,Primary official,National only (needs downscaling to city)
MAR,Morocco,III.4,Wastewater treatment & discharge,3,MAR-019,"Indicateurs assainissement liquide ONEE (STEP, population desservie)",ONEE — Branche Eau / Assainissement,Medium,facility_or_asset,Primary operator,Facility / asset (point sources in cities)
MAR,Morocco,IV.1,Industrial processes,1,MAR-001,Rapport National d’Inventaire des GES (NIR 2024) — série 2010–2022,Département du Développement Durable (Maroc) / UNFCCC,High,national,Primary official,National only (needs downscaling to city)
MAR,Morocco,IV.1,Industrial processes,2,MAR-002,"Indicateurs sectoriels (agriculture, mines, énergie, eau, industrie, transport…)",Portail Open Data Maroc (data.gov.ma) — sources administratives consolidées,High,national,Primary official,National only (needs downscaling to city)
MAR,Morocco,IV.1,Industrial processes,3,MAR-021,Livraisons / ventes de ciment (APC / ministère Habitat),Association Professionnelle des Cimentiers (APC); cross-cited by producers & ministry,High,national,Industry association,National only (needs downscaling to city)
MAR,Morocco,IV.2,Product use,1,MAR-001,Rapport National d’Inventaire des GES (NIR 2024) — série 2010–2022,Département du Développement Durable (Maroc) / UNFCCC,High,national,Primary official,National only (needs downscaling to city)
MAR,Morocco,V.1,Livestock,1,MAR-010,Annuaire statistique du Maroc (plateforme),HCP,High,state_or_province,Primary official,State / province (needs downscaling to city)
MAR,Morocco,V.1,Livestock,2,MAR-001,Rapport National d’Inventaire des GES (NIR 2024) — série 2010–2022,Département du Développement Durable (Maroc) / UNFCCC,High,national,Primary official,National only (needs downscaling to city)
MAR,Morocco,V.1,Livestock,3,MAR-002,"Indicateurs sectoriels (agriculture, mines, énergie, eau, industrie, transport…)",Portail Open Data Maroc (data.gov.ma) — sources administratives consolidées,High,national,Primary official,National only (needs downscaling to city)
MAR,Morocco,V.2,Land,1,MAR-001,Rapport National d’Inventaire des GES (NIR 2024) — série 2010–2022,Département du Développement Durable (Maroc) / UNFCCC,High,national,Primary official,National only (needs downscaling to city)
MAR,Morocco,V.2,Land,2,MAR-023,Inventaire Forestier National / statistiques forestières ANEF,Agence Nationale des Eaux et Forêts (ANEF) / ex-HCEFLCD,Medium,national,Primary official,National only (needs downscaling to city)
MAR,Morocco,V.2,Land,3,MAR-024,EDGAR GHG gridded & cities emissions,European Commission JRC (EDGAR),High,modeled_grid,International modeled,Modeled / international (cross-check only)
MAR,Morocco,V.3,Aggregate sources & non-CO₂ emissions sources on land,1,MAR-010,Annuaire statistique du Maroc (plateforme),HCP,High,state_or_province,Primary official,State / province (needs downscaling to city)
MAR,Morocco,V.3,Aggregate sources & non-CO₂ emissions sources on land,2,MAR-001,Rapport National d’Inventaire des GES (NIR 2024) — série 2010–2022,Département du Développement Durable (Maroc) / UNFCCC,High,national,Primary official,National only (needs downscaling to city)
MAR,Morocco,V.3,Aggregate sources & non-CO₂ emissions sources on land,3,MAR-002,"Indicateurs sectoriels (agriculture, mines, énergie, eau, industrie, transport…)",Portail Open Data Maroc (data.gov.ma) — sources administratives consolidées,High,national,Primary official,National only (needs downscaling to city)
MAR,Morocco,VI.1,Other Scope 3,1,MAR-010,Annuaire statistique du Maroc (plateforme),HCP,High,state_or_province,Primary official,State / province (needs downscaling to city)
MAR,Morocco,VI.1,Other Scope 3,2,MAR-029,Plans Climat Territoriaux (PCT) — analyses GES régionales (ex. Casablanca-Settat),Régions / Département Environnement (project outputs; e.g. ECI references),Low,state_or_province,Subnational project,State / province (needs downscaling to city)
ETH,Ethiopia,I.1,Residential buildings,1,ETH-011,Addis Ababa GHG Emissions Inventory 2016 (GPC / C40 CIRIS),Addis Ababa / Ethiopia EPA (C40 CAP programme),High,city_or_municipality,City official / C40,City / municipality (city-ready)
ETH,Ethiopia,I.1,Residential buildings,2,ETH-001,First Biennial Update Report (BUR1) — National GHG Inventory 2018 & 2020,Federal Democratic Republic of Ethiopia / UNFCCC,High,national,Primary official,National only (needs downscaling to city)
ETH,Ethiopia,I.1,Residential buildings,3,ETH-002,Third National Communication (NC3),Ethiopia / UNFCCC,High,national,Primary official,National only (needs downscaling to city)
ETH,Ethiopia,I.2,Commercial & institutional buildings,1,ETH-011,Addis Ababa GHG Emissions Inventory 2016 (GPC / C40 CIRIS),Addis Ababa / Ethiopia EPA (C40 CAP programme),High,city_or_municipality,City official / C40,City / municipality (city-ready)
ETH,Ethiopia,I.2,Commercial & institutional buildings,2,ETH-001,First Biennial Update Report (BUR1) — National GHG Inventory 2018 & 2020,Federal Democratic Republic of Ethiopia / UNFCCC,High,national,Primary official,National only (needs downscaling to city)
ETH,Ethiopia,I.2,Commercial & institutional buildings,3,ETH-003,Ethiopian Energy Sector Brief 2025 (energy balance & electricity statistics),Ministry of Water and Energy (MoWE),High,national,Primary official,National only (needs downscaling to city)
ETH,Ethiopia,I.3,Manufacturing industries & construction,1,ETH-011,Addis Ababa GHG Emissions Inventory 2016 (GPC / C40 CIRIS),Addis Ababa / Ethiopia EPA (C40 CAP programme),High,city_or_municipality,City official / C40,City / municipality (city-ready)
ETH,Ethiopia,I.3,Manufacturing industries & construction,2,ETH-001,First Biennial Update Report (BUR1) — National GHG Inventory 2018 & 2020,Federal Democratic Republic of Ethiopia / UNFCCC,High,national,Primary official,National only (needs downscaling to city)
ETH,Ethiopia,I.3,Manufacturing industries & construction,3,ETH-003,Ethiopian Energy Sector Brief 2025 (energy balance & electricity statistics),Ministry of Water and Energy (MoWE),High,national,Primary official,National only (needs downscaling to city)
ETH,Ethiopia,I.4,Energy industries,1,ETH-011,Addis Ababa GHG Emissions Inventory 2016 (GPC / C40 CIRIS),Addis Ababa / Ethiopia EPA (C40 CAP programme),High,city_or_municipality,City official / C40,City / municipality (city-ready)
ETH,Ethiopia,I.4,Energy industries,2,ETH-001,First Biennial Update Report (BUR1) — National GHG Inventory 2018 & 2020,Federal Democratic Republic of Ethiopia / UNFCCC,High,national,Primary official,National only (needs downscaling to city)
ETH,Ethiopia,I.4,Energy industries,3,ETH-002,Third National Communication (NC3),Ethiopia / UNFCCC,High,national,Primary official,National only (needs downscaling to city)
ETH,Ethiopia,I.5,"Agriculture, forestry & fishing energy",1,ETH-006,Agricultural Sample Survey — Livestock and Livestock Characteristics,ESS,High,state_or_province,Primary official,State / province (needs downscaling to city)
ETH,Ethiopia,I.5,"Agriculture, forestry & fishing energy",2,ETH-007,Agricultural Sample Survey — Area and Production of Major Crops / Land Utilization / Farm Management,ESS,High,state_or_province,Primary official,State / province (needs downscaling to city)
ETH,Ethiopia,I.5,"Agriculture, forestry & fishing energy",3,ETH-001,First Biennial Update Report (BUR1) — National GHG Inventory 2018 & 2020,Federal Democratic Republic of Ethiopia / UNFCCC,High,national,Primary official,National only (needs downscaling to city)
ETH,Ethiopia,I.8,Fugitive emissions from oil & natural gas systems,1,ETH-001,First Biennial Update Report (BUR1) — National GHG Inventory 2018 & 2020,Federal Democratic Republic of Ethiopia / UNFCCC,High,national,Primary official,National only (needs downscaling to city)
ETH,Ethiopia,II.1,On-road transportation,1,ETH-011,Addis Ababa GHG Emissions Inventory 2016 (GPC / C40 CIRIS),Addis Ababa / Ethiopia EPA (C40 CAP programme),High,city_or_municipality,City official / C40,City / municipality (city-ready)
ETH,Ethiopia,II.1,On-road transportation,2,ETH-001,First Biennial Update Report (BUR1) — National GHG Inventory 2018 & 2020,Federal Democratic Republic of Ethiopia / UNFCCC,High,national,Primary official,National only (needs downscaling to city)
ETH,Ethiopia,II.1,On-road transportation,3,ETH-002,Third National Communication (NC3),Ethiopia / UNFCCC,High,national,Primary official,National only (needs downscaling to city)
ETH,Ethiopia,II.2,Railways,1,ETH-011,Addis Ababa GHG Emissions Inventory 2016 (GPC / C40 CIRIS),Addis Ababa / Ethiopia EPA (C40 CAP programme),High,city_or_municipality,City official / C40,City / municipality (city-ready)
ETH,Ethiopia,II.2,Railways,2,ETH-001,First Biennial Update Report (BUR1) — National GHG Inventory 2018 & 2020,Federal Democratic Republic of Ethiopia / UNFCCC,High,national,Primary official,National only (needs downscaling to city)
ETH,Ethiopia,II.2,Railways,3,ETH-004,EEP Facts in Brief 2024/25,Ethiopian Electric Power (EEP),High,national,Primary operator,National only (needs downscaling to city)
ETH,Ethiopia,II.4,Aviation,1,ETH-011,Addis Ababa GHG Emissions Inventory 2016 (GPC / C40 CIRIS),Addis Ababa / Ethiopia EPA (C40 CAP programme),High,city_or_municipality,City official / C40,City / municipality (city-ready)
ETH,Ethiopia,II.4,Aviation,2,ETH-001,First Biennial Update Report (BUR1) — National GHG Inventory 2018 & 2020,Federal Democratic Republic of Ethiopia / UNFCCC,High,national,Primary official,National only (needs downscaling to city)
ETH,Ethiopia,II.4,Aviation,3,ETH-013,Ethiopian Airlines Group traffic & fleet factsheets / annual reports,Ethiopian Airlines Group,Medium,facility_or_asset,Primary operator,Facility / asset (point sources in cities)
ETH,Ethiopia,II.5,Off-road transportation,1,ETH-001,First Biennial Update Report (BUR1) — National GHG Inventory 2018 & 2020,Federal Democratic Republic of Ethiopia / UNFCCC,High,national,Primary official,National only (needs downscaling to city)
ETH,Ethiopia,III.1,Solid waste disposal,1,ETH-011,Addis Ababa GHG Emissions Inventory 2016 (GPC / C40 CIRIS),Addis Ababa / Ethiopia EPA (C40 CAP programme),High,city_or_municipality,City official / C40,City / municipality (city-ready)
ETH,Ethiopia,III.1,Solid waste disposal,2,ETH-001,First Biennial Update Report (BUR1) — National GHG Inventory 2018 & 2020,Federal Democratic Republic of Ethiopia / UNFCCC,High,national,Primary official,National only (needs downscaling to city)
ETH,Ethiopia,III.1,Solid waste disposal,3,ETH-002,Third National Communication (NC3),Ethiopia / UNFCCC,High,national,Primary official,National only (needs downscaling to city)
ETH,Ethiopia,III.2,Biological treatment of waste,1,ETH-001,First Biennial Update Report (BUR1) — National GHG Inventory 2018 & 2020,Federal Democratic Republic of Ethiopia / UNFCCC,High,national,Primary official,National only (needs downscaling to city)
ETH,Ethiopia,III.2,Biological treatment of waste,2,ETH-016,"Addis Ababa / national MSW management project reports (JICA, GIZ sector briefs)",AACMA / city agencies via JICA & GIZ publications,Medium,city_or_municipality,Project / development partner,City / municipality (city-ready)
ETH,Ethiopia,III.3,Incineration & open burning,1,ETH-001,First Biennial Update Report (BUR1) — National GHG Inventory 2018 & 2020,Federal Democratic Republic of Ethiopia / UNFCCC,High,national,Primary official,National only (needs downscaling to city)
ETH,Ethiopia,III.3,Incineration & open burning,2,ETH-016,"Addis Ababa / national MSW management project reports (JICA, GIZ sector briefs)",AACMA / city agencies via JICA & GIZ publications,Medium,city_or_municipality,Project / development partner,City / municipality (city-ready)
ETH,Ethiopia,III.4,Wastewater treatment & discharge,1,ETH-011,Addis Ababa GHG Emissions Inventory 2016 (GPC / C40 CIRIS),Addis Ababa / Ethiopia EPA (C40 CAP programme),High,city_or_municipality,City official / C40,City / municipality (city-ready)
ETH,Ethiopia,III.4,Wastewater treatment & discharge,2,ETH-001,First Biennial Update Report (BUR1) — National GHG Inventory 2018 & 2020,Federal Democratic Republic of Ethiopia / UNFCCC,High,national,Primary official,National only (needs downscaling to city)
ETH,Ethiopia,III.4,Wastewater treatment & discharge,3,ETH-017,AAWSA wastewater / sanitation project ESIAs and service descriptions,Addis Ababa Water and Sewerage Authority (AAWSA),Medium,facility_or_asset,Primary operator / project,Facility / asset (point sources in cities)
ETH,Ethiopia,IV.1,Industrial processes,1,ETH-011,Addis Ababa GHG Emissions Inventory 2016 (GPC / C40 CIRIS),Addis Ababa / Ethiopia EPA (C40 CAP programme),High,city_or_municipality,City official / C40,City / municipality (city-ready)
ETH,Ethiopia,IV.1,Industrial processes,2,ETH-001,First Biennial Update Report (BUR1) — National GHG Inventory 2018 & 2020,Federal Democratic Republic of Ethiopia / UNFCCC,High,national,Primary official,National only (needs downscaling to city)
ETH,Ethiopia,IV.1,Industrial processes,3,ETH-005,Large and Medium Scale Manufacturing and Electricity Industries Survey reports,Ethiopian Statistical Service (ESS),Medium,state_or_province,Primary official,State / province (needs downscaling to city)
ETH,Ethiopia,IV.2,Product use,1,ETH-001,First Biennial Update Report (BUR1) — National GHG Inventory 2018 & 2020,Federal Democratic Republic of Ethiopia / UNFCCC,High,national,Primary official,National only (needs downscaling to city)
ETH,Ethiopia,V.1,Livestock,1,ETH-011,Addis Ababa GHG Emissions Inventory 2016 (GPC / C40 CIRIS),Addis Ababa / Ethiopia EPA (C40 CAP programme),High,city_or_municipality,City official / C40,City / municipality (city-ready)
ETH,Ethiopia,V.1,Livestock,2,ETH-006,Agricultural Sample Survey — Livestock and Livestock Characteristics,ESS,High,state_or_province,Primary official,State / province (needs downscaling to city)
ETH,Ethiopia,V.1,Livestock,3,ETH-001,First Biennial Update Report (BUR1) — National GHG Inventory 2018 & 2020,Federal Democratic Republic of Ethiopia / UNFCCC,High,national,Primary official,National only (needs downscaling to city)
ETH,Ethiopia,V.2,Land,1,ETH-011,Addis Ababa GHG Emissions Inventory 2016 (GPC / C40 CIRIS),Addis Ababa / Ethiopia EPA (C40 CAP programme),High,city_or_municipality,City official / C40,City / municipality (city-ready)
ETH,Ethiopia,V.2,Land,2,ETH-007,Agricultural Sample Survey — Area and Production of Major Crops / Land Utilization / Farm Management,ESS,High,state_or_province,Primary official,State / province (needs downscaling to city)
ETH,Ethiopia,V.2,Land,3,ETH-001,First Biennial Update Report (BUR1) — National GHG Inventory 2018 & 2020,Federal Democratic Republic of Ethiopia / UNFCCC,High,national,Primary official,National only (needs downscaling to city)
ETH,Ethiopia,V.3,Aggregate sources & non-CO₂ emissions sources on land,1,ETH-006,Agricultural Sample Survey — Livestock and Livestock Characteristics,ESS,High,state_or_province,Primary official,State / province (needs downscaling to city)
ETH,Ethiopia,V.3,Aggregate sources & non-CO₂ emissions sources on land,2,ETH-007,Agricultural Sample Survey — Area and Production of Major Crops / Land Utilization / Farm Management,ESS,High,state_or_province,Primary official,State / province (needs downscaling to city)
ETH,Ethiopia,V.3,Aggregate sources & non-CO₂ emissions sources on land,3,ETH-001,First Biennial Update Report (BUR1) — National GHG Inventory 2018 & 2020,Federal Democratic Republic of Ethiopia / UNFCCC,High,national,Primary official,National only (needs downscaling to city)
ETH,Ethiopia,VI.1,Other Scope 3,1,ETH-024,NDC 3.0 (2025) — emissions pathways & MRV context,Ethiopia / UNFCCC,High,national,Primary official,National only (needs downscaling to city)
ETH,Ethiopia,VI.1,Other Scope 3,2,ETH-010,Ethiopia Socioeconomic Survey / LSMS-ISA (incl. energy & agriculture modules),ESS / World Bank LSMS,High,state_or_province,Official survey partnership,State / province (needs downscaling to city)
ETH,Ethiopia,VI.1,Other Scope 3,3,ETH-008,IMIS Ethiopia / ESS StatBank,ESS (+ Redatam/UNFPA partners for IMIS),Medium,national,Primary official,National only (needs downscaling to city)
