indicator_name,dataset_id,row_id,dataset_name,publisher,dataset_type,information_requirements_satisfied,related_ccra_indicator,sectors_served,climatic_risks_served,risk_components,geographic_coverage,geographic_granularity,granularity_class,horizons_covered,temporal_coverage,update_frequency,data_format,open_restricted,license,api_available,download_url,documentation_url,short_description,limitations,confidence_level,authoritative_tier
Age Distribution,MAR-A001,MAR-A001-CCRA-001,"RGPH 2024 — résultats interactifs (démographie, habitat, services)",Haut-Commissariat au Plan (HCP),Hybrid,Population counts/structure; housing conditions; access to basic services proxies usable for exposure and vulnerability,CCRA-001,Hydrogeological Disasters; Public Health,Diseases; Floods; Heatwaves; Landslides,Vulnerability,Morocco,Commune / prefecture-province (interactive tables & maps; finest published unit varies by theme),city_or_municipality,present,2024 census,Census cycle (~10 years) + thematic releases,Interactive web / downloadable tables (theme-dependent),Open,Not fully stated (public HCP results),No,https://resultats2024.rgphapps.ma/,https://www.hcp.ma/Plateforme-interactive-du-RGPH-2024_a4026.html,"Official 2024 census results platform with demographic, education, employment and housing-condition indicators.",Not a bulk city-grid API; commune extracts may require manual download; income/poverty often via separate HCP products.,High,Primary official
Age Distribution,MAR-A005,MAR-A005-CCRA-001,"WorldPop age-sex structures (MAR, ~100 m)",WorldPop / University of Southampton,Vulnerability,Age structure grids for share <5 and elderly (Age Distribution),CCRA-001,Hydrogeological Disasters; Public Health,Diseases; Floods; Heatwaves; Landslides,Vulnerability,Morocco,~100 m raster,modeled_grid,present;2030,2015–2030 (R2025A),Product releases,GeoTIFF,Open,CC BY 4.0 (typical),Yes,https://hub.worldpop.org/geodata/summary?id=105487,https://hub.worldpop.org/,Age/sex disaggregated population grids to build sensitive-age vulnerability layers.,Modeled redistribution of census/survey structures; validate against RGPH commune totals where possible.,High,International modeled
Age Distribution,MAR-A007,MAR-A007-CCRA-001,"Morocco — Risk Assessment Indicators (HeiGIT GAIA / HDX, ADM2)",HeiGIT (via HDX),Hybrid,"ADM2 demographics, vulnerability, facilities, flood exposure composites",CCRA-001,Hydrogeological Disasters; Public Health,Diseases; Floods; Heatwaves; Landslides,Vulnerability,Morocco,Admin level 2,state_or_province,present,Pipeline build from WorldPop/OSM/GEE (published on HDX),As publisher refreshes,CSV,Open,See HDX dataset,Yes (HDX),https://data.humdata.org/dataset/morocco---risk-assessment-indicators,https://data.humdata.org/dataset/morocco---risk-assessment-indicators,Pre-aggregated risk-assessment indicators including flood exposure at 30 cm depth for multiple return periods.,"Province/prefecture grain — useful screening, not intra-city hotspots.",Medium,Research/NGO
Age Distribution,MAR-A039,MAR-A039-CCRA-001,OEF Heat Risk Score H×E×V (city screening),Open Earth Foundation (geospatial-data / heat_risk),Hybrid,Composite heat risk R=(H×E×V)^(1/3),CCRA-001,Hydrogeological Disasters; Public Health,Diseases; Floods; Heatwaves; Landslides,Vulnerability,City AOI (published POA/MN). Runnable for MAR cities.,~250 m,modeled_grid,present,Static composite,Per city pipeline run,COG + tiles + optional zonal vector,Internal catalog/S3 when published,CC BY 4.0,Tiles/COG when published,https://github.com/Open-Earth-Foundation/geospatial-data/tree/main/transformation/heat_risk,https://github.com/Open-Earth-Foundation/geospatial-data/blob/main/docs/ccra_pipeline_architecture.md,"OEF heat risk screening. Catalog: poa_heat_risk, plymouth_heat_risk, …",Depends on heat hazard season config + local E/V for MAR.,High,OEF derived screening
Age Distribution,MAR-A042,MAR-A042-CCRA-001,OEF shared city Vulnerability score (age/social screening),Open Earth Foundation (geospatial-data CCRA V layer),Vulnerability,Shared vulnerability score (sensitive ages / social composite) for risk screening,CCRA-001,Hydrogeological Disasters; Public Health,Diseases; Floods; Heatwaves; Landslides,Vulnerability,City AOI (POA IBGE; MN ACS; MAR → RGPH/WorldPop age + poverty proxies),Neighborhood / block-group polygons burned to hazard grid,neighborhood_or_small_area,present,Aligned to local socioeconomic source,Per city pipeline run,COG / GPKG,Internal when published,CC BY 4.0 (product); source licenses vary,When published,https://github.com/Open-Earth-Foundation/geospatial-data/blob/main/collections/layers.yaml,https://github.com/Open-Earth-Foundation/geospatial-data/blob/main/docs/ccra_pipeline_architecture.md,"OEF shared vulnerability score (e.g. poa_vulnerability, plymouth_vulnerability) combined with H and E into risk.",Indicator composition is site-specific; MAR should map to Age Distribution + income/poverty from HCP.,High,OEF derived screening
Agricultural GDP share,MAR-A024,MAR-A024-CCRA-002,"Indicateurs sectoriels (agriculture, énergie, eau, transport…) — data.gov.ma",Portail Open Data Maroc (sources administratives),Hybrid,"National sector indicators: precip means, crops, livestock, energy balance, water, roads",CCRA-002,Food Security,Droughts; Floods,Exposure,Morocco,National (some series),national,present,~2012–2022 workbook,Irregular batches,XLSX,Open,ODbL (stated),Unknown (CKAN),https://www.data.gov.ma/data/dataset/indicateurs-sectoriels-2012-2022,https://www.data.gov.ma/,"National open workbook of sectoral indicators including agriculture, energy, water and transport proxies.",Mostly national aggregates — needs downscaling for city CCRA.,High,Primary official
Agricultural GDP share,MAR-A025,MAR-A025-CCRA-002,Agriculture et pêche — open data MEF / data.gov.ma,Ministère de l’Économie et des Finances (via data.gov.ma),Exposure,Agriculture & fisheries statistics tables,CCRA-002,Food Security,Droughts; Floods,Exposure,Morocco,National / sector tables,national,present,Multi-year series (portal resource),Portal updates,Tables / portal resources,Open,ODbL (portal),Yes (CKAN JSON),https://data.gov.ma/data/dataset/agriculture-et-peche,https://data.gov.ma/data/dataset/agriculture-et-peche,Open agriculture & fisheries datasets on the national portal.,Limited city/commune agricultural establishment density; MAPMDREF yearbooks may be richer but PDF-heavy.,Medium,Primary official
Agricultural establishment density,MAR-A025,MAR-A025-CCRA-003,Agriculture et pêche — open data MEF / data.gov.ma,Ministère de l’Économie et des Finances (via data.gov.ma),Exposure,Agriculture & fisheries statistics tables,CCRA-003,Food Security,Droughts; Floods,Exposure,Morocco,National / sector tables,national,present,Multi-year series (portal resource),Portal updates,Tables / portal resources,Open,ODbL (portal),Yes (CKAN JSON),https://data.gov.ma/data/dataset/agriculture-et-peche,https://data.gov.ma/data/dataset/agriculture-et-peche,Open agriculture & fisheries datasets on the national portal.,Limited city/commune agricultural establishment density; MAPMDREF yearbooks may be richer but PDF-heavy.,Medium,Primary official
Agricultural establishment density,MAR-A026,MAR-A026-CCRA-003,Crop and irrigation types ground-truth (5 major agricultural regions),Research dataset (Sci Data / Nature portfolio),Vulnerability,Parcel-level crop type + irrigation system (dependence on irrigation proxy),CCRA-003,Food Security,Droughts; Floods,Exposure,"El Gharb, Tadla, Doukkala, El Haouz, Souss","~10,000 geolocated parcels",facility_or_asset,present,Dec 2023–Jan 2025 survey window,One-off research release,Geodata + photos,Open,See article,No,https://doi.org/10.1038/s41597-026-06993-y,https://doi.org/10.1038/s41597-026-06993-y,Open ground-truth parcels with irrigation system labels across Morocco’s main irrigated plains.,Not national complete; sample for EO calibration rather than census of all irrigated land.,High,Research/NGO
Agricultural land area,MAR-A020,MAR-A020-CCRA-004,ESA WorldCover / Dynamic World land cover,ESA / Google+WRI (Dynamic World),Hybrid,Natural vegetation cover and land-cover context,CCRA-004,Food Security,Droughts; Floods,Exposure,Global (incl. Morocco),10 m,modeled_grid,present,Annual / near-real-time (DW),Product cadence,GeoTIFF / GEE,Open,Open (see product),Yes,https://esa-worldcover.org/,https://developers.google.com/earth-engine/datasets/catalog/GOOGLE_DYNAMICWORLD_V1,Land-cover rasters for natural vegetation and agricultural land proxies.,Class confusion in mosaic landscapes; not a biodiversity intactness metric.,High,International modeled
Agricultural land area,MAR-A024,MAR-A024-CCRA-004,"Indicateurs sectoriels (agriculture, énergie, eau, transport…) — data.gov.ma",Portail Open Data Maroc (sources administratives),Hybrid,"National sector indicators: precip means, crops, livestock, energy balance, water, roads",CCRA-004,Food Security,Droughts; Floods,Exposure,Morocco,National (some series),national,present,~2012–2022 workbook,Irregular batches,XLSX,Open,ODbL (stated),Unknown (CKAN),https://www.data.gov.ma/data/dataset/indicateurs-sectoriels-2012-2022,https://www.data.gov.ma/,"National open workbook of sectoral indicators including agriculture, energy, water and transport proxies.",Mostly national aggregates — needs downscaling for city CCRA.,High,Primary official
Agricultural land area,MAR-A025,MAR-A025-CCRA-004,Agriculture et pêche — open data MEF / data.gov.ma,Ministère de l’Économie et des Finances (via data.gov.ma),Exposure,Agriculture & fisheries statistics tables,CCRA-004,Food Security,Droughts; Floods,Exposure,Morocco,National / sector tables,national,present,Multi-year series (portal resource),Portal updates,Tables / portal resources,Open,ODbL (portal),Yes (CKAN JSON),https://data.gov.ma/data/dataset/agriculture-et-peche,https://data.gov.ma/data/dataset/agriculture-et-peche,Open agriculture & fisheries datasets on the national portal.,Limited city/commune agricultural establishment density; MAPMDREF yearbooks may be richer but PDF-heavy.,Medium,Primary official
Agricultural land area,MAR-A026,MAR-A026-CCRA-004,Crop and irrigation types ground-truth (5 major agricultural regions),Research dataset (Sci Data / Nature portfolio),Vulnerability,Parcel-level crop type + irrigation system (dependence on irrigation proxy),CCRA-004,Food Security,Droughts; Floods,Exposure,"El Gharb, Tadla, Doukkala, El Haouz, Souss","~10,000 geolocated parcels",facility_or_asset,present,Dec 2023–Jan 2025 survey window,One-off research release,Geodata + photos,Open,See article,No,https://doi.org/10.1038/s41597-026-06993-y,https://doi.org/10.1038/s41597-026-06993-y,Open ground-truth parcels with irrigation system labels across Morocco’s main irrigated plains.,Not national complete; sample for EO calibration rather than census of all irrigated land.,High,Research/NGO
Areas of global conservation value,MAR-A021,MAR-A021-CCRA-005,World Database on Protected Areas (WDPA),UNEP-WCMC / IUCN,Exposure,Protected areas polygons,CCRA-005,Biodiversity,Droughts; Heatwaves,Vulnerability,Global (incl. Morocco),Protected-area polygons,facility_or_asset,present,Continuous updates,Monthly-ish,SHP / FileGDB,Open (registration),WDPA terms,Yes,https://www.protectedplanet.net/,https://www.protectedplanet.net/en/thematic-areas/wdpa,"Global protected areas database covering Moroccan national parks, reserves, Ramsar, etc.",National ANEF SIPN may be richer but not fully open; WDPA completeness varies.,High,International modeled
Areas of global conservation value,MAR-A023,MAR-A023-CCRA-005,Key Biodiversity Areas / conservation-value layers,BirdLife / KBA Partnership (and national SIBE listings),Vulnerability,Areas of global conservation value,CCRA-005,Biodiversity,Droughts; Heatwaves,Vulnerability,Global + Morocco SIBE/PDAP sites (national list),Site polygons / listed sites,facility_or_asset,present,KBA updates; PDAP historical list,Periodic,SHP / tables,Open (KBA); national lists often PDF,See KBA,Yes (KBA),https://www.keybiodiversityareas.org/,https://www.environnement.gov.ma/fr/partenariat-cooperation/115-theme/biodiversite/217-aires-proteges,Global KBAs plus Moroccan SIBE/national park documentation for conservation-value exposure/vulnerability.,Official Moroccan GIS of all SIBE not consistently bulk-open.,Medium,Research/NGO
Biodiversity Intactness Index (BII),MAR-A022,MAR-A022-CCRA-006,Biodiversity Intactness Index (BII) / related intactness layers,Natural History Museum / GEO BON community products,Vulnerability,Biodiversity intactness,CCRA-006,Biodiversity,Droughts; Heatwaves,Vulnerability,Global (incl. Morocco),Gridded intactness,modeled_grid,present,Model epoch,Product versions,GeoTIFF,Open / research access,See product,Varies,https://www.nhm.ac.uk/our-science/data/biodiversity-indicators.html,https://www.nhm.ac.uk/our-science/data/biodiversity-indicators.html,Modeled biodiversity intactness as vulnerability/sensitivity for biodiversity sector.,Global ecological model — not Morocco-specific field inventory.,Medium,International modeled
Confirmed disease cases,NO-COVERAGE-CCRA-007,NO-COVERAGE-CCRA-007,No suitable dataset identified,n/a,Gap,No suitable public dataset identified in this pass,CCRA-007,Public Health,Diseases,Vulnerability,Morocco,n/a,unknown,n/a,n/a,n/a,n/a,n/a,n/a,n/a,,,"Explicit gap after searching national portals, HCP, ABH/DGM, HDX, and standard global rasters.",May exist inside restricted agency systems or municipal GIS not published.,Medium,Gap
Dependence on large-scale irrigation,MAR-A026,MAR-A026-CCRA-008,Crop and irrigation types ground-truth (5 major agricultural regions),Research dataset (Sci Data / Nature portfolio),Vulnerability,Parcel-level crop type + irrigation system (dependence on irrigation proxy),CCRA-008,Food Security,Droughts,Vulnerability,"El Gharb, Tadla, Doukkala, El Haouz, Souss","~10,000 geolocated parcels",facility_or_asset,present,Dec 2023–Jan 2025 survey window,One-off research release,Geodata + photos,Open,See article,No,https://doi.org/10.1038/s41597-026-06993-y,https://doi.org/10.1038/s41597-026-06993-y,Open ground-truth parcels with irrigation system labels across Morocco’s main irrigated plains.,Not national complete; sample for EO calibration rather than census of all irrigated land.,High,Research/NGO
Electricity consumption,MAR-A024,MAR-A024-CCRA-009,"Indicateurs sectoriels (agriculture, énergie, eau, transport…) — data.gov.ma",Portail Open Data Maroc (sources administratives),Hybrid,"National sector indicators: precip means, crops, livestock, energy balance, water, roads",CCRA-009,Energy Security,Droughts; Heatwaves,Vulnerability,Morocco,National (some series),national,present,~2012–2022 workbook,Irregular batches,XLSX,Open,ODbL (stated),Unknown (CKAN),https://www.data.gov.ma/data/dataset/indicateurs-sectoriels-2012-2022,https://www.data.gov.ma/,"National open workbook of sectoral indicators including agriculture, energy, water and transport proxies.",Mostly national aggregates — needs downscaling for city CCRA.,High,Primary official
Electricity consumption,MAR-A031,MAR-A031-CCRA-009,ONEE / ANRE — electricity production & consumption statistics,ONEE / ANRE,Vulnerability,Electricity consumption and system statistics (energy poverty / demand proxy),CCRA-009,Energy Security,Droughts; Heatwaves,Vulnerability,Morocco,National / concession areas (partial),other_or_mixed,present,Annual reports,Annual,PDF / tables,Partially open,Not identified,No,https://www.onee.ma/,https://www.anre.ma/,Utility/regulator electricity statistics; municipal customer-class open extracts remain thin (same pattern as GPC research).,Energy poverty not directly measured; city meter extracts rarely public.,Medium,Primary official
Energy poverty,MAR-A002,MAR-A002-CCRA-010,Cartographie de la pauvreté multidimensionnelle (Mai 2025),Haut-Commissariat au Plan (HCP),Vulnerability,Multidimensional poverty / deprivation mapping as income & social-vulnerability proxy,CCRA-010,Energy Security,Droughts; Heatwaves,Vulnerability,Morocco,Commune / quartier urbain / douar (as published in mapping products),neighborhood_or_small_area,present,Based on RGPH 2024 (+ prior dynamics),Ad hoc analytical releases,PDF report + associated local indicators (machine-readable GIS not always published),Open (report); GIS extract may be restricted/unpublished,Not identified,No,https://www.hcp.ma/Cartographie-de-la-pauvrete-multidimensionnelle-paysage-territorial-et-dynamique-Mai-2025_a4113.html,https://www.hcp.ma/Cartographie-de-la-pauvrete-multidimensionnelle-paysage-territorial-et-dynamique-Mai-2025_a4113.html,HCP multidimensional poverty cartography aiming at fine local deprivation pockets beyond monetary poverty.,Primary public artifact is analytical report; ready-to-use commune GIS layers not consistently open.,High,Primary official
Energy poverty,MAR-A031,MAR-A031-CCRA-010,ONEE / ANRE — electricity production & consumption statistics,ONEE / ANRE,Vulnerability,Electricity consumption and system statistics (energy poverty / demand proxy),CCRA-010,Energy Security,Droughts; Heatwaves,Vulnerability,Morocco,National / concession areas (partial),other_or_mixed,present,Annual reports,Annual,PDF / tables,Partially open,Not identified,No,https://www.onee.ma/,https://www.anre.ma/,Utility/regulator electricity statistics; municipal customer-class open extracts remain thin (same pattern as GPC research).,Energy poverty not directly measured; city meter extracts rarely public.,Medium,Primary official
Flood Threat Index,MAR-A007,MAR-A007-CCRA-011,"Morocco — Risk Assessment Indicators (HeiGIT GAIA / HDX, ADM2)",HeiGIT (via HDX),Hybrid,"ADM2 demographics, vulnerability, facilities, flood exposure composites",CCRA-011,Hydrogeological Disasters,Floods,Hazard,Morocco,Admin level 2,state_or_province,present,Pipeline build from WorldPop/OSM/GEE (published on HDX),As publisher refreshes,CSV,Open,See HDX dataset,Yes (HDX),https://data.humdata.org/dataset/morocco---risk-assessment-indicators,https://data.humdata.org/dataset/morocco---risk-assessment-indicators,Pre-aggregated risk-assessment indicators including flood exposure at 30 cm depth for multiple return periods.,"Province/prefecture grain — useful screening, not intra-city hotspots.",Medium,Research/NGO
Flood Threat Index,MAR-A008,MAR-A008-CCRA-011,Atlas des zones inondables — ABH du Tensift (web atlas),Agence de Bassin Hydraulique du Tensift (ABHT),Hazard,Flood hazard / probability zones (10/50/100-year) for Tensift basin,CCRA-011,Hydrogeological Disasters,Floods,Hazard,Tensift hydraulic basin (Marrakech region & surrounds),Hazard polygons / map services (viewer),modeled_grid,present,Operational atlas (viewer),Agency updates,Web GIS viewer (downloadability unclear),Open (viewer); bulk GIS may be restricted,Not identified,Unknown,https://atlas-inondation-tensift.ma/en/,https://atlas-inondation-tensift.ma/en/,Interactive flood atlas showing hazard zones vs buildings and development areas for the Tensift basin.,Regional only; national AZI coverage still incomplete (~6 provinces finished per 2026 reporting).,High,Primary official
Flood Threat Index,MAR-A009,MAR-A009-CCRA-011,Atlas des zones inondables (AZI) — programme national ABH / Intérieur,Agences de Bassins Hydrauliques + Ministère de l’Intérieur,Hazard,Official floodable-zone atlases (reference / centennial floods) — expanding national programme,CCRA-011,Hydrogeological Disasters,Floods,Hazard,Morocco (partial; expanding),Local flood polygons where studies completed,other_or_mixed,present,Studies staggered by basin/province,Ongoing programme,Study reports / cartography (open GIS uneven),Restricted / partial public,Not identified,No,https://medias24.com/2026/07/27/inondations-comment-le-maroc-veut-eviter-les-prochaines-catastrophes-1731259/,https://www.equipement.gov.ma/,National AZI programme; public reporting indicates limited completed provincial coverage with many studies underway.,Not a single open national download; city usability depends on whether the AOI’s ABH has published layers.,Medium,Primary official
Flood Threat Index,MAR-A010,MAR-A010-CCRA-011,JRC Global River Flood Hazard Maps v2.1,European Commission JRC,Hazard,Modeled river flood depth / hazard as Flood Threat proxy,CCRA-011,Hydrogeological Disasters,Floods,Hazard,Global (incl. Morocco),Raster flood hazard maps (return periods),modeled_grid,present,Model version 2.1,Product versions,GeoTIFF / CDS,Open,See JRC/CDS,Yes,https://data.jrc.ec.europa.eu/,https://data.jrc.ec.europa.eu/collection/id-0054,Global river flood hazard maps used in OEF catalog (`jrc_gloflor_v2`) as city flood-hazard gap-fill.,Fluvial focus; arid wadi / urban pluvial floods may be under-represented vs local AZI.,High,International modeled
Flood Threat Index,MAR-A011,MAR-A011-CCRA-011,WRI Aqueduct Flood Hazard Maps,World Resources Institute,Hazard,Alternate global flood hazard depths / return periods,CCRA-011,Hydrogeological Disasters,Floods,Hazard,Global (incl. Morocco),Raster,modeled_grid,present,Aqueduct flood v2 era,Product versions,GeoTIFF,Open,See WRI,Yes,https://www.wri.org/data/aqueduct-floods,https://www.wri.org/aqueduct,Global flood hazard layers (catalog: `wri_aqueduct_flood`).,Global model; validate against ABH AZI where available.,Medium,International modeled
Flood Threat Index,MAR-A012,MAR-A012-CCRA-011,"CHIRPS extreme precipitation indices (Rx5day, R90p/R95p/R99p) + climatology",UCSB Climate Hazards Center / CHIRPS (OEF transformations available),Hazard,Rx5day and related extreme precip indices for drought/flood climatic drivers,CCRA-011,Hydrogeological Disasters,Floods,Hazard,Global land (incl. Morocco),~0.05° raster,modeled_grid,present,1981–present daily; derived annual extremes,Near real-time CHIRPS,GeoTIFF / NetCDF,Open,Open (CHIRPS),Yes,https://www.chc.ucsb.edu/data/chirps,https://www.chc.ucsb.edu/data/chirps,Satellite-station blended precip widely validated for Morocco drought monitoring; OEF catalog has Rx5day derivatives.,Satellite product bias in mountains; not DGM station truth.,High,International modeled
Flood Threat Index,MAR-A017,MAR-A017-CCRA-011,Copernicus DEM GLO-30 (+ slope/HAND derivatives),ESA / Copernicus,Hazard,"Elevation/slope inputs for landslide threat, flood mechanisms, erosion context",CCRA-011,Hydrogeological Disasters,Floods,Hazard,Global (incl. Morocco),30 m,modeled_grid,n/a,DEM mosaic,Product versions,GeoTIFF (COG),Open,Copernicus,Yes,https://spacedata.copernicus.eu/,https://spacedata.copernicus.eu/collections/copernicus-digital-elevation-model,"DEM foundation for OEF landslide/flood mechanism layers (`copernicus_dem`, MERIT HAND).",Terrain driver only — not a full landslide threat index by itself.,High,International modeled
Flood Threat Index,MAR-A034,MAR-A034-CCRA-011,OEF CHIRPS–COPDEM Flood Risk Index (FRI) — global/present+SSP inputs,OEF geospatial-data transformations (CHIRPS + COPDEM),Hazard,Modeled flood risk index with 2030/2050 SSP slices,CCRA-011,Hydrogeological Disasters,Floods,Hazard,Global pipeline / city AOIs (product family),Model raster,modeled_grid,present;2030;2050,2024 baseline + future SSP slices in catalog,Internal releases,GeoTIFF / COG,Internal/open per OEF release policy,See OEF catalog,Via OEF catalog/tiles,https://github.com/Open-Earth-Foundation/geospatial-data,https://github.com/Open-Earth-Foundation/geospatial-data/blob/main/catalog/datasets.yaml,OEF catalog global FRI layers (chirps_copdem_fri_*): CHIRPS+COPDEM flood-risk index with present and SSP future slices. Input/product family distinct from the city flood_hazard ensemble (MAR-A035).,Model product — calibrate with ABH AZI when city is covered.,Medium,OEF derived screening
Flood Threat Index,MAR-A035,MAR-A035-CCRA-011,OEF Flood Hazard Score (city screening ensemble),Open Earth Foundation (geospatial-data / models/flood_hazard),Hazard,City-AOI flood hazard screening index (0–1) — operational Flood Threat Index,CCRA-011,Hydrogeological Disasters,Floods,Hazard,"Any city AOI with site config (published examples: Porto Alegre, MN cities). Pipeline-ready for Moroccan cities (Casablanca, Rabat, Marrakech, Tangier, Agadir, …).",~250 m city grid (normalized inside AOI),modeled_grid,present,Static ensemble of current global fluvial inputs,Per city pipeline run / catalog release,COG + XYZ visual/value tiles,Internal catalog/S3 when published for a city,CC BY 4.0,Tiles/COG via OEF geo-test-api when published,https://github.com/Open-Earth-Foundation/geospatial-data/tree/main/transformation/flood_hazard,https://github.com/Open-Earth-Foundation/geospatial-data/blob/main/docs/ccra_pipeline_architecture.md,"OEF flood hazard screening: weighted ensemble of JRC GLOFLO v2.1, Global Flood Database, WRI Aqueduct, and GFPLAIN250m on a common ~250 m city grid (layer_id flood_hazard). Catalog examples: poa_flood_hazard, plymouth_flood_hazard, …",Not yet published for Moroccan cities — requires site YAML + boundary run. Screening only (not loss). Prefer ABH AZI for local validation where available.,High,OEF derived screening
Flood Threat Index,MAR-A038,MAR-A038-CCRA-011,OEF Flood Risk Score H×E×V (city screening),Open Earth Foundation (geospatial-data / flood_risk),Hybrid,Composite flood risk R=(H×E×V)^(1/3) combining OEF flood hazard with city exposure & vulnerability,CCRA-011,Hydrogeological Disasters,Floods,Hazard,City AOI (published POA/MN). Runnable for MAR once H + local E/V exist.,~250 m (matches flood hazard grid),modeled_grid,present,Static composite from current H + E/V,Per city pipeline run,COG + tiles + optional zonal vector,Internal catalog/S3 when published,CC BY 4.0,Tiles/COG when published,https://github.com/Open-Earth-Foundation/geospatial-data/tree/main/transformation/flood_risk,https://github.com/Open-Earth-Foundation/geospatial-data/blob/main/docs/ccra_pipeline_architecture.md,"OEF flood risk screening product. Catalog examples: poa_flood_risk, plymouth_flood_risk. For MAR, E/V would use HCP/WorldPop analogues rather than ACS/IBGE.","Screening composite, not IPCC full risk or loss. MAR E/V inputs need local adaptation (RGPH/WorldPop).",High,OEF derived screening
Flood Threat Index,MAR-A043,MAR-A043-CCRA-011,OEF Flood / Heat / Landslide mechanism-type layers (NbS screening),Open Earth Foundation (models/nbs_*_mechanism_type),Hazard,Dominant mechanism class per cell (riverine/pluvial/…; UHI/shade; slope/rainfall…) supporting hazard interpretation,CCRA-011,Hydrogeological Disasters,Floods,Hazard,City AOI (published POA + MN mechanism layers). Runnable for MAR.,~250 m (flood/heat) / ~90 m (landslide),modeled_grid,present,Static screening classification,Per city NbS screening run,Categorical COG + GeoJSON QA,Internal catalog/S3 when published,CC BY 4.0,Tiles/COG when published,https://github.com/Open-Earth-Foundation/geospatial-data/tree/main/transformation/nbs_screening,https://github.com/Open-Earth-Foundation/geospatial-data/blob/main/collections/layers.yaml,"OEF mechanism-type rasters for flood, heat, and landslide (catalog: poa_*_mechanism_type, plymouth_*, …). Flood drainage_constrained class is a proxy until municipal drainage data exists — relevant to CCRA-039 gap.",Screening classification only. Drainage-constrained remains a proxy (ties to stormwater coverage gap).,Medium,OEF derived screening
Food production and marketing,MAR-A024,MAR-A024-CCRA-012,"Indicateurs sectoriels (agriculture, énergie, eau, transport…) — data.gov.ma",Portail Open Data Maroc (sources administratives),Hybrid,"National sector indicators: precip means, crops, livestock, energy balance, water, roads",CCRA-012,Food Security,Droughts; Floods,Vulnerability,Morocco,National (some series),national,present,~2012–2022 workbook,Irregular batches,XLSX,Open,ODbL (stated),Unknown (CKAN),https://www.data.gov.ma/data/dataset/indicateurs-sectoriels-2012-2022,https://www.data.gov.ma/,"National open workbook of sectoral indicators including agriculture, energy, water and transport proxies.",Mostly national aggregates — needs downscaling for city CCRA.,High,Primary official
Food production and marketing,MAR-A025,MAR-A025-CCRA-012,Agriculture et pêche — open data MEF / data.gov.ma,Ministère de l’Économie et des Finances (via data.gov.ma),Exposure,Agriculture & fisheries statistics tables,CCRA-012,Food Security,Droughts; Floods,Vulnerability,Morocco,National / sector tables,national,present,Multi-year series (portal resource),Portal updates,Tables / portal resources,Open,ODbL (portal),Yes (CKAN JSON),https://data.gov.ma/data/dataset/agriculture-et-peche,https://data.gov.ma/data/dataset/agriculture-et-peche,Open agriculture & fisheries datasets on the national portal.,Limited city/commune agricultural establishment density; MAPMDREF yearbooks may be richer but PDF-heavy.,Medium,Primary official
Food production and marketing,MAR-A026,MAR-A026-CCRA-012,Crop and irrigation types ground-truth (5 major agricultural regions),Research dataset (Sci Data / Nature portfolio),Vulnerability,Parcel-level crop type + irrigation system (dependence on irrigation proxy),CCRA-012,Food Security,Droughts; Floods,Vulnerability,"El Gharb, Tadla, Doukkala, El Haouz, Souss","~10,000 geolocated parcels",facility_or_asset,present,Dec 2023–Jan 2025 survey window,One-off research release,Geodata + photos,Open,See article,No,https://doi.org/10.1038/s41597-026-06993-y,https://doi.org/10.1038/s41597-026-06993-y,Open ground-truth parcels with irrigation system labels across Morocco’s main irrigated plains.,Not national complete; sample for EO calibration rather than census of all irrigated land.,High,Research/NGO
Forest cover,MAR-A019,MAR-A019-CCRA-013,Hansen Global Forest Change (treecover / loss),UMD / GLAD,Hybrid,Forest cover and forest loss,CCRA-013,Infrastructures,Erosions; Heatwave,Vulnerability,Global (incl. Morocco),~30 m,modeled_grid,present,2000 baseline + annual loss,Annual,GeoTIFF,Open,CC BY 4.0,Yes (GEE),https://glad.earthengine.app/view/global-forest-change,https://storage.googleapis.com/earthenginepartners-hansen/GFC-2023-v1.11/download.html,"Standard forest cover/loss product (OEF catalog: `hansen_forest_change`, `hansen_treecover2000`).",Dryland/argan systems may be poorly captured as ‘forest’.,High,International modeled
Forest cover,MAR-A020,MAR-A020-CCRA-013,ESA WorldCover / Dynamic World land cover,ESA / Google+WRI (Dynamic World),Hybrid,Natural vegetation cover and land-cover context,CCRA-013,Infrastructures,Erosions; Heatwave,Vulnerability,Global (incl. Morocco),10 m,modeled_grid,present,Annual / near-real-time (DW),Product cadence,GeoTIFF / GEE,Open,Open (see product),Yes,https://esa-worldcover.org/,https://developers.google.com/earth-engine/datasets/catalog/GOOGLE_DYNAMICWORLD_V1,Land-cover rasters for natural vegetation and agricultural land proxies.,Class confusion in mosaic landscapes; not a biodiversity intactness metric.,High,International modeled
Forest loss,MAR-A019,MAR-A019-CCRA-014,Hansen Global Forest Change (treecover / loss),UMD / GLAD,Hybrid,Forest cover and forest loss,CCRA-014,Public Health,Diseases,Exposure,Global (incl. Morocco),~30 m,modeled_grid,present,2000 baseline + annual loss,Annual,GeoTIFF,Open,CC BY 4.0,Yes (GEE),https://glad.earthengine.app/view/global-forest-change,https://storage.googleapis.com/earthenginepartners-hansen/GFC-2023-v1.11/download.html,"Standard forest cover/loss product (OEF catalog: `hansen_forest_change`, `hansen_treecover2000`).",Dryland/argan systems may be poorly captured as ‘forest’.,High,International modeled
Health and basic services access,MAR-A001,MAR-A001-CCRA-015,"RGPH 2024 — résultats interactifs (démographie, habitat, services)",Haut-Commissariat au Plan (HCP),Hybrid,Population counts/structure; housing conditions; access to basic services proxies usable for exposure and vulnerability,CCRA-015,Food Security; Public Health; Water Resources,Diseases; Droughts; Floods; Heatwaves,Exposure,Morocco,Commune / prefecture-province (interactive tables & maps; finest published unit varies by theme),city_or_municipality,present,2024 census,Census cycle (~10 years) + thematic releases,Interactive web / downloadable tables (theme-dependent),Open,Not fully stated (public HCP results),No,https://resultats2024.rgphapps.ma/,https://www.hcp.ma/Plateforme-interactive-du-RGPH-2024_a4026.html,"Official 2024 census results platform with demographic, education, employment and housing-condition indicators.",Not a bulk city-grid API; commune extracts may require manual download; income/poverty often via separate HCP products.,High,Primary official
Health and basic services access,MAR-A002,MAR-A002-CCRA-015,Cartographie de la pauvreté multidimensionnelle (Mai 2025),Haut-Commissariat au Plan (HCP),Vulnerability,Multidimensional poverty / deprivation mapping as income & social-vulnerability proxy,CCRA-015,Food Security; Public Health; Water Resources,Diseases; Droughts; Floods; Heatwaves,Exposure,Morocco,Commune / quartier urbain / douar (as published in mapping products),neighborhood_or_small_area,present,Based on RGPH 2024 (+ prior dynamics),Ad hoc analytical releases,PDF report + associated local indicators (machine-readable GIS not always published),Open (report); GIS extract may be restricted/unpublished,Not identified,No,https://www.hcp.ma/Cartographie-de-la-pauvrete-multidimensionnelle-paysage-territorial-et-dynamique-Mai-2025_a4113.html,https://www.hcp.ma/Cartographie-de-la-pauvrete-multidimensionnelle-paysage-territorial-et-dynamique-Mai-2025_a4113.html,HCP multidimensional poverty cartography aiming at fine local deprivation pockets beyond monetary poverty.,Primary public artifact is analytical report; ready-to-use commune GIS layers not consistently open.,High,Primary official
Health and basic services access,MAR-A007,MAR-A007-CCRA-015,"Morocco — Risk Assessment Indicators (HeiGIT GAIA / HDX, ADM2)",HeiGIT (via HDX),Hybrid,"ADM2 demographics, vulnerability, facilities, flood exposure composites",CCRA-015,Food Security; Public Health; Water Resources,Diseases; Droughts; Floods; Heatwaves,Exposure,Morocco,Admin level 2,state_or_province,present,Pipeline build from WorldPop/OSM/GEE (published on HDX),As publisher refreshes,CSV,Open,See HDX dataset,Yes (HDX),https://data.humdata.org/dataset/morocco---risk-assessment-indicators,https://data.humdata.org/dataset/morocco---risk-assessment-indicators,Pre-aggregated risk-assessment indicators including flood exposure at 30 cm depth for multiple return periods.,"Province/prefecture grain — useful screening, not intra-city hotspots.",Medium,Research/NGO
Health and basic services access,MAR-A030,MAR-A030-CCRA-015,Cartographie des établissements économiques / services publics (HCP 2023/2024),Haut-Commissariat au Plan (HCP),Exposure,Public service establishments including health infrastructure counts/distribution,CCRA-015,Food Security; Public Health; Water Resources,Diseases; Droughts; Floods; Heatwaves,Exposure,Morocco,Regional / urban-rural aggregates (published analyses),state_or_province,present,2023/2024 mapping exercise,Ad hoc,Analytical releases / tables,Open (reports),Not identified,No,https://www.hcp.ma/,https://medias24.com/2024/12/18/rgph-2024-la-sante-noccupe-que-28-des-etablissements-de-services-publics/,HCP mapping of economic/public establishments including health share of public services.,Point GIS of all health facilities not clearly published as open download.,Medium,Primary official
Health facility density,MAR-A007,MAR-A007-CCRA-016,"Morocco — Risk Assessment Indicators (HeiGIT GAIA / HDX, ADM2)",HeiGIT (via HDX),Hybrid,"ADM2 demographics, vulnerability, facilities, flood exposure composites",CCRA-016,Public Health,Diseases; Heatwaves,Vulnerability,Morocco,Admin level 2,state_or_province,present,Pipeline build from WorldPop/OSM/GEE (published on HDX),As publisher refreshes,CSV,Open,See HDX dataset,Yes (HDX),https://data.humdata.org/dataset/morocco---risk-assessment-indicators,https://data.humdata.org/dataset/morocco---risk-assessment-indicators,Pre-aggregated risk-assessment indicators including flood exposure at 30 cm depth for multiple return periods.,"Province/prefecture grain — useful screening, not intra-city hotspots.",Medium,Research/NGO
Health facility density,MAR-A027,MAR-A027-CCRA-016,"OpenStreetMap — roads, railways, ports, health facilities, buildings",OpenStreetMap contributors,Exposure,Road/rail density; ports; health facility points; buildings for hazard-prone households proxy,CCRA-016,Public Health,Diseases; Heatwaves,Vulnerability,Morocco,Vector features,facility_or_asset,present,Continuous,Continuous,PBF / GeoJSON extracts,Open,ODbL,Yes (Overpass),https://download.geofabrik.de/africa/morocco.html,https://wiki.openstreetmap.org/wiki/Morocco,Crowd-sourced infrastructure and POIs; primary open layer for road/rail/port/health density.,Completeness uneven; health facility tagging incomplete vs Ministry of Health master list.,Medium,Research/NGO
Health facility density,MAR-A030,MAR-A030-CCRA-016,Cartographie des établissements économiques / services publics (HCP 2023/2024),Haut-Commissariat au Plan (HCP),Exposure,Public service establishments including health infrastructure counts/distribution,CCRA-016,Public Health,Diseases; Heatwaves,Vulnerability,Morocco,Regional / urban-rural aggregates (published analyses),state_or_province,present,2023/2024 mapping exercise,Ad hoc,Analytical releases / tables,Open (reports),Not identified,No,https://www.hcp.ma/,https://medias24.com/2024/12/18/rgph-2024-la-sante-noccupe-que-28-des-etablissements-de-services-publics/,HCP mapping of economic/public establishments including health share of public services.,Point GIS of all health facilities not clearly published as open download.,Medium,Primary official
Households in hazard-prone areas,MAR-A003,MAR-A003-CCRA-017,Morocco COD-AB — subnational administrative boundaries (ADM0–ADM2),OCHA / HDX (source: HCP),Boundary,Admin boundaries for city AOI clipping and ADM2 aggregation of exposure/vulnerability,CCRA-017,Hydrogeological Disasters,Floods; Landslides,Exposure,Morocco (+ Western Sahara note on HDX),ADM1 (10) / ADM2 (69),state_or_province,n/a,COD version maintained (reviewed 2024),As COD updates,SHP / GeoJSON,Open,CC BY 3.0 IGO (HDX),Yes (HDX),https://data.humdata.org/dataset/cod-ab-mar,https://data.humdata.org/dataset/cod-ab-mar,Common Operational Dataset administrative boundaries for Morocco used widely for humanitarian and risk analysis.,ADM2 is province/prefecture — coarser than commune for many city CCRA screens; commune geometries need HCP/other sources.,High,Secondary official
Households in hazard-prone areas,MAR-A004,MAR-A004-CCRA-017,"WorldPop constrained population counts (MAR, ~100 m, 2015–2030)",WorldPop / University of Southampton (via HDX),Exposure,Gridded population for population density and people exposure,CCRA-017,Hydrogeological Disasters,Floods; Landslides,Exposure,Morocco,~100 m raster,modeled_grid,present;2030,2015–2030 annual grids (R2025A),Product releases,GeoTIFF,Open,CC BY 4.0 (typical WorldPop),Yes (WorldPop hub / HDX),https://data.humdata.org/dataset/worldpop-population-counts-2015-2030-mar,https://hub.worldpop.org/,Dasymetric constrained population grids usable for city AOI density and flood/heat exposure overlays.,Modeled; not official census microgeography. Age-sex structures available as separate WorldPop products.,High,International modeled
Households in hazard-prone areas,MAR-A007,MAR-A007-CCRA-017,"Morocco — Risk Assessment Indicators (HeiGIT GAIA / HDX, ADM2)",HeiGIT (via HDX),Hybrid,"ADM2 demographics, vulnerability, facilities, flood exposure composites",CCRA-017,Hydrogeological Disasters,Floods; Landslides,Exposure,Morocco,Admin level 2,state_or_province,present,Pipeline build from WorldPop/OSM/GEE (published on HDX),As publisher refreshes,CSV,Open,See HDX dataset,Yes (HDX),https://data.humdata.org/dataset/morocco---risk-assessment-indicators,https://data.humdata.org/dataset/morocco---risk-assessment-indicators,Pre-aggregated risk-assessment indicators including flood exposure at 30 cm depth for multiple return periods.,"Province/prefecture grain — useful screening, not intra-city hotspots.",Medium,Research/NGO
Households in hazard-prone areas,MAR-A008,MAR-A008-CCRA-017,Atlas des zones inondables — ABH du Tensift (web atlas),Agence de Bassin Hydraulique du Tensift (ABHT),Hazard,Flood hazard / probability zones (10/50/100-year) for Tensift basin,CCRA-017,Hydrogeological Disasters,Floods; Landslides,Exposure,Tensift hydraulic basin (Marrakech region & surrounds),Hazard polygons / map services (viewer),modeled_grid,present,Operational atlas (viewer),Agency updates,Web GIS viewer (downloadability unclear),Open (viewer); bulk GIS may be restricted,Not identified,Unknown,https://atlas-inondation-tensift.ma/en/,https://atlas-inondation-tensift.ma/en/,Interactive flood atlas showing hazard zones vs buildings and development areas for the Tensift basin.,Regional only; national AZI coverage still incomplete (~6 provinces finished per 2026 reporting).,High,Primary official
Households in hazard-prone areas,MAR-A009,MAR-A009-CCRA-017,Atlas des zones inondables (AZI) — programme national ABH / Intérieur,Agences de Bassins Hydrauliques + Ministère de l’Intérieur,Hazard,Official floodable-zone atlases (reference / centennial floods) — expanding national programme,CCRA-017,Hydrogeological Disasters,Floods; Landslides,Exposure,Morocco (partial; expanding),Local flood polygons where studies completed,other_or_mixed,present,Studies staggered by basin/province,Ongoing programme,Study reports / cartography (open GIS uneven),Restricted / partial public,Not identified,No,https://medias24.com/2026/07/27/inondations-comment-le-maroc-veut-eviter-les-prochaines-catastrophes-1731259/,https://www.equipement.gov.ma/,National AZI programme; public reporting indicates limited completed provincial coverage with many studies underway.,Not a single open national download; city usability depends on whether the AOI’s ABH has published layers.,Medium,Primary official
Households in hazard-prone areas,MAR-A010,MAR-A010-CCRA-017,JRC Global River Flood Hazard Maps v2.1,European Commission JRC,Hazard,Modeled river flood depth / hazard as Flood Threat proxy,CCRA-017,Hydrogeological Disasters,Floods; Landslides,Exposure,Global (incl. Morocco),Raster flood hazard maps (return periods),modeled_grid,present,Model version 2.1,Product versions,GeoTIFF / CDS,Open,See JRC/CDS,Yes,https://data.jrc.ec.europa.eu/,https://data.jrc.ec.europa.eu/collection/id-0054,Global river flood hazard maps used in OEF catalog (`jrc_gloflor_v2`) as city flood-hazard gap-fill.,Fluvial focus; arid wadi / urban pluvial floods may be under-represented vs local AZI.,High,International modeled
Households in hazard-prone areas,MAR-A018,MAR-A018-CCRA-017,NASA / IPCC sea-level change & coastal elevation proxies,NASA Sea Level Change / IPCC projections (+ CoastalDEM/NASADEM),Hazard,Sea-level change present/2030/2050 and low-elevation coastal exposure inputs,CCRA-017,Hydrogeological Disasters,Floods; Landslides,Exposure,Global coasts (incl. Moroccan Atlantic/Mediterranean),Gridded projections / coastal DEM,modeled_grid,present;2030;2050,Projection horizons + DEM epoch,Assessment cycles,NetCDF / GeoTIFF,Open,See NASA/IPCC,Yes,https://sealevel.nasa.gov/,https://sealevel.nasa.gov/data_tools/,"Global SLR projections combined with coastal DEM for city coastal screening (Tangier, Casablanca, Rabat, Agadir).","Local subsidence, coastal defense, and port engineering not included; Moroccan national coastal hazard GIS not found as open bulk.",Medium,International modeled
Households in hazard-prone areas,MAR-A027,MAR-A027-CCRA-017,"OpenStreetMap — roads, railways, ports, health facilities, buildings",OpenStreetMap contributors,Exposure,Road/rail density; ports; health facility points; buildings for hazard-prone households proxy,CCRA-017,Hydrogeological Disasters,Floods; Landslides,Exposure,Morocco,Vector features,facility_or_asset,present,Continuous,Continuous,PBF / GeoJSON extracts,Open,ODbL,Yes (Overpass),https://download.geofabrik.de/africa/morocco.html,https://wiki.openstreetmap.org/wiki/Morocco,Crowd-sourced infrastructure and POIs; primary open layer for road/rail/port/health density.,Completeness uneven; health facility tagging incomplete vs Ministry of Health master list.,Medium,Research/NGO
Households in hazard-prone areas,MAR-A032,MAR-A032-CCRA-017,Microsoft Building Footprints / Google Open Buildings (MAR coverage),Microsoft / Google,Exposure,Building footprints for households in hazard-prone areas (∩ flood/landslide/SLR),CCRA-017,Hydrogeological Disasters,Floods; Landslides,Exposure,Morocco (model coverage),Building polygons,facility_or_asset,present,Model vintage,Product versions,GeoJSON / Parquet,Open,ODbL / CDLA (product-dependent),Yes,https://github.com/microsoft/GlobalMLBuildingFootprints,https://sites.research.google/open-buildings/,ML building footprints to intersect with hazard masks for physical exposure.,Not official cadastre; occupancy/household counts need population dasymetrics.,Medium,International modeled
Households in hazard-prone areas,MAR-A035,MAR-A035-CCRA-017,OEF Flood Hazard Score (city screening ensemble),Open Earth Foundation (geospatial-data / models/flood_hazard),Hazard,City-AOI flood hazard screening index (0–1) — operational Flood Threat Index,CCRA-017,Hydrogeological Disasters,Floods; Landslides,Exposure,"Any city AOI with site config (published examples: Porto Alegre, MN cities). Pipeline-ready for Moroccan cities (Casablanca, Rabat, Marrakech, Tangier, Agadir, …).",~250 m city grid (normalized inside AOI),modeled_grid,present,Static ensemble of current global fluvial inputs,Per city pipeline run / catalog release,COG + XYZ visual/value tiles,Internal catalog/S3 when published for a city,CC BY 4.0,Tiles/COG via OEF geo-test-api when published,https://github.com/Open-Earth-Foundation/geospatial-data/tree/main/transformation/flood_hazard,https://github.com/Open-Earth-Foundation/geospatial-data/blob/main/docs/ccra_pipeline_architecture.md,"OEF flood hazard screening: weighted ensemble of JRC GLOFLO v2.1, Global Flood Database, WRI Aqueduct, and GFPLAIN250m on a common ~250 m city grid (layer_id flood_hazard). Catalog examples: poa_flood_hazard, plymouth_flood_hazard, …",Not yet published for Moroccan cities — requires site YAML + boundary run. Screening only (not loss). Prefer ABH AZI for local validation where available.,High,OEF derived screening
Households in hazard-prone areas,MAR-A038,MAR-A038-CCRA-017,OEF Flood Risk Score H×E×V (city screening),Open Earth Foundation (geospatial-data / flood_risk),Hybrid,Composite flood risk R=(H×E×V)^(1/3) combining OEF flood hazard with city exposure & vulnerability,CCRA-017,Hydrogeological Disasters,Floods; Landslides,Exposure,City AOI (published POA/MN). Runnable for MAR once H + local E/V exist.,~250 m (matches flood hazard grid),modeled_grid,present,Static composite from current H + E/V,Per city pipeline run,COG + tiles + optional zonal vector,Internal catalog/S3 when published,CC BY 4.0,Tiles/COG when published,https://github.com/Open-Earth-Foundation/geospatial-data/tree/main/transformation/flood_risk,https://github.com/Open-Earth-Foundation/geospatial-data/blob/main/docs/ccra_pipeline_architecture.md,"OEF flood risk screening product. Catalog examples: poa_flood_risk, plymouth_flood_risk. For MAR, E/V would use HCP/WorldPop analogues rather than ACS/IBGE.","Screening composite, not IPCC full risk or loss. MAR E/V inputs need local adaptation (RGPH/WorldPop).",High,OEF derived screening
Households in hazard-prone areas,MAR-A040,MAR-A040-CCRA-017,OEF Landslide Risk Score H×E×V (city screening),Open Earth Foundation (geospatial-data / landslide_risk),Hybrid,Composite landslide risk R=(H×E×V)^(1/3),CCRA-017,Hydrogeological Disasters,Floods; Landslides,Exposure,City AOI (published POA/MN). Runnable for MAR cities.,~90 m,modeled_grid,present,Static composite,Per city pipeline run,COG + tiles + optional zonal vector,Internal catalog/S3 when published,CC BY 4.0,Tiles/COG when published,https://github.com/Open-Earth-Foundation/geospatial-data/tree/main/transformation/landslide_risk,https://github.com/Open-Earth-Foundation/geospatial-data/blob/main/docs/ccra_pipeline_architecture.md,"OEF landslide risk screening. Catalog: poa_landslide_risk, plymouth_landslide_risk, …",Non-zero risk mainly on slopes ≥15° with populated E. MAR E/V adaptation required.,High,OEF derived screening
Households in hazard-prone areas,MAR-A041,MAR-A041-CCRA-017,OEF shared city Exposure score (population density screening),Open Earth Foundation (geospatial-data CCRA E layer),Exposure,Shared people-exposure score reused across flood/heat/landslide risk,CCRA-017,Hydrogeological Disasters,Floods; Landslides,Exposure,City AOI (POA uses IBGE/GHSL-style; MN uses ACS; MAR would use WorldPop/GHSL/RGPH),City grid / neighborhood polygons burned to hazard grid,modeled_grid,present,Aligned to local census/population product,Per city pipeline run,COG / GPKG,Internal when published,CC BY 4.0 (product); source licenses vary,When published,https://github.com/Open-Earth-Foundation/geospatial-data/blob/main/collections/layers.yaml,https://github.com/Open-Earth-Foundation/geospatial-data/blob/main/docs/ccra_pipeline_architecture.md,"OEF shared exposure score (layer_id exposure_score / city products like poa_exposure, plymouth_exposure) feeding all hazard risk composites.",MAR needs explicit E source choice (WorldPop vs RGPH commune dasymetric).,High,OEF derived screening
Inadequate Sanitation,MAR-A001,MAR-A001-CCRA-018,"RGPH 2024 — résultats interactifs (démographie, habitat, services)",Haut-Commissariat au Plan (HCP),Hybrid,Population counts/structure; housing conditions; access to basic services proxies usable for exposure and vulnerability,CCRA-018,Public Health,Diseases,Vulnerability,Morocco,Commune / prefecture-province (interactive tables & maps; finest published unit varies by theme),city_or_municipality,present,2024 census,Census cycle (~10 years) + thematic releases,Interactive web / downloadable tables (theme-dependent),Open,Not fully stated (public HCP results),No,https://resultats2024.rgphapps.ma/,https://www.hcp.ma/Plateforme-interactive-du-RGPH-2024_a4026.html,"Official 2024 census results platform with demographic, education, employment and housing-condition indicators.",Not a bulk city-grid API; commune extracts may require manual download; income/poverty often via separate HCP products.,High,Primary official
Inadequate water access,MAR-A001,MAR-A001-CCRA-019,"RGPH 2024 — résultats interactifs (démographie, habitat, services)",Haut-Commissariat au Plan (HCP),Hybrid,Population counts/structure; housing conditions; access to basic services proxies usable for exposure and vulnerability,CCRA-019,Public Health; Water Resources,Diseases; Droughts,Vulnerability,Morocco,Commune / prefecture-province (interactive tables & maps; finest published unit varies by theme),city_or_municipality,present,2024 census,Census cycle (~10 years) + thematic releases,Interactive web / downloadable tables (theme-dependent),Open,Not fully stated (public HCP results),No,https://resultats2024.rgphapps.ma/,https://www.hcp.ma/Plateforme-interactive-du-RGPH-2024_a4026.html,"Official 2024 census results platform with demographic, education, employment and housing-condition indicators.",Not a bulk city-grid API; commune extracts may require manual download; income/poverty often via separate HCP products.,High,Primary official
Inadequate water access,MAR-A033,MAR-A033-CCRA-019,WRI Aqueduct Water Risk / water security composites,World Resources Institute,Vulnerability,Water security / water risk composite proxy,CCRA-019,Public Health; Water Resources,Diseases; Droughts,Vulnerability,Global (incl. Morocco),Basin / sub-basin raster or polygons,modeled_grid,present;2030;2050,Aqueduct versions,Product versions,SHP / raster tools,Open,See WRI,Yes,https://www.wri.org/aqueduct,https://www.wri.org/aqueduct,Global water-risk framework usable as water-security index proxy when no national open index exists.,Not Morocco’s official water-security index; ABH local water accounts richer but fragmented.,Medium,International modeled
Income,MAR-A001,MAR-A001-CCRA-020,"RGPH 2024 — résultats interactifs (démographie, habitat, services)",Haut-Commissariat au Plan (HCP),Hybrid,Population counts/structure; housing conditions; access to basic services proxies usable for exposure and vulnerability,CCRA-020,Energy Security; Food Security; Hydrogeological Disasters; Public Health; Water Resources,Diseases; Droughts; Floods; Heatwaves; Landslides,Vulnerability,Morocco,Commune / prefecture-province (interactive tables & maps; finest published unit varies by theme),city_or_municipality,present,2024 census,Census cycle (~10 years) + thematic releases,Interactive web / downloadable tables (theme-dependent),Open,Not fully stated (public HCP results),No,https://resultats2024.rgphapps.ma/,https://www.hcp.ma/Plateforme-interactive-du-RGPH-2024_a4026.html,"Official 2024 census results platform with demographic, education, employment and housing-condition indicators.",Not a bulk city-grid API; commune extracts may require manual download; income/poverty often via separate HCP products.,High,Primary official
Income,MAR-A002,MAR-A002-CCRA-020,Cartographie de la pauvreté multidimensionnelle (Mai 2025),Haut-Commissariat au Plan (HCP),Vulnerability,Multidimensional poverty / deprivation mapping as income & social-vulnerability proxy,CCRA-020,Energy Security; Food Security; Hydrogeological Disasters; Public Health; Water Resources,Diseases; Droughts; Floods; Heatwaves; Landslides,Vulnerability,Morocco,Commune / quartier urbain / douar (as published in mapping products),neighborhood_or_small_area,present,Based on RGPH 2024 (+ prior dynamics),Ad hoc analytical releases,PDF report + associated local indicators (machine-readable GIS not always published),Open (report); GIS extract may be restricted/unpublished,Not identified,No,https://www.hcp.ma/Cartographie-de-la-pauvrete-multidimensionnelle-paysage-territorial-et-dynamique-Mai-2025_a4113.html,https://www.hcp.ma/Cartographie-de-la-pauvrete-multidimensionnelle-paysage-territorial-et-dynamique-Mai-2025_a4113.html,HCP multidimensional poverty cartography aiming at fine local deprivation pockets beyond monetary poverty.,Primary public artifact is analytical report; ready-to-use commune GIS layers not consistently open.,High,Primary official
Income,MAR-A042,MAR-A042-CCRA-020,OEF shared city Vulnerability score (age/social screening),Open Earth Foundation (geospatial-data CCRA V layer),Vulnerability,Shared vulnerability score (sensitive ages / social composite) for risk screening,CCRA-020,Energy Security; Food Security; Hydrogeological Disasters; Public Health; Water Resources,Diseases; Droughts; Floods; Heatwaves; Landslides,Vulnerability,City AOI (POA IBGE; MN ACS; MAR → RGPH/WorldPop age + poverty proxies),Neighborhood / block-group polygons burned to hazard grid,neighborhood_or_small_area,present,Aligned to local socioeconomic source,Per city pipeline run,COG / GPKG,Internal when published,CC BY 4.0 (product); source licenses vary,When published,https://github.com/Open-Earth-Foundation/geospatial-data/blob/main/collections/layers.yaml,https://github.com/Open-Earth-Foundation/geospatial-data/blob/main/docs/ccra_pipeline_architecture.md,"OEF shared vulnerability score (e.g. poa_vulnerability, plymouth_vulnerability) combined with H and E into risk.",Indicator composition is site-specific; MAR should map to Age Distribution + income/poverty from HCP.,High,OEF derived screening
Industrial GDP share,MAR-A024,MAR-A024-CCRA-021,"Indicateurs sectoriels (agriculture, énergie, eau, transport…) — data.gov.ma",Portail Open Data Maroc (sources administratives),Hybrid,"National sector indicators: precip means, crops, livestock, energy balance, water, roads",CCRA-021,Infrastructures,Erosions; Heatwave; Landslides; Sea level rise,Vulnerability,Morocco,National (some series),national,present,~2012–2022 workbook,Irregular batches,XLSX,Open,ODbL (stated),Unknown (CKAN),https://www.data.gov.ma/data/dataset/indicateurs-sectoriels-2012-2022,https://www.data.gov.ma/,"National open workbook of sectoral indicators including agriculture, energy, water and transport proxies.",Mostly national aggregates — needs downscaling for city CCRA.,High,Primary official
Landslide Susceptibility,MAR-A016,MAR-A016-CCRA-022,NASA LHASA / global rainfall-triggered landslide hazard,NASA GSFC,Hazard,Landslide threat / susceptibility proxy (rainfall-triggered),CCRA-022,Infrastructures,Landslides,Vulnerability,Global (incl. Morocco),~1 km,modeled_grid,present,Model product,Model versions,GeoTIFF / viewer,Open,See NASA,Yes,https://gpm.nasa.gov/landslides/index.html,https://gpm.nasa.gov/landslides/,Global landslide hazard nowcasting/susceptibility used when no national open susceptibility map exists.,No single official national landslide susceptibility GIS found for Morocco; regional academic maps only.,Medium,International modeled
Landslide Susceptibility,MAR-A017,MAR-A017-CCRA-022,Copernicus DEM GLO-30 (+ slope/HAND derivatives),ESA / Copernicus,Hazard,"Elevation/slope inputs for landslide threat, flood mechanisms, erosion context",CCRA-022,Infrastructures,Landslides,Vulnerability,Global (incl. Morocco),30 m,modeled_grid,n/a,DEM mosaic,Product versions,GeoTIFF (COG),Open,Copernicus,Yes,https://spacedata.copernicus.eu/,https://spacedata.copernicus.eu/collections/copernicus-digital-elevation-model,"DEM foundation for OEF landslide/flood mechanism layers (`copernicus_dem`, MERIT HAND).",Terrain driver only — not a full landslide threat index by itself.,High,International modeled
Landslide Susceptibility,MAR-A037,MAR-A037-CCRA-022,OEF Landslide Hazard Score (city screening ensemble),Open Earth Foundation (geospatial-data / models/landslide_hazard),Hazard,City-AOI landslide susceptibility screening index (0–1) — Landslide Threat / Susceptibility,CCRA-022,Infrastructures,Landslides,Vulnerability,Any city AOI with site config (published: POA + MN cities). Pipeline-ready for MAR cities (esp. Rif / Atlas foothills).,~90 m city grid,modeled_grid,present,Static terrain + CHIRPS R90p climatology + seasonal NDVI window,Per city pipeline run,COG + XYZ tiles,Internal catalog/S3 when published,CC BY 4.0,Tiles/COG when published,https://github.com/Open-Earth-Foundation/geospatial-data/tree/main/transformation/landslide_hazard,https://github.com/Open-Earth-Foundation/geospatial-data/blob/main/models/landslide_hazard/,"OEF landslide susceptibility: Copernicus DEM slope, CHIRPS R90p, SoilGrids clay, MODIS NDVI P10, MERIT HAND, Dynamic World modifier; slope <15° gate. Catalog: poa_landslide_hazard, plymouth_landslide_hazard, …","Susceptibility screening, not failure probability. No MAR city publish yet. Validate against regional Moroccan inventories where they exist.",High,OEF derived screening
Landslide Susceptibility,MAR-A040,MAR-A040-CCRA-022,OEF Landslide Risk Score H×E×V (city screening),Open Earth Foundation (geospatial-data / landslide_risk),Hybrid,Composite landslide risk R=(H×E×V)^(1/3),CCRA-022,Infrastructures,Landslides,Vulnerability,City AOI (published POA/MN). Runnable for MAR cities.,~90 m,modeled_grid,present,Static composite,Per city pipeline run,COG + tiles + optional zonal vector,Internal catalog/S3 when published,CC BY 4.0,Tiles/COG when published,https://github.com/Open-Earth-Foundation/geospatial-data/tree/main/transformation/landslide_risk,https://github.com/Open-Earth-Foundation/geospatial-data/blob/main/docs/ccra_pipeline_architecture.md,"OEF landslide risk screening. Catalog: poa_landslide_risk, plymouth_landslide_risk, …",Non-zero risk mainly on slopes ≥15° with populated E. MAR E/V adaptation required.,High,OEF derived screening
Landslide Threat Index,MAR-A012,MAR-A012-CCRA-023,"CHIRPS extreme precipitation indices (Rx5day, R90p/R95p/R99p) + climatology",UCSB Climate Hazards Center / CHIRPS (OEF transformations available),Hazard,Rx5day and related extreme precip indices for drought/flood climatic drivers,CCRA-023,Hydrogeological Disasters; Infrastructures,Landslides,Hazard,Global land (incl. Morocco),~0.05° raster,modeled_grid,present,1981–present daily; derived annual extremes,Near real-time CHIRPS,GeoTIFF / NetCDF,Open,Open (CHIRPS),Yes,https://www.chc.ucsb.edu/data/chirps,https://www.chc.ucsb.edu/data/chirps,Satellite-station blended precip widely validated for Morocco drought monitoring; OEF catalog has Rx5day derivatives.,Satellite product bias in mountains; not DGM station truth.,High,International modeled
Landslide Threat Index,MAR-A016,MAR-A016-CCRA-023,NASA LHASA / global rainfall-triggered landslide hazard,NASA GSFC,Hazard,Landslide threat / susceptibility proxy (rainfall-triggered),CCRA-023,Hydrogeological Disasters; Infrastructures,Landslides,Hazard,Global (incl. Morocco),~1 km,modeled_grid,present,Model product,Model versions,GeoTIFF / viewer,Open,See NASA,Yes,https://gpm.nasa.gov/landslides/index.html,https://gpm.nasa.gov/landslides/,Global landslide hazard nowcasting/susceptibility used when no national open susceptibility map exists.,No single official national landslide susceptibility GIS found for Morocco; regional academic maps only.,Medium,International modeled
Landslide Threat Index,MAR-A017,MAR-A017-CCRA-023,Copernicus DEM GLO-30 (+ slope/HAND derivatives),ESA / Copernicus,Hazard,"Elevation/slope inputs for landslide threat, flood mechanisms, erosion context",CCRA-023,Hydrogeological Disasters; Infrastructures,Landslides,Hazard,Global (incl. Morocco),30 m,modeled_grid,n/a,DEM mosaic,Product versions,GeoTIFF (COG),Open,Copernicus,Yes,https://spacedata.copernicus.eu/,https://spacedata.copernicus.eu/collections/copernicus-digital-elevation-model,"DEM foundation for OEF landslide/flood mechanism layers (`copernicus_dem`, MERIT HAND).",Terrain driver only — not a full landslide threat index by itself.,High,International modeled
Landslide Threat Index,MAR-A037,MAR-A037-CCRA-023,OEF Landslide Hazard Score (city screening ensemble),Open Earth Foundation (geospatial-data / models/landslide_hazard),Hazard,City-AOI landslide susceptibility screening index (0–1) — Landslide Threat / Susceptibility,CCRA-023,Hydrogeological Disasters; Infrastructures,Landslides,Hazard,Any city AOI with site config (published: POA + MN cities). Pipeline-ready for MAR cities (esp. Rif / Atlas foothills).,~90 m city grid,modeled_grid,present,Static terrain + CHIRPS R90p climatology + seasonal NDVI window,Per city pipeline run,COG + XYZ tiles,Internal catalog/S3 when published,CC BY 4.0,Tiles/COG when published,https://github.com/Open-Earth-Foundation/geospatial-data/tree/main/transformation/landslide_hazard,https://github.com/Open-Earth-Foundation/geospatial-data/blob/main/models/landslide_hazard/,"OEF landslide susceptibility: Copernicus DEM slope, CHIRPS R90p, SoilGrids clay, MODIS NDVI P10, MERIT HAND, Dynamic World modifier; slope <15° gate. Catalog: poa_landslide_hazard, plymouth_landslide_hazard, …","Susceptibility screening, not failure probability. No MAR city publish yet. Validate against regional Moroccan inventories where they exist.",High,OEF derived screening
Landslide Threat Index,MAR-A040,MAR-A040-CCRA-023,OEF Landslide Risk Score H×E×V (city screening),Open Earth Foundation (geospatial-data / landslide_risk),Hybrid,Composite landslide risk R=(H×E×V)^(1/3),CCRA-023,Hydrogeological Disasters; Infrastructures,Landslides,Hazard,City AOI (published POA/MN). Runnable for MAR cities.,~90 m,modeled_grid,present,Static composite,Per city pipeline run,COG + tiles + optional zonal vector,Internal catalog/S3 when published,CC BY 4.0,Tiles/COG when published,https://github.com/Open-Earth-Foundation/geospatial-data/tree/main/transformation/landslide_risk,https://github.com/Open-Earth-Foundation/geospatial-data/blob/main/docs/ccra_pipeline_architecture.md,"OEF landslide risk screening. Catalog: poa_landslide_risk, plymouth_landslide_risk, …",Non-zero risk mainly on slopes ≥15° with populated E. MAR E/V adaptation required.,High,OEF derived screening
Landslide Threat Index,MAR-A043,MAR-A043-CCRA-023,OEF Flood / Heat / Landslide mechanism-type layers (NbS screening),Open Earth Foundation (models/nbs_*_mechanism_type),Hazard,Dominant mechanism class per cell (riverine/pluvial/…; UHI/shade; slope/rainfall…) supporting hazard interpretation,CCRA-023,Hydrogeological Disasters; Infrastructures,Landslides,Hazard,City AOI (published POA + MN mechanism layers). Runnable for MAR.,~250 m (flood/heat) / ~90 m (landslide),modeled_grid,present,Static screening classification,Per city NbS screening run,Categorical COG + GeoJSON QA,Internal catalog/S3 when published,CC BY 4.0,Tiles/COG when published,https://github.com/Open-Earth-Foundation/geospatial-data/tree/main/transformation/nbs_screening,https://github.com/Open-Earth-Foundation/geospatial-data/blob/main/collections/layers.yaml,"OEF mechanism-type rasters for flood, heat, and landslide (catalog: poa_*_mechanism_type, plymouth_*, …). Flood drainage_constrained class is a proxy until municipal drainage data exists — relevant to CCRA-039 gap.",Screening classification only. Drainage-constrained remains a proxy (ties to stormwater coverage gap).,Medium,OEF derived screening
Maximum Consecutive Dry Days (CDD),MAR-A014,MAR-A014-CCRA-024,SPEIbase / global SPEI gridded drought index,CSIC / SPEI project (and equivalents from ERA5/CHIRPS workflows),Hazard,SPEI drought index (duration/severity/frequency),CCRA-024,Biodiversity; Energy Security; Food Security; Water Resources,Droughts,Hazard,Global land (incl. Morocco),0.5° (SPEIbase) or custom from ERA5/CHIRPS,modeled_grid,present,Multi-decadal monthly,SPEIbase releases / recompute,NetCDF,Open,See SPEIbase,Yes,https://spei.csic.es/database.html,https://spei.csic.es/,Standard SPEI product; Morocco research commonly recomputes SPEI from ERA5/CHIRPS when finer grain needed.,SPEIbase coarse for city AOI; prefer locally computed SPEI from CHIRPS+PET for city screens. DGM produces SPI/SPEI operationally but not as open national grids.,High,International modeled
Maximum Consecutive Dry Days (CDD),MAR-A015,MAR-A015-CCRA-024,DGM / Direction Générale de la Météorologie — station climate & drought indices (SPI/SPEI),Direction Générale de la Météorologie (Maroc),Hazard,Official station precip/temp and operational drought indices,CCRA-024,Biodiversity; Energy Security; Food Security; Water Resources,Droughts,Hazard,Morocco (station network),Synoptic/automatic stations (point),facility_or_asset,present,Multi-decade station series (variable),Operational,Internal/stakeholder products; limited bulk open download,Restricted / request-based,Not identified,No public,https://www.marocmeteo.ma/,https://www.marocmeteo.ma/,National met authority producing SPI/SPEI and seasonal forecasts for agriculture/water stakeholders.,Not a city-ready open raster portal; critical authoritative source but weak public microdata.,High,Primary official
Maximum Precipitation 5 days (Rx5day),MAR-A012,MAR-A012-CCRA-025,"CHIRPS extreme precipitation indices (Rx5day, R90p/R95p/R99p) + climatology",UCSB Climate Hazards Center / CHIRPS (OEF transformations available),Hazard,Rx5day and related extreme precip indices for drought/flood climatic drivers,CCRA-025,Food Security; Infrastructures; Public Health,Diseases; Erosions; Floods,Hazard,Global land (incl. Morocco),~0.05° raster,modeled_grid,present,1981–present daily; derived annual extremes,Near real-time CHIRPS,GeoTIFF / NetCDF,Open,Open (CHIRPS),Yes,https://www.chc.ucsb.edu/data/chirps,https://www.chc.ucsb.edu/data/chirps,Satellite-station blended precip widely validated for Morocco drought monitoring; OEF catalog has Rx5day derivatives.,Satellite product bias in mountains; not DGM station truth.,High,International modeled
Maximum temperature,MAR-A013,MAR-A013-CCRA-026,"ERA5-Land extreme temperature / heatwave indices (TXx, TX90p, HWM, …)",ECMWF / Copernicus (OEF transformations available),Hazard,Maximum temperature and heatwave magnitude proxies (present + scenario derivatives in OEF),CCRA-026,Biodiversity; Energy Security; Infrastructures; Public Health,Diseases; Heatwave; Heatwaves,Hazard,Global (incl. Morocco),~0.1° reanalysis,modeled_grid,present;2030;2050,1950–present reanalysis; OEF has future HWM slices,CDS updates,NetCDF / GeoTIFF,Open (CDS),Copernicus licence,Yes (CDS),https://cds.climate.copernicus.eu/,https://cds.climate.copernicus.eu/,Reanalysis temperature/humidity fields and derived heat indices used in OEF heat hazard stacks.,Coarse vs urban heat islands; relative humidity fields need careful variable selection.,High,International modeled
Maximum temperature,MAR-A015,MAR-A015-CCRA-026,DGM / Direction Générale de la Météorologie — station climate & drought indices (SPI/SPEI),Direction Générale de la Météorologie (Maroc),Hazard,Official station precip/temp and operational drought indices,CCRA-026,Biodiversity; Energy Security; Infrastructures; Public Health,Diseases; Heatwave; Heatwaves,Hazard,Morocco (station network),Synoptic/automatic stations (point),facility_or_asset,present,Multi-decade station series (variable),Operational,Internal/stakeholder products; limited bulk open download,Restricted / request-based,Not identified,No public,https://www.marocmeteo.ma/,https://www.marocmeteo.ma/,National met authority producing SPI/SPEI and seasonal forecasts for agriculture/water stakeholders.,Not a city-ready open raster portal; critical authoritative source but weak public microdata.,High,Primary official
Maximum temperature,MAR-A036,MAR-A036-CCRA-026,OEF Heat Hazard Score (city screening ensemble),Open Earth Foundation (geospatial-data / models/heat_hazard),Hazard,City-AOI heat hazard screening index (0–1) from LST ensemble — operationalizes maximum temperature / heatwave hazard,CCRA-026,Biodiversity; Energy Security; Infrastructures; Public Health,Diseases; Heatwave; Heatwaves,Hazard,"Any city AOI with site config (published: POA, Plymouth, Apple Valley, Edina, Richfield, Rochester, …). Pipeline-ready for MAR cities.",~250 m city grid,modeled_grid,present,Multi-year LST season window (configured per city; e.g. DJF for POA),Per city pipeline run,COG + XYZ tiles,Internal catalog/S3 when published,CC BY 4.0,Tiles/COG when published,https://github.com/Open-Earth-Foundation/geospatial-data/tree/main/transformation/heat_hazard,https://github.com/Open-Earth-Foundation/geospatial-data/blob/main/collections/layers.yaml,"OEF heat hazard screening from Landsat 8 + MODIS LST percentiles (optional ERA5-Land heatwave frequency). Catalog: poa_heat_hazard, plymouth_heat_hazard, …",LST ≠ air temperature / UTCI. Season must be configured for Moroccan cities (JJA primary heat season). Not published for MAR yet.,High,OEF derived screening
Maximum temperature,MAR-A039,MAR-A039-CCRA-026,OEF Heat Risk Score H×E×V (city screening),Open Earth Foundation (geospatial-data / heat_risk),Hybrid,Composite heat risk R=(H×E×V)^(1/3),CCRA-026,Biodiversity; Energy Security; Infrastructures; Public Health,Diseases; Heatwave; Heatwaves,Hazard,City AOI (published POA/MN). Runnable for MAR cities.,~250 m,modeled_grid,present,Static composite,Per city pipeline run,COG + tiles + optional zonal vector,Internal catalog/S3 when published,CC BY 4.0,Tiles/COG when published,https://github.com/Open-Earth-Foundation/geospatial-data/tree/main/transformation/heat_risk,https://github.com/Open-Earth-Foundation/geospatial-data/blob/main/docs/ccra_pipeline_architecture.md,"OEF heat risk screening. Catalog: poa_heat_risk, plymouth_heat_risk, …",Depends on heat hazard season config + local E/V for MAR.,High,OEF derived screening
Maximum temperature,MAR-A043,MAR-A043-CCRA-026,OEF Flood / Heat / Landslide mechanism-type layers (NbS screening),Open Earth Foundation (models/nbs_*_mechanism_type),Hazard,Dominant mechanism class per cell (riverine/pluvial/…; UHI/shade; slope/rainfall…) supporting hazard interpretation,CCRA-026,Biodiversity; Energy Security; Infrastructures; Public Health,Diseases; Heatwave; Heatwaves,Hazard,City AOI (published POA + MN mechanism layers). Runnable for MAR.,~250 m (flood/heat) / ~90 m (landslide),modeled_grid,present,Static screening classification,Per city NbS screening run,Categorical COG + GeoJSON QA,Internal catalog/S3 when published,CC BY 4.0,Tiles/COG when published,https://github.com/Open-Earth-Foundation/geospatial-data/tree/main/transformation/nbs_screening,https://github.com/Open-Earth-Foundation/geospatial-data/blob/main/collections/layers.yaml,"OEF mechanism-type rasters for flood, heat, and landslide (catalog: poa_*_mechanism_type, plymouth_*, …). Flood drainage_constrained class is a proxy until municipal drainage data exists — relevant to CCRA-039 gap.",Screening classification only. Drainage-constrained remains a proxy (ties to stormwater coverage gap).,Medium,OEF derived screening
Natural vegetation cover,MAR-A019,MAR-A019-CCRA-027,Hansen Global Forest Change (treecover / loss),UMD / GLAD,Hybrid,Forest cover and forest loss,CCRA-027,Biodiversity; Hydrogeological Disasters,Droughts; Heatwaves; Landslides,Exposure; Vulnerability,Global (incl. Morocco),~30 m,modeled_grid,present,2000 baseline + annual loss,Annual,GeoTIFF,Open,CC BY 4.0,Yes (GEE),https://glad.earthengine.app/view/global-forest-change,https://storage.googleapis.com/earthenginepartners-hansen/GFC-2023-v1.11/download.html,"Standard forest cover/loss product (OEF catalog: `hansen_forest_change`, `hansen_treecover2000`).",Dryland/argan systems may be poorly captured as ‘forest’.,High,International modeled
Natural vegetation cover,MAR-A020,MAR-A020-CCRA-027,ESA WorldCover / Dynamic World land cover,ESA / Google+WRI (Dynamic World),Hybrid,Natural vegetation cover and land-cover context,CCRA-027,Biodiversity; Hydrogeological Disasters,Droughts; Heatwaves; Landslides,Exposure; Vulnerability,Global (incl. Morocco),10 m,modeled_grid,present,Annual / near-real-time (DW),Product cadence,GeoTIFF / GEE,Open,Open (see product),Yes,https://esa-worldcover.org/,https://developers.google.com/earth-engine/datasets/catalog/GOOGLE_DYNAMICWORLD_V1,Land-cover rasters for natural vegetation and agricultural land proxies.,Class confusion in mosaic landscapes; not a biodiversity intactness metric.,High,International modeled
Population density,MAR-A001,MAR-A001-CCRA-028,"RGPH 2024 — résultats interactifs (démographie, habitat, services)",Haut-Commissariat au Plan (HCP),Hybrid,Population counts/structure; housing conditions; access to basic services proxies usable for exposure and vulnerability,CCRA-028,Energy Security; Food Security; Hydrogeological Disasters; Infrastructures; Public Health; Water Resources,Diseases; Droughts; Floods; Heatwaves; Landslides; Sea level rise,Exposure,Morocco,Commune / prefecture-province (interactive tables & maps; finest published unit varies by theme),city_or_municipality,present,2024 census,Census cycle (~10 years) + thematic releases,Interactive web / downloadable tables (theme-dependent),Open,Not fully stated (public HCP results),No,https://resultats2024.rgphapps.ma/,https://www.hcp.ma/Plateforme-interactive-du-RGPH-2024_a4026.html,"Official 2024 census results platform with demographic, education, employment and housing-condition indicators.",Not a bulk city-grid API; commune extracts may require manual download; income/poverty often via separate HCP products.,High,Primary official
Population density,MAR-A003,MAR-A003-CCRA-028,Morocco COD-AB — subnational administrative boundaries (ADM0–ADM2),OCHA / HDX (source: HCP),Boundary,Admin boundaries for city AOI clipping and ADM2 aggregation of exposure/vulnerability,CCRA-028,Energy Security; Food Security; Hydrogeological Disasters; Infrastructures; Public Health; Water Resources,Diseases; Droughts; Floods; Heatwaves; Landslides; Sea level rise,Exposure,Morocco (+ Western Sahara note on HDX),ADM1 (10) / ADM2 (69),state_or_province,n/a,COD version maintained (reviewed 2024),As COD updates,SHP / GeoJSON,Open,CC BY 3.0 IGO (HDX),Yes (HDX),https://data.humdata.org/dataset/cod-ab-mar,https://data.humdata.org/dataset/cod-ab-mar,Common Operational Dataset administrative boundaries for Morocco used widely for humanitarian and risk analysis.,ADM2 is province/prefecture — coarser than commune for many city CCRA screens; commune geometries need HCP/other sources.,High,Secondary official
Population density,MAR-A004,MAR-A004-CCRA-028,"WorldPop constrained population counts (MAR, ~100 m, 2015–2030)",WorldPop / University of Southampton (via HDX),Exposure,Gridded population for population density and people exposure,CCRA-028,Energy Security; Food Security; Hydrogeological Disasters; Infrastructures; Public Health; Water Resources,Diseases; Droughts; Floods; Heatwaves; Landslides; Sea level rise,Exposure,Morocco,~100 m raster,modeled_grid,present;2030,2015–2030 annual grids (R2025A),Product releases,GeoTIFF,Open,CC BY 4.0 (typical WorldPop),Yes (WorldPop hub / HDX),https://data.humdata.org/dataset/worldpop-population-counts-2015-2030-mar,https://hub.worldpop.org/,Dasymetric constrained population grids usable for city AOI density and flood/heat exposure overlays.,Modeled; not official census microgeography. Age-sex structures available as separate WorldPop products.,High,International modeled
Population density,MAR-A006,MAR-A006-CCRA-028,GHSL Population Grid (GHS-POP),European Commission JRC,Exposure,Alternate global population grid for density / exposure,CCRA-028,Energy Security; Food Security; Hydrogeological Disasters; Infrastructures; Public Health; Water Resources,Diseases; Droughts; Floods; Heatwaves; Landslides; Sea level rise,Exposure,Global (incl. Morocco),100 m / 1 km products,modeled_grid,present,Multi-epoch GHSL releases,GHSL release cycle,GeoTIFF,Open,Commission reuse / open (see JRC),Yes (GEE / download),https://human-settlement.emergency.copernicus.eu/,https://ghsl.jrc.ec.europa.eu/,Global settlement population grids already used in OEF geospatial catalog (`ghsl_population`).,Global model; less local demographic richness than RGPH/WorldPop age structures.,High,International modeled
Population density,MAR-A007,MAR-A007-CCRA-028,"Morocco — Risk Assessment Indicators (HeiGIT GAIA / HDX, ADM2)",HeiGIT (via HDX),Hybrid,"ADM2 demographics, vulnerability, facilities, flood exposure composites",CCRA-028,Energy Security; Food Security; Hydrogeological Disasters; Infrastructures; Public Health; Water Resources,Diseases; Droughts; Floods; Heatwaves; Landslides; Sea level rise,Exposure,Morocco,Admin level 2,state_or_province,present,Pipeline build from WorldPop/OSM/GEE (published on HDX),As publisher refreshes,CSV,Open,See HDX dataset,Yes (HDX),https://data.humdata.org/dataset/morocco---risk-assessment-indicators,https://data.humdata.org/dataset/morocco---risk-assessment-indicators,Pre-aggregated risk-assessment indicators including flood exposure at 30 cm depth for multiple return periods.,"Province/prefecture grain — useful screening, not intra-city hotspots.",Medium,Research/NGO
Population density,MAR-A038,MAR-A038-CCRA-028,OEF Flood Risk Score H×E×V (city screening),Open Earth Foundation (geospatial-data / flood_risk),Hybrid,Composite flood risk R=(H×E×V)^(1/3) combining OEF flood hazard with city exposure & vulnerability,CCRA-028,Energy Security; Food Security; Hydrogeological Disasters; Infrastructures; Public Health; Water Resources,Diseases; Droughts; Floods; Heatwaves; Landslides; Sea level rise,Exposure,City AOI (published POA/MN). Runnable for MAR once H + local E/V exist.,~250 m (matches flood hazard grid),modeled_grid,present,Static composite from current H + E/V,Per city pipeline run,COG + tiles + optional zonal vector,Internal catalog/S3 when published,CC BY 4.0,Tiles/COG when published,https://github.com/Open-Earth-Foundation/geospatial-data/tree/main/transformation/flood_risk,https://github.com/Open-Earth-Foundation/geospatial-data/blob/main/docs/ccra_pipeline_architecture.md,"OEF flood risk screening product. Catalog examples: poa_flood_risk, plymouth_flood_risk. For MAR, E/V would use HCP/WorldPop analogues rather than ACS/IBGE.","Screening composite, not IPCC full risk or loss. MAR E/V inputs need local adaptation (RGPH/WorldPop).",High,OEF derived screening
Population density,MAR-A039,MAR-A039-CCRA-028,OEF Heat Risk Score H×E×V (city screening),Open Earth Foundation (geospatial-data / heat_risk),Hybrid,Composite heat risk R=(H×E×V)^(1/3),CCRA-028,Energy Security; Food Security; Hydrogeological Disasters; Infrastructures; Public Health; Water Resources,Diseases; Droughts; Floods; Heatwaves; Landslides; Sea level rise,Exposure,City AOI (published POA/MN). Runnable for MAR cities.,~250 m,modeled_grid,present,Static composite,Per city pipeline run,COG + tiles + optional zonal vector,Internal catalog/S3 when published,CC BY 4.0,Tiles/COG when published,https://github.com/Open-Earth-Foundation/geospatial-data/tree/main/transformation/heat_risk,https://github.com/Open-Earth-Foundation/geospatial-data/blob/main/docs/ccra_pipeline_architecture.md,"OEF heat risk screening. Catalog: poa_heat_risk, plymouth_heat_risk, …",Depends on heat hazard season config + local E/V for MAR.,High,OEF derived screening
Population density,MAR-A040,MAR-A040-CCRA-028,OEF Landslide Risk Score H×E×V (city screening),Open Earth Foundation (geospatial-data / landslide_risk),Hybrid,Composite landslide risk R=(H×E×V)^(1/3),CCRA-028,Energy Security; Food Security; Hydrogeological Disasters; Infrastructures; Public Health; Water Resources,Diseases; Droughts; Floods; Heatwaves; Landslides; Sea level rise,Exposure,City AOI (published POA/MN). Runnable for MAR cities.,~90 m,modeled_grid,present,Static composite,Per city pipeline run,COG + tiles + optional zonal vector,Internal catalog/S3 when published,CC BY 4.0,Tiles/COG when published,https://github.com/Open-Earth-Foundation/geospatial-data/tree/main/transformation/landslide_risk,https://github.com/Open-Earth-Foundation/geospatial-data/blob/main/docs/ccra_pipeline_architecture.md,"OEF landslide risk screening. Catalog: poa_landslide_risk, plymouth_landslide_risk, …",Non-zero risk mainly on slopes ≥15° with populated E. MAR E/V adaptation required.,High,OEF derived screening
Population density,MAR-A041,MAR-A041-CCRA-028,OEF shared city Exposure score (population density screening),Open Earth Foundation (geospatial-data CCRA E layer),Exposure,Shared people-exposure score reused across flood/heat/landslide risk,CCRA-028,Energy Security; Food Security; Hydrogeological Disasters; Infrastructures; Public Health; Water Resources,Diseases; Droughts; Floods; Heatwaves; Landslides; Sea level rise,Exposure,City AOI (POA uses IBGE/GHSL-style; MN uses ACS; MAR would use WorldPop/GHSL/RGPH),City grid / neighborhood polygons burned to hazard grid,modeled_grid,present,Aligned to local census/population product,Per city pipeline run,COG / GPKG,Internal when published,CC BY 4.0 (product); source licenses vary,When published,https://github.com/Open-Earth-Foundation/geospatial-data/blob/main/collections/layers.yaml,https://github.com/Open-Earth-Foundation/geospatial-data/blob/main/docs/ccra_pipeline_architecture.md,"OEF shared exposure score (layer_id exposure_score / city products like poa_exposure, plymouth_exposure) feeding all hazard risk composites.",MAR needs explicit E source choice (WorldPop vs RGPH commune dasymetric).,High,OEF derived screening
Port infrastructures,MAR-A018,MAR-A018-CCRA-029,NASA / IPCC sea-level change & coastal elevation proxies,NASA Sea Level Change / IPCC projections (+ CoastalDEM/NASADEM),Hazard,Sea-level change present/2030/2050 and low-elevation coastal exposure inputs,CCRA-029,Infrastructures,Sea level rise,Exposure,Global coasts (incl. Moroccan Atlantic/Mediterranean),Gridded projections / coastal DEM,modeled_grid,present;2030;2050,Projection horizons + DEM epoch,Assessment cycles,NetCDF / GeoTIFF,Open,See NASA/IPCC,Yes,https://sealevel.nasa.gov/,https://sealevel.nasa.gov/data_tools/,"Global SLR projections combined with coastal DEM for city coastal screening (Tangier, Casablanca, Rabat, Agadir).","Local subsidence, coastal defense, and port engineering not included; Moroccan national coastal hazard GIS not found as open bulk.",Medium,International modeled
Port infrastructures,MAR-A027,MAR-A027-CCRA-029,"OpenStreetMap — roads, railways, ports, health facilities, buildings",OpenStreetMap contributors,Exposure,Road/rail density; ports; health facility points; buildings for hazard-prone households proxy,CCRA-029,Infrastructures,Sea level rise,Exposure,Morocco,Vector features,facility_or_asset,present,Continuous,Continuous,PBF / GeoJSON extracts,Open,ODbL,Yes (Overpass),https://download.geofabrik.de/africa/morocco.html,https://wiki.openstreetmap.org/wiki/Morocco,Crowd-sourced infrastructure and POIs; primary open layer for road/rail/port/health density.,Completeness uneven; health facility tagging incomplete vs Ministry of Health master list.,Medium,Research/NGO
Port infrastructures,MAR-A029,MAR-A029-CCRA-029,Statistiques de trafic portuaire / infrastructures portuaires (ANP / équipement),Agence Nationale des Ports / Ministère de l’Équipement,Exposure,Port infrastructure activity and locations (coastal SLR exposure context),CCRA-029,Infrastructures,Sea level rise,Exposure,Moroccan ports,Port / facility,facility_or_asset,present,Annual/quarterly stats,Periodic reports,PDF / tables (GIS limited),Open (reports),Not identified,No,https://www.anp.org.ma/,https://www.equipement.gov.ma/,Official port statistics and operator reports; useful to locate major port assets on the coast.,Activity stats ≠ GIS footprint; pair with OSM/ANP maps for geometry.,Medium,Primary official
Power generation facilities,MAR-A028,MAR-A028-CCRA-030,Global Power Plant Database / WRI energy infrastructure,WRI,Exposure,Power generation facility points,CCRA-030,Energy Security,Droughts; Heatwaves,Exposure,Global (incl. Morocco),Facility points,facility_or_asset,present,Database vintage,Periodic,CSV / GeoJSON,Open,CC BY 4.0,Yes,https://datasets.wri.org/dataset/globalpowerplantdatabase,https://datasets.wri.org/dataset/globalpowerplantdatabase,Geolocated power plants for energy-security exposure under heat/drought.,May miss small distributed generation; ONEE plant list not fully open as GIS.,High,International modeled
Protected areas,MAR-A021,MAR-A021-CCRA-031,World Database on Protected Areas (WDPA),UNEP-WCMC / IUCN,Exposure,Protected areas polygons,CCRA-031,Biodiversity,Droughts; Heatwaves,Exposure,Global (incl. Morocco),Protected-area polygons,facility_or_asset,present,Continuous updates,Monthly-ish,SHP / FileGDB,Open (registration),WDPA terms,Yes,https://www.protectedplanet.net/,https://www.protectedplanet.net/en/thematic-areas/wdpa,"Global protected areas database covering Moroccan national parks, reserves, Ramsar, etc.",National ANEF SIPN may be richer but not fully open; WDPA completeness varies.,High,International modeled
Railroad density,MAR-A027,MAR-A027-CCRA-032,"OpenStreetMap — roads, railways, ports, health facilities, buildings",OpenStreetMap contributors,Exposure,Road/rail density; ports; health facility points; buildings for hazard-prone households proxy,CCRA-032,Infrastructures,Erosions; Heatwave; Landslides,Exposure,Morocco,Vector features,facility_or_asset,present,Continuous,Continuous,PBF / GeoJSON extracts,Open,ODbL,Yes (Overpass),https://download.geofabrik.de/africa/morocco.html,https://wiki.openstreetmap.org/wiki/Morocco,Crowd-sourced infrastructure and POIs; primary open layer for road/rail/port/health density.,Completeness uneven; health facility tagging incomplete vs Ministry of Health master list.,Medium,Research/NGO
Relative humidity,MAR-A013,MAR-A013-CCRA-033,"ERA5-Land extreme temperature / heatwave indices (TXx, TX90p, HWM, …)",ECMWF / Copernicus (OEF transformations available),Hazard,Maximum temperature and heatwave magnitude proxies (present + scenario derivatives in OEF),CCRA-033,Public Health,Diseases,Hazard,Global (incl. Morocco),~0.1° reanalysis,modeled_grid,present;2030;2050,1950–present reanalysis; OEF has future HWM slices,CDS updates,NetCDF / GeoTIFF,Open (CDS),Copernicus licence,Yes (CDS),https://cds.climate.copernicus.eu/,https://cds.climate.copernicus.eu/,Reanalysis temperature/humidity fields and derived heat indices used in OEF heat hazard stacks.,Coarse vs urban heat islands; relative humidity fields need careful variable selection.,High,International modeled
Relative humidity,MAR-A015,MAR-A015-CCRA-033,DGM / Direction Générale de la Météorologie — station climate & drought indices (SPI/SPEI),Direction Générale de la Météorologie (Maroc),Hazard,Official station precip/temp and operational drought indices,CCRA-033,Public Health,Diseases,Hazard,Morocco (station network),Synoptic/automatic stations (point),facility_or_asset,present,Multi-decade station series (variable),Operational,Internal/stakeholder products; limited bulk open download,Restricted / request-based,Not identified,No public,https://www.marocmeteo.ma/,https://www.marocmeteo.ma/,National met authority producing SPI/SPEI and seasonal forecasts for agriculture/water stakeholders.,Not a city-ready open raster portal; critical authoritative source but weak public microdata.,High,Primary official
Road density,MAR-A024,MAR-A024-CCRA-034,"Indicateurs sectoriels (agriculture, énergie, eau, transport…) — data.gov.ma",Portail Open Data Maroc (sources administratives),Hybrid,"National sector indicators: precip means, crops, livestock, energy balance, water, roads",CCRA-034,Infrastructures,Erosions; Heatwave; Landslides,Exposure,Morocco,National (some series),national,present,~2012–2022 workbook,Irregular batches,XLSX,Open,ODbL (stated),Unknown (CKAN),https://www.data.gov.ma/data/dataset/indicateurs-sectoriels-2012-2022,https://www.data.gov.ma/,"National open workbook of sectoral indicators including agriculture, energy, water and transport proxies.",Mostly national aggregates — needs downscaling for city CCRA.,High,Primary official
Road density,MAR-A027,MAR-A027-CCRA-034,"OpenStreetMap — roads, railways, ports, health facilities, buildings",OpenStreetMap contributors,Exposure,Road/rail density; ports; health facility points; buildings for hazard-prone households proxy,CCRA-034,Infrastructures,Erosions; Heatwave; Landslides,Exposure,Morocco,Vector features,facility_or_asset,present,Continuous,Continuous,PBF / GeoJSON extracts,Open,ODbL,Yes (Overpass),https://download.geofabrik.de/africa/morocco.html,https://wiki.openstreetmap.org/wiki/Morocco,Crowd-sourced infrastructure and POIs; primary open layer for road/rail/port/health density.,Completeness uneven; health facility tagging incomplete vs Ministry of Health master list.,Medium,Research/NGO
Sea Level change,MAR-A018,MAR-A018-CCRA-035,NASA / IPCC sea-level change & coastal elevation proxies,NASA Sea Level Change / IPCC projections (+ CoastalDEM/NASADEM),Hazard,Sea-level change present/2030/2050 and low-elevation coastal exposure inputs,CCRA-035,Infrastructures,Sea level rise,Hazard,Global coasts (incl. Moroccan Atlantic/Mediterranean),Gridded projections / coastal DEM,modeled_grid,present;2030;2050,Projection horizons + DEM epoch,Assessment cycles,NetCDF / GeoTIFF,Open,See NASA/IPCC,Yes,https://sealevel.nasa.gov/,https://sealevel.nasa.gov/data_tools/,"Global SLR projections combined with coastal DEM for city coastal screening (Tangier, Casablanca, Rabat, Agadir).","Local subsidence, coastal defense, and port engineering not included; Moroccan national coastal hazard GIS not found as open bulk.",Medium,International modeled
Standardized Precipitation Evapotranspiration Index (SPEI),MAR-A014,MAR-A014-CCRA-036,SPEIbase / global SPEI gridded drought index,CSIC / SPEI project (and equivalents from ERA5/CHIRPS workflows),Hazard,SPEI drought index (duration/severity/frequency),CCRA-036,Biodiversity; Energy Security; Food Security; Water Resources,Droughts,Hazard,Global land (incl. Morocco),0.5° (SPEIbase) or custom from ERA5/CHIRPS,modeled_grid,present,Multi-decadal monthly,SPEIbase releases / recompute,NetCDF,Open,See SPEIbase,Yes,https://spei.csic.es/database.html,https://spei.csic.es/,Standard SPEI product; Morocco research commonly recomputes SPEI from ERA5/CHIRPS when finer grain needed.,SPEIbase coarse for city AOI; prefer locally computed SPEI from CHIRPS+PET for city screens. DGM produces SPI/SPEI operationally but not as open national grids.,High,International modeled
Standardized Precipitation Evapotranspiration Index (SPEI),MAR-A015,MAR-A015-CCRA-036,DGM / Direction Générale de la Météorologie — station climate & drought indices (SPI/SPEI),Direction Générale de la Météorologie (Maroc),Hazard,Official station precip/temp and operational drought indices,CCRA-036,Biodiversity; Energy Security; Food Security; Water Resources,Droughts,Hazard,Morocco (station network),Synoptic/automatic stations (point),facility_or_asset,present,Multi-decade station series (variable),Operational,Internal/stakeholder products; limited bulk open download,Restricted / request-based,Not identified,No public,https://www.marocmeteo.ma/,https://www.marocmeteo.ma/,National met authority producing SPI/SPEI and seasonal forecasts for agriculture/water stakeholders.,Not a city-ready open raster portal; critical authoritative source but weak public microdata.,High,Primary official
Total precipitation,MAR-A012,MAR-A012-CCRA-037,"CHIRPS extreme precipitation indices (Rx5day, R90p/R95p/R99p) + climatology",UCSB Climate Hazards Center / CHIRPS (OEF transformations available),Hazard,Rx5day and related extreme precip indices for drought/flood climatic drivers,CCRA-037,Food Security,Floods,Hazard,Global land (incl. Morocco),~0.05° raster,modeled_grid,present,1981–present daily; derived annual extremes,Near real-time CHIRPS,GeoTIFF / NetCDF,Open,Open (CHIRPS),Yes,https://www.chc.ucsb.edu/data/chirps,https://www.chc.ucsb.edu/data/chirps,Satellite-station blended precip widely validated for Morocco drought monitoring; OEF catalog has Rx5day derivatives.,Satellite product bias in mountains; not DGM station truth.,High,International modeled
Total precipitation,MAR-A015,MAR-A015-CCRA-037,DGM / Direction Générale de la Météorologie — station climate & drought indices (SPI/SPEI),Direction Générale de la Météorologie (Maroc),Hazard,Official station precip/temp and operational drought indices,CCRA-037,Food Security,Floods,Hazard,Morocco (station network),Synoptic/automatic stations (point),facility_or_asset,present,Multi-decade station series (variable),Operational,Internal/stakeholder products; limited bulk open download,Restricted / request-based,Not identified,No public,https://www.marocmeteo.ma/,https://www.marocmeteo.ma/,National met authority producing SPI/SPEI and seasonal forecasts for agriculture/water stakeholders.,Not a city-ready open raster portal; critical authoritative source but weak public microdata.,High,Primary official
Total precipitation,MAR-A024,MAR-A024-CCRA-037,"Indicateurs sectoriels (agriculture, énergie, eau, transport…) — data.gov.ma",Portail Open Data Maroc (sources administratives),Hybrid,"National sector indicators: precip means, crops, livestock, energy balance, water, roads",CCRA-037,Food Security,Floods,Hazard,Morocco,National (some series),national,present,~2012–2022 workbook,Irregular batches,XLSX,Open,ODbL (stated),Unknown (CKAN),https://www.data.gov.ma/data/dataset/indicateurs-sectoriels-2012-2022,https://www.data.gov.ma/,"National open workbook of sectoral indicators including agriculture, energy, water and transport proxies.",Mostly national aggregates — needs downscaling for city CCRA.,High,Primary official
Urban infrastructure social vulnerability,MAR-A001,MAR-A001-CCRA-038,"RGPH 2024 — résultats interactifs (démographie, habitat, services)",Haut-Commissariat au Plan (HCP),Hybrid,Population counts/structure; housing conditions; access to basic services proxies usable for exposure and vulnerability,CCRA-038,Infrastructures,Erosions; Heatwave; Landslides; Sea level rise,Exposure,Morocco,Commune / prefecture-province (interactive tables & maps; finest published unit varies by theme),city_or_municipality,present,2024 census,Census cycle (~10 years) + thematic releases,Interactive web / downloadable tables (theme-dependent),Open,Not fully stated (public HCP results),No,https://resultats2024.rgphapps.ma/,https://www.hcp.ma/Plateforme-interactive-du-RGPH-2024_a4026.html,"Official 2024 census results platform with demographic, education, employment and housing-condition indicators.",Not a bulk city-grid API; commune extracts may require manual download; income/poverty often via separate HCP products.,High,Primary official
Urban infrastructure social vulnerability,MAR-A002,MAR-A002-CCRA-038,Cartographie de la pauvreté multidimensionnelle (Mai 2025),Haut-Commissariat au Plan (HCP),Vulnerability,Multidimensional poverty / deprivation mapping as income & social-vulnerability proxy,CCRA-038,Infrastructures,Erosions; Heatwave; Landslides; Sea level rise,Exposure,Morocco,Commune / quartier urbain / douar (as published in mapping products),neighborhood_or_small_area,present,Based on RGPH 2024 (+ prior dynamics),Ad hoc analytical releases,PDF report + associated local indicators (machine-readable GIS not always published),Open (report); GIS extract may be restricted/unpublished,Not identified,No,https://www.hcp.ma/Cartographie-de-la-pauvrete-multidimensionnelle-paysage-territorial-et-dynamique-Mai-2025_a4113.html,https://www.hcp.ma/Cartographie-de-la-pauvrete-multidimensionnelle-paysage-territorial-et-dynamique-Mai-2025_a4113.html,HCP multidimensional poverty cartography aiming at fine local deprivation pockets beyond monetary poverty.,Primary public artifact is analytical report; ready-to-use commune GIS layers not consistently open.,High,Primary official
Urban infrastructure social vulnerability,MAR-A027,MAR-A027-CCRA-038,"OpenStreetMap — roads, railways, ports, health facilities, buildings",OpenStreetMap contributors,Exposure,Road/rail density; ports; health facility points; buildings for hazard-prone households proxy,CCRA-038,Infrastructures,Erosions; Heatwave; Landslides; Sea level rise,Exposure,Morocco,Vector features,facility_or_asset,present,Continuous,Continuous,PBF / GeoJSON extracts,Open,ODbL,Yes (Overpass),https://download.geofabrik.de/africa/morocco.html,https://wiki.openstreetmap.org/wiki/Morocco,Crowd-sourced infrastructure and POIs; primary open layer for road/rail/port/health density.,Completeness uneven; health facility tagging incomplete vs Ministry of Health master list.,Medium,Research/NGO
Urban infrastructure social vulnerability,MAR-A032,MAR-A032-CCRA-038,Microsoft Building Footprints / Google Open Buildings (MAR coverage),Microsoft / Google,Exposure,Building footprints for households in hazard-prone areas (∩ flood/landslide/SLR),CCRA-038,Infrastructures,Erosions; Heatwave; Landslides; Sea level rise,Exposure,Morocco (model coverage),Building polygons,facility_or_asset,present,Model vintage,Product versions,GeoJSON / Parquet,Open,ODbL / CDLA (product-dependent),Yes,https://github.com/microsoft/GlobalMLBuildingFootprints,https://sites.research.google/open-buildings/,ML building footprints to intersect with hazard masks for physical exposure.,Not official cadastre; occupancy/household counts need population dasymetrics.,Medium,International modeled
Urban infrastructure social vulnerability,MAR-A042,MAR-A042-CCRA-038,OEF shared city Vulnerability score (age/social screening),Open Earth Foundation (geospatial-data CCRA V layer),Vulnerability,Shared vulnerability score (sensitive ages / social composite) for risk screening,CCRA-038,Infrastructures,Erosions; Heatwave; Landslides; Sea level rise,Exposure,City AOI (POA IBGE; MN ACS; MAR → RGPH/WorldPop age + poverty proxies),Neighborhood / block-group polygons burned to hazard grid,neighborhood_or_small_area,present,Aligned to local socioeconomic source,Per city pipeline run,COG / GPKG,Internal when published,CC BY 4.0 (product); source licenses vary,When published,https://github.com/Open-Earth-Foundation/geospatial-data/blob/main/collections/layers.yaml,https://github.com/Open-Earth-Foundation/geospatial-data/blob/main/docs/ccra_pipeline_architecture.md,"OEF shared vulnerability score (e.g. poa_vulnerability, plymouth_vulnerability) combined with H and E into risk.",Indicator composition is site-specific; MAR should map to Age Distribution + income/poverty from HCP.,High,OEF derived screening
Urban stormwater drainage coverage,MAR-A043,MAR-A043-CCRA-039,OEF Flood / Heat / Landslide mechanism-type layers (NbS screening),Open Earth Foundation (models/nbs_*_mechanism_type),Hazard,Dominant mechanism class per cell (riverine/pluvial/…; UHI/shade; slope/rainfall…) supporting hazard interpretation,CCRA-039,Hydrogeological Disasters,Floods,Vulnerability,City AOI (published POA + MN mechanism layers). Runnable for MAR.,~250 m (flood/heat) / ~90 m (landslide),modeled_grid,present,Static screening classification,Per city NbS screening run,Categorical COG + GeoJSON QA,Internal catalog/S3 when published,CC BY 4.0,Tiles/COG when published,https://github.com/Open-Earth-Foundation/geospatial-data/tree/main/transformation/nbs_screening,https://github.com/Open-Earth-Foundation/geospatial-data/blob/main/collections/layers.yaml,"OEF mechanism-type rasters for flood, heat, and landslide (catalog: poa_*_mechanism_type, plymouth_*, …). Flood drainage_constrained class is a proxy until municipal drainage data exists — relevant to CCRA-039 gap.",Screening classification only. Drainage-constrained remains a proxy (ties to stormwater coverage gap).,Medium,OEF derived screening
Urban stormwater drainage coverage,NO-COVERAGE-CCRA-039,NO-COVERAGE-CCRA-039,No suitable dataset identified,n/a,Gap,No suitable public dataset identified in this pass,CCRA-039,Hydrogeological Disasters,Floods,Vulnerability,Morocco,n/a,unknown,n/a,n/a,n/a,n/a,n/a,n/a,n/a,,,"Explicit gap after searching national portals, HCP, ABH/DGM, HDX, and standard global rasters.",May exist inside restricted agency systems or municipal GIS not published.,Medium,Gap
Waste Collection,MAR-A001,MAR-A001-CCRA-040,"RGPH 2024 — résultats interactifs (démographie, habitat, services)",Haut-Commissariat au Plan (HCP),Hybrid,Population counts/structure; housing conditions; access to basic services proxies usable for exposure and vulnerability,CCRA-040,Public Health,Diseases,Vulnerability,Morocco,Commune / prefecture-province (interactive tables & maps; finest published unit varies by theme),city_or_municipality,present,2024 census,Census cycle (~10 years) + thematic releases,Interactive web / downloadable tables (theme-dependent),Open,Not fully stated (public HCP results),No,https://resultats2024.rgphapps.ma/,https://www.hcp.ma/Plateforme-interactive-du-RGPH-2024_a4026.html,"Official 2024 census results platform with demographic, education, employment and housing-condition indicators.",Not a bulk city-grid API; commune extracts may require manual download; income/poverty often via separate HCP products.,High,Primary official
Water security index,MAR-A024,MAR-A024-CCRA-041,"Indicateurs sectoriels (agriculture, énergie, eau, transport…) — data.gov.ma",Portail Open Data Maroc (sources administratives),Hybrid,"National sector indicators: precip means, crops, livestock, energy balance, water, roads",CCRA-041,Water Resources,Droughts,Vulnerability,Morocco,National (some series),national,present,~2012–2022 workbook,Irregular batches,XLSX,Open,ODbL (stated),Unknown (CKAN),https://www.data.gov.ma/data/dataset/indicateurs-sectoriels-2012-2022,https://www.data.gov.ma/,"National open workbook of sectoral indicators including agriculture, energy, water and transport proxies.",Mostly national aggregates — needs downscaling for city CCRA.,High,Primary official
Water security index,MAR-A033,MAR-A033-CCRA-041,WRI Aqueduct Water Risk / water security composites,World Resources Institute,Vulnerability,Water security / water risk composite proxy,CCRA-041,Water Resources,Droughts,Vulnerability,Global (incl. Morocco),Basin / sub-basin raster or polygons,modeled_grid,present;2030;2050,Aqueduct versions,Product versions,SHP / raster tools,Open,See WRI,Yes,https://www.wri.org/aqueduct,https://www.wri.org/aqueduct,Global water-risk framework usable as water-security index proxy when no national open index exists.,Not Morocco’s official water-security index; ABH local water accounts richer but fragmented.,Medium,International modeled
